ccn,hospital_name,city,state_abbrev,state_name,hospital_type,ownership,rural_urban,beds,last_year,last_margin,last_net_income,last_revenue,loss_years,loss_band,loss_band_order,hospital_label,state_rank,state_peers,state_median_margin,us_median_margin
010001,Southeast Health Medical Center,Dothan,AL,Alabama,General hospital,Government,Urban,345.0,2023,0.0506,23982132.0,473960946.0,0,Made money,0,"Southeast Health Medical Center (Dothan, AL)",26,83,0.0026,0.0446
010005,Marshall Medical Centers South,Boaz,AL,Alabama,General hospital,Government,Rural,182.0,2023,0.0169,3848332.0,228048356.0,0,Made money,0,"Marshall Medical Centers South (Boaz, AL)",36,83,0.0026,0.0446
010006,North Alabama Medical Center,Florence,AL,Alabama,General hospital,For-profit,Urban,223.0,2023,0.0192,5164909.0,269573181.0,0,Made money,0,"North Alabama Medical Center (Florence, AL)",33,83,0.0026,0.0446
010007,Mizell Memorial Hospital,Opp,AL,Alabama,General hospital,Government,Rural,45.0,2023,-0.0693,-1691243.0,24398487.0,1,1 year,1,"Mizell Memorial Hospital (Opp, AL)",55,83,0.0026,0.0446
010008,Crenshaw Community Hospital,Luverne,AL,Alabama,General hospital,Government,Rural,29.0,2022,-0.3503,-3857648.0,11013273.0,2,2 years,2,"Crenshaw Community Hospital (Luverne, AL)",2,2,0.0026,0.0446
010011,St. Vincents East,Birmingham,AL,Alabama,General hospital,Nonprofit,Urban,280.0,2023,-0.0977,-24085319.0,246648940.0,4,3-4 years,3,"St. Vincents East (Birmingham, AL)",65,83,0.0026,0.0446
010012,Dekalb Regional Medical Center,Fort Payne,AL,Alabama,General hospital,For-profit,Rural,97.0,2023,-0.2577,-13743080.0,53340059.0,2,2 years,2,"Dekalb Regional Medical Center (Fort Payne, AL)",80,83,0.0026,0.0446
010016,Shelby Baptist Medical Center,Alabaster,AL,Alabama,General hospital,For-profit,Urban,212.0,2023,-0.0328,-5265217.0,160637002.0,1,1 year,1,"Shelby Baptist Medical Center (Alabaster, AL)",50,83,0.0026,0.0446
010018,Callahan Eye Foundation Hosp,Birmingham,AL,Alabama,General hospital,Government,Urban,6.0,2023,0.0333,3297028.0,98929248.0,0,Made money,0,"Callahan Eye Foundation Hosp (Birmingham, AL)",29,83,0.0026,0.0446
010019,Helen Keller Hospital,Sheffield,AL,Alabama,General hospital,Government,Urban,178.0,2023,-0.057,-6389646.0,112152553.0,2,2 years,2,"Helen Keller Hospital (Sheffield, AL)",54,83,0.0026,0.0446
010021,Dale Medical Center,Ozark,AL,Alabama,General hospital,Government,Rural,77.0,2023,0.0223,911086.0,40869859.0,0,Made money,0,"Dale Medical Center (Ozark, AL)",31,83,0.0026,0.0446
010022,Cherokee Medical Center,Centre,AL,Alabama,General hospital,Nonprofit,Rural,45.0,2023,0.0995,1598156.0,16068204.0,0,Made money,0,"Cherokee Medical Center (Centre, AL)",12,83,0.0026,0.0446
010023,Baptist Medical Center South,Montgomery,AL,Alabama,General hospital,Government,Urban,342.0,2023,0.1174,91333693.0,777931074.0,0,Made money,0,"Baptist Medical Center South (Montgomery, AL)",8,83,0.0026,0.0446
010024,Jackson Hospital And Clinic  Inc,Montgomery,AL,Alabama,General hospital,Nonprofit,Urban,278.0,2023,0.0073,2445946.0,334803003.0,0,Made money,0,"Jackson Hospital And Clinic  Inc (Montgomery, AL)",39,83,0.0026,0.0446
010029,East Alabama Medical Center,Opelika,AL,Alabama,General hospital,Government,Urban,265.0,2023,0.1039,50835005.0,489230656.0,0,Made money,0,"East Alabama Medical Center (Opelika, AL)",10,83,0.0026,0.0446
010033,University Of Alabama Hospital,Birmingham,AL,Alabama,General hospital,Government,Urban,1149.0,2023,0.0908,287450972.0,3167191312.0,0,Made money,0,"University Of Alabama Hospital (Birmingham, AL)",15,83,0.0026,0.0446
010034,Community Hospital Inc.,Tallassee,AL,Alabama,General hospital,Nonprofit,Urban,37.0,2023,-0.1641,-2860889.0,17430878.0,11,5+ years,4,"Community Hospital Inc. (Tallassee, AL)",75,83,0.0026,0.0446
010035,Cullman Regional,Cullman,AL,Alabama,General hospital,Government,Rural,162.0,2023,-0.0115,-2197501.0,191472647.0,1,1 year,1,"Cullman Regional (Cullman, AL)",48,83,0.0026,0.0446
010036,Andalusia Regional Hospital,Andalusia,AL,Alabama,General hospital,For-profit,Rural,83.0,2023,0.0538,3587048.0,66734358.0,0,Made money,0,"Andalusia Regional Hospital (Andalusia, AL)",24,83,0.0026,0.0446
010038,Stringfellow Memorial Hospital,Anniston,AL,Alabama,General hospital,Government,Urban,125.0,2021,-0.055,-2036419.0,37046330.0,4,3-4 years,3,"Stringfellow Memorial Hospital (Anniston, AL)",1,1,0.0026,0.0446
010039,Huntsville Hospital,Huntsville,AL,Alabama,General hospital,Government,Urban,904.0,2023,0.095,157690700.0,1660678871.0,0,Made money,0,"Huntsville Hospital (Huntsville, AL)",14,83,0.0026,0.0446
010040,Gadsden Regional Medical Center,Gadsden,AL,Alabama,General hospital,For-profit,Urban,175.0,2023,0.0588,9982263.0,169823089.0,0,Made money,0,"Gadsden Regional Medical Center (Gadsden, AL)",23,83,0.0026,0.0446
010044,Marion Regional Medical Center,Hamilton,AL,Alabama,General hospital,Nonprofit,Rural,36.0,2023,-0.2178,-4137989.0,18995488.0,13,5+ years,4,"Marion Regional Medical Center (Hamilton, AL)",79,83,0.0026,0.0446
010045,Fayette Medical Center,Fayette,AL,Alabama,General hospital,Government,Rural,35.0,2023,-0.3646,-8394882.0,23027736.0,1,1 year,1,"Fayette Medical Center (Fayette, AL)",81,83,0.0026,0.0446
010046,Riverview Regional Medical Center,Gadsden,AL,Alabama,General hospital,For-profit,Urban,256.0,2023,0.0201,2400192.0,119234066.0,0,Made money,0,"Riverview Regional Medical Center (Gadsden, AL)",32,83,0.0026,0.0446
010049,Medical Center Enterprise,Enterprise,AL,Alabama,General hospital,For-profit,Rural,89.0,2023,0.0849,5365917.0,63232047.0,0,Made money,0,"Medical Center Enterprise (Enterprise, AL)",16,83,0.0026,0.0446
010051,Greene County Hospital,Eutaw,AL,Alabama,General hospital,Government,Urban,20.0,2023,0.0523,667258.0,12767084.0,0,Made money,0,"Greene County Hospital (Eutaw, AL)",25,83,0.0026,0.0446
010052,Lake Martin Community Hospital,Dadeville,AL,Alabama,General hospital,For-profit,Rural,46.0,2023,-0.4911,-4506183.0,9175240.0,1,1 year,1,"Lake Martin Community Hospital (Dadeville, AL)",82,83,0.0026,0.0446
010055,Flowers Hospital,Dothan,AL,Alabama,General hospital,For-profit,Urban,194.0,2023,0.1575,38099642.0,241911404.0,0,Made money,0,"Flowers Hospital (Dothan, AL)",5,83,0.0026,0.0446
010056,St Vincents Birmingham,Birmingham,AL,Alabama,General hospital,Nonprofit,Urban,399.0,2023,-0.0551,-27430547.0,497383183.0,3,3-4 years,3,"St Vincents Birmingham (Birmingham, AL)",53,83,0.0026,0.0446
010058,Bibb Medical Center,Centreville,AL,Alabama,General hospital,Government,Urban,25.0,2023,0.1021,2881143.0,28228386.0,0,Made money,0,"Bibb Medical Center (Centreville, AL)",11,83,0.0026,0.0446
010059,Lawrence Medical Center,Moulton,AL,Alabama,General hospital,For-profit,Urban,43.0,2023,-0.1523,-2029549.0,13326324.0,13,5+ years,4,"Lawrence Medical Center (Moulton, AL)",71,83,0.0026,0.0446
010061,Highlands Medical Center,Scottsboro,AL,Alabama,General hospital,Government,Rural,45.0,2023,-0.1143,-6383373.0,55831464.0,2,2 years,2,"Highlands Medical Center (Scottsboro, AL)",67,83,0.0026,0.0446
010062,Wiregrass Medical Center,Geneva,AL,Alabama,General hospital,Government,Urban,33.0,2023,0.0464,1195221.0,25767017.0,0,Made money,0,"Wiregrass Medical Center (Geneva, AL)",27,83,0.0026,0.0446
010065,Russell Medical Center,Alexander City,AL,Alabama,General hospital,Nonprofit,Rural,45.0,2023,0.0052,445485.0,86353889.0,0,Made money,0,"Russell Medical Center (Alexander City, AL)",40,83,0.0026,0.0446
010069,Medical Center Barbour,Eufaula,AL,Alabama,General hospital,Government,Rural,30.0,2023,-0.0849,-1472106.0,17347325.0,2,2 years,2,"Medical Center Barbour (Eufaula, AL)",60,83,0.0026,0.0446
010073,Clay County Hospital,Ashland,AL,Alabama,General hospital,Government,Rural,46.0,2023,-0.0938,-1839815.0,19619576.0,2,2 years,2,"Clay County Hospital (Ashland, AL)",63,83,0.0026,0.0446
010078,Northeast Alabama Regional Med Ctr,Anniston,AL,Alabama,General hospital,Government,Urban,295.0,2023,-0.0051,-1178658.0,233211396.0,2,2 years,2,"Northeast Alabama Regional Med Ctr (Anniston, AL)",46,83,0.0026,0.0446
010079,Athens Limestone,Athens,AL,Alabama,General hospital,Government,Urban,66.0,2023,-0.0832,-8725170.0,104845874.0,2,2 years,2,"Athens Limestone (Athens, AL)",59,83,0.0026,0.0446
010083,South Baldwin Regional Medical Cente,Foley,AL,Alabama,General hospital,For-profit,Urban,108.0,2023,0.4028,74775683.0,185662470.0,0,Made money,0,"South Baldwin Regional Medical Cente (Foley, AL)",1,83,0.0026,0.0446
010085,Decatur Morgan - Decatur Campus,Decatur,AL,Alabama,General hospital,Government,Urban,310.0,2023,-0.0461,-9331432.0,202565138.0,2,2 years,2,"Decatur Morgan - Decatur Campus (Decatur, AL)",52,83,0.0026,0.0446
010086,Northwest Medical Center,Winfield,AL,Alabama,General hospital,Nonprofit,Rural,28.0,2023,0.0003,7077.0,27481364.0,0,Made money,0,"Northwest Medical Center (Winfield, AL)",44,83,0.0026,0.0446
010087,Usa Health University Hospital,Mobile,AL,Alabama,General hospital,Government,Urban,264.0,2023,0.0026,1074803.0,420682911.0,0,Made money,0,"Usa Health University Hospital (Mobile, AL)",41,83,0.0026,0.0446
010089,Walker Baptist Medical Center,Jasper,AL,Alabama,General hospital,For-profit,Rural,207.0,2023,0.1669,19949683.0,119507430.0,0,Made money,0,"Walker Baptist Medical Center (Jasper, AL)",3,83,0.0026,0.0446
010090,Providence Hospital,Mobile,AL,Alabama,General hospital,Nonprofit,Urban,349.0,2022,-0.029,-7319933.0,252254635.0,3,3-4 years,3,"Providence Hospital (Mobile, AL)",1,2,0.0026,0.0446
010091,Grove Hill Memorial Hospital,Grove Hill,AL,Alabama,General hospital,Government,Rural,21.0,2023,-0.0035,-53955.0,15569979.0,3,3-4 years,3,"Grove Hill Memorial Hospital (Grove Hill, AL)",45,83,0.0026,0.0446
010092,Dch Regional Medical Center,Tuscaloosa,AL,Alabama,General hospital,Government,Urban,398.0,2023,-0.0732,-43146324.0,589359912.0,3,3-4 years,3,"Dch Regional Medical Center (Tuscaloosa, AL)",58,83,0.0026,0.0446
010095,Hale County Hospital,Greensboro,AL,Alabama,General hospital,Government,Urban,28.0,2023,-0.087,-1012467.0,11644142.0,2,2 years,2,"Hale County Hospital (Greensboro, AL)",61,83,0.0026,0.0446
010097,Elmore Community Hospital,Wetumpka,AL,Alabama,General hospital,For-profit,Urban,33.0,2023,-0.1955,-2912669.0,14899896.0,2,2 years,2,"Elmore Community Hospital (Wetumpka, AL)",78,83,0.0026,0.0446
010099,D W Mcmillan Memorial Hospital,Brewton,AL,Alabama,General hospital,Government,Rural,46.0,2023,-0.1546,-5754742.0,37229852.0,2,2 years,2,"D W Mcmillan Memorial Hospital (Brewton, AL)",72,83,0.0026,0.0446
010100,Thomas Hospital,Fairhope,AL,Alabama,General hospital,Government,Urban,164.0,2023,0.0595,15507694.0,260525787.0,0,Made money,0,"Thomas Hospital (Fairhope, AL)",22,83,0.0026,0.0446
010101,Citizens Baptist Medical Center,Talladega,AL,Alabama,General hospital,For-profit,Rural,103.0,2023,0.0962,3405121.0,35399827.0,0,Made money,0,"Citizens Baptist Medical Center (Talladega, AL)",13,83,0.0026,0.0446
010102,John Paul Jones Hospital,Camden,AL,Alabama,General hospital,Government,Rural,21.0,2023,-0.0933,-533776.0,5721078.0,1,1 year,1,"John Paul Jones Hospital (Camden, AL)",62,83,0.0026,0.0446
010103,Princeton Baptist Medical Center,Birmingham,AL,Alabama,General hospital,For-profit,Urban,255.0,2023,0.0793,17259022.0,217643037.0,0,Made money,0,"Princeton Baptist Medical Center (Birmingham, AL)",18,83,0.0026,0.0446
010104,Grandview Medical Center,Birmingham,AL,Alabama,General hospital,For-profit,Urban,407.0,2023,0.1559,105081003.0,674017151.0,0,Made money,0,"Grandview Medical Center (Birmingham, AL)",7,83,0.0026,0.0446
010108,Prattville Baptist Hospital,Prattville,AL,Alabama,General hospital,Government,Urban,49.0,2023,-0.0957,-5770548.0,60299744.0,3,3-4 years,3,"Prattville Baptist Hospital (Prattville, AL)",64,83,0.0026,0.0446
010110,Bullock County Hospital,Union Springs,AL,Alabama,General hospital,For-profit,Rural,17.0,2023,-0.1609,-3911826.0,24306535.0,1,1 year,1,"Bullock County Hospital (Union Springs, AL)",74,83,0.0026,0.0446
010112,Whitfield Regional Hospital,Demopolis,AL,Alabama,General hospital,Government,Rural,47.0,2023,0.0074,380326.0,51176742.0,0,Made money,0,"Whitfield Regional Hospital (Demopolis, AL)",38,83,0.0026,0.0446
010113,Mobile Infirmary Medical Center,Mobile,AL,Alabama,General hospital,Nonprofit,Urban,521.0,2023,-0.1935,-92897882.0,480173566.0,5,5+ years,4,"Mobile Infirmary Medical Center (Mobile, AL)",77,83,0.0026,0.0446
010114,Uab Medical West,Bessemer,AL,Alabama,General hospital,Government,Urban,204.0,2023,0.0026,434893.0,166554135.0,0,Made money,0,"Uab Medical West (Bessemer, AL)",41,83,0.0026,0.0446
010118,Vaughan Regional Medical Center,Selma,AL,Alabama,General hospital,For-profit,Rural,109.0,2023,0.0183,1193433.0,65151019.0,0,Made money,0,"Vaughan Regional Medical Center (Selma, AL)",35,83,0.0026,0.0446
010120,Monroe County Hospital,Monroeville,AL,Alabama,General hospital,Government,Rural,46.0,2023,0.0103,284431.0,27672376.0,0,Made money,0,"Monroe County Hospital (Monroeville, AL)",37,83,0.0026,0.0446
010125,Lakeland Community Hospital,Haleyville,AL,Alabama,General hospital,Nonprofit,Rural,40.0,2023,-0.1102,-2192508.0,19887122.0,1,1 year,1,"Lakeland Community Hospital (Haleyville, AL)",66,83,0.0026,0.0446
010126,Troy Regional Medical Center,Troy,AL,Alabama,General hospital,Government,Rural,41.0,2023,0.0804,3811513.0,47394195.0,0,Made money,0,"Troy Regional Medical Center (Troy, AL)",17,83,0.0026,0.0446
010128,Jackson Medical Center,Jackson,AL,Alabama,General hospital,For-profit,Rural,35.0,2023,0.1141,1865479.0,16352811.0,0,Made money,0,"Jackson Medical Center (Jackson, AL)",9,83,0.0026,0.0446
010129,North Baldwin Infirmary,Bay Minette,AL,Alabama,General hospital,Nonprofit,Urban,58.0,2023,0.0288,2294600.0,79653345.0,0,Made money,0,"North Baldwin Infirmary (Bay Minette, AL)",30,83,0.0026,0.0446
010130,St. Vincents St. Clair,Pell City,AL,Alabama,General hospital,Nonprofit,Urban,40.0,2023,0.0631,2662279.0,42210152.0,0,Made money,0,"St. Vincents St. Clair (Pell City, AL)",20,83,0.0026,0.0446
010131,Crestwood Medical Center,Huntsville,AL,Alabama,General hospital,For-profit,Urban,159.0,2023,0.1574,41551116.0,263909144.0,0,Made money,0,"Crestwood Medical Center (Huntsville, AL)",6,83,0.0026,0.0446
010138,Hill Hospital Of Sumter County,York,AL,Alabama,General hospital,Government,Rural,33.0,2023,-0.0718,-331302.0,4613447.0,3,3-4 years,3,"Hill Hospital Of Sumter County (York, AL)",56,83,0.0026,0.0446
010139,Brookwood Baptist Medical Center,Birmingham,AL,Alabama,General hospital,For-profit,Urban,429.0,2023,-0.0059,-1910163.0,321190911.0,3,3-4 years,3,"Brookwood Baptist Medical Center (Birmingham, AL)",47,83,0.0026,0.0446
010144,Springhill Memorial Hospital,Mobile,AL,Alabama,General hospital,For-profit,Urban,189.0,2023,-0.0224,-5175097.0,231208524.0,1,1 year,1,"Springhill Memorial Hospital (Mobile, AL)",49,83,0.0026,0.0446
010148,Evergreen Medical Center,Evergreen,AL,Alabama,General hospital,For-profit,Rural,44.0,2023,-0.1575,-2257614.0,14335009.0,1,1 year,1,"Evergreen Medical Center (Evergreen, AL)",73,83,0.0026,0.0446
010149,Baptist Medical Center East,Montgomery,AL,Alabama,General hospital,Government,Urban,208.0,2023,0.0424,9089171.0,214466416.0,0,Made money,0,"Baptist Medical Center East (Montgomery, AL)",28,83,0.0026,0.0446
010150,Regional Medical Ctr Of Central Al,Greenville,AL,Alabama,General hospital,Government,Rural,44.0,2023,-0.0721,-1800218.0,24964365.0,2,2 years,2,"Regional Medical Ctr Of Central Al (Greenville, AL)",57,83,0.0026,0.0446
010157,Shoals Hospital,Muscle Shoals,AL,Alabama,General hospital,For-profit,Urban,47.0,2023,-0.1258,-5077648.0,40357391.0,5,5+ years,4,"Shoals Hospital (Muscle Shoals, AL)",69,83,0.0026,0.0446
010158,Russellville Hospital,Russellville,AL,Alabama,General hospital,Nonprofit,Rural,51.0,2023,-0.1256,-6186088.0,49237080.0,1,1 year,1,"Russellville Hospital (Russellville, AL)",68,83,0.0026,0.0446
010164,Coosa Valley Medical Center,Sylacauga,AL,Alabama,General hospital,Government,Rural,122.0,2023,0.0184,1679878.0,91545045.0,0,Made money,0,"Coosa Valley Medical Center (Sylacauga, AL)",34,83,0.0026,0.0446
010168,Jack Hughston Memorial Hospital,Phenix City,AL,Alabama,General hospital,For-profit,Urban,47.0,2023,0.0606,4904233.0,80948728.0,0,Made money,0,"Jack Hughston Memorial Hospital (Phenix City, AL)",21,83,0.0026,0.0446
010169,Atmore Community Hospital,Atmore,AL,Alabama,General hospital,Nonprofit,Rural,49.0,2023,-0.1673,-3358558.0,20073821.0,2,2 years,2,"Atmore Community Hospital (Atmore, AL)",76,83,0.0026,0.0446
010173,St. Vincents Chilton,Clanton,AL,Alabama,General hospital,Nonprofit,Urban,26.0,2023,0.1641,5397647.0,32896923.0,0,Made money,0,"St. Vincents Chilton (Clanton, AL)",4,83,0.0026,0.0446
010174,Thomasville Regional Medical Center,Thomasville,AL,Alabama,General hospital,For-profit,Rural,29.0,2023,-0.7377,-7484351.0,10144982.0,3,3-4 years,3,"Thomasville Regional Medical Center (Thomasville, AL)",83,83,0.0026,0.0446
011300,Washington County Hospital,Chatom,AL,Alabama,Critical access hospital (small rural),Government,Urban,15.0,2023,0.1727,3810106.0,22061501.0,0,Made money,0,"Washington County Hospital (Chatom, AL)",2,83,0.0026,0.0446
011302,Red Bay Hospital,Red Bay,AL,Alabama,Critical access hospital (small rural),Government,Rural,25.0,2023,-0.0434,-414759.0,9557244.0,2,2 years,2,"Red Bay Hospital (Red Bay, AL)",51,83,0.0026,0.0446
011304,Ochsner Choctaw General,Butler,AL,Alabama,Critical access hospital (small rural),Nonprofit,Rural,25.0,2023,0.0023,44316.0,19239875.0,0,Made money,0,"Ochsner Choctaw General (Butler, AL)",43,83,0.0026,0.0446
011305,St. Vincents Blount,Oneonta,AL,Alabama,Critical access hospital (small rural),Nonprofit,Urban,25.0,2023,-0.1397,-4542177.0,32520230.0,2,2 years,2,"St. Vincents Blount (Oneonta, AL)",70,83,0.0026,0.0446
011306,Tanner Medical Center Alabama  Inc.,Wedowee,AL,Alabama,Critical access hospital (small rural),Nonprofit,Rural,15.0,2023,0.0671,1318531.0,19657378.0,0,Made money,0,"Tanner Medical Center Alabama  Inc. (Wedowee, AL)",19,83,0.0026,0.0446
020001,Providence Alaska Medical Center,Anchorage,AK,Alaska,General hospital,Nonprofit,Urban,401.0,2023,0.2206,200029665.0,906782920.0,0,Made money,0,"Providence Alaska Medical Center (Anchorage, AK)",4,16,0.0648,0.0446
020006,Mat-Su Regional Med Ctr,Palmer,AK,Alaska,General hospital,For-profit,Urban,125.0,2023,0.2735,92084462.0,336729564.0,0,Made money,0,"Mat-Su Regional Med Ctr (Palmer, AK)",3,16,0.0648,0.0446
020008,Bartlett Regional Hospital,Juneau,AK,Alaska,General hospital,Government,Rural,45.0,2023,-0.0238,-3180438.0,133808891.0,1,1 year,1,"Bartlett Regional Hospital (Juneau, AK)",15,16,0.0648,0.0446
020012,Fairbanks Memorial,Fairbanks,AK,Alaska,General hospital,Nonprofit,Urban,122.0,2023,0.0347,11268601.0,324745890.0,0,Made money,0,"Fairbanks Memorial (Fairbanks, AK)",11,16,0.0648,0.0446
020017,Alaska Regional Hospital,Anchorage,AK,Alaska,General hospital,For-profit,Urban,170.0,2023,0.501,183194940.0,365694330.0,0,Made money,0,"Alaska Regional Hospital (Anchorage, AK)",1,16,0.0648,0.0446
020024,Central Peninsula General Hospital,Soldotna,AK,Alaska,General hospital,Nonprofit,Rural,49.0,2023,0.0641,16747201.0,261249607.0,0,Made money,0,"Central Peninsula General Hospital (Soldotna, AK)",9,16,0.0648,0.0446
021301,Providence Valdez Medical Center,Valdez,AK,Alaska,Critical access hospital (small rural),Government,Rural,11.0,2023,0.0654,1387136.0,21208343.0,0,Made money,0,"Providence Valdez Medical Center (Valdez, AK)",8,16,0.0648,0.0446
021302,Providence Seward Medical & Care Cen,Seward,AK,Alaska,Critical access hospital (small rural),Government,Rural,6.0,2023,0.1478,4402007.0,29786551.0,0,Made money,0,"Providence Seward Medical & Care Cen (Seward, AK)",6,16,0.0648,0.0446
021304,Petersburg Medical Center,Petersburg,AK,Alaska,Critical access hospital (small rural),Government,Rural,12.0,2023,0.3303,11012616.0,33339553.0,0,Made money,0,"Petersburg Medical Center (Petersburg, AK)",2,16,0.0648,0.0446
021305,Wrangell Medical Center,Wrangell,AK,Alaska,Critical access hospital (small rural),Government,Rural,8.0,2023,-0.0188,-270320.0,14342155.0,2,2 years,2,"Wrangell Medical Center (Wrangell, AK)",14,16,0.0648,0.0446
021306,Prov. Kodiak Island Medical Center,Kodiak,AK,Alaska,Critical access hospital (small rural),Nonprofit,Rural,24.0,2023,0.044,2724328.0,61923530.0,0,Made money,0,"Prov. Kodiak Island Medical Center (Kodiak, AK)",10,16,0.0648,0.0446
021307,Cordova Community Medical Center,Cordova,AK,Alaska,Critical access hospital (small rural),Government,Rural,13.0,2023,0.0289,467078.0,16161518.0,0,Made money,0,"Cordova Community Medical Center (Cordova, AK)",12,16,0.0648,0.0446
021308,Norton Sound Regional Hospital,Nome,AK,Alaska,Critical access hospital (small rural),Nonprofit,Rural,18.0,2023,0.1661,46813115.0,281805449.0,0,Made money,0,"Norton Sound Regional Hospital (Nome, AK)",5,16,0.0648,0.0446
021311,Ketchikan Medical Center,Ketchikan,AK,Alaska,Critical access hospital (small rural),Nonprofit,Rural,25.0,2023,-0.0826,-7953402.0,96267657.0,4,3-4 years,3,"Ketchikan Medical Center (Ketchikan, AK)",16,16,0.0648,0.0446
021312,Samuel Simmonds Memorial Hospital,Barrow,AK,Alaska,Critical access hospital (small rural),Government,Rural,10.0,2023,0.0872,11445753.0,131197797.0,0,Made money,0,"Samuel Simmonds Memorial Hospital (Barrow, AK)",7,16,0.0648,0.0446
021313,South Peninsula Hospital,Homer,AK,Alaska,Critical access hospital (small rural),Government,Rural,21.0,2023,0.0274,3794722.0,138547606.0,0,Made money,0,"South Peninsula Hospital (Homer, AK)",13,16,0.0648,0.0446
030002,Banner University Medical Center Phx,Phoenix,AZ,Arizona,General hospital,Nonprofit,Urban,656.0,2023,0.0412,54665664.0,1327932282.0,0,Made money,0,"Banner University Medical Center Phx (Phoenix, AZ)",41,71,0.057,0.0446
030006,Tucson Medical Center,Tucson,AZ,Arizona,General hospital,Nonprofit,Urban,473.0,2023,0.0537,46814001.0,871220329.0,0,Made money,0,"Tucson Medical Center (Tucson, AZ)",38,71,0.057,0.0446
030007,Verde Valley Medical Center,Cottonwood,AZ,Arizona,General hospital,Nonprofit,Urban,87.0,2023,0.1694,34174610.0,201691267.0,0,Made money,0,"Verde Valley Medical Center (Cottonwood, AZ)",12,71,0.057,0.0446
030010,Carondelet St. Marys Hospital,Tucson,AZ,Arizona,General hospital,For-profit,Urban,357.0,2023,0.0472,9764048.0,206905397.0,0,Made money,0,"Carondelet St. Marys Hospital (Tucson, AZ)",39,71,0.057,0.0446
030011,Carondelet St. Joseph Hospital,Tucson,AZ,Arizona,General hospital,For-profit,Urban,450.0,2023,0.0857,25304446.0,295189344.0,0,Made money,0,"Carondelet St. Joseph Hospital (Tucson, AZ)",29,71,0.057,0.0446
030012,Yavapai Regional Medical Center,Prescott,AZ,Arizona,General hospital,Nonprofit,Urban,218.0,2023,0.015,6825945.0,454135162.0,0,Made money,0,"Yavapai Regional Medical Center (Prescott, AZ)",52,71,0.057,0.0446
030013,Yuma Regional Medical Center,Yuma,AZ,Arizona,General hospital,Nonprofit,Urban,430.0,2023,-0.0515,-35011336.0,680186210.0,2,2 years,2,"Yuma Regional Medical Center (Yuma, AZ)",63,71,0.057,0.0446
030014,Honorhealth John C. Lincoln Med Ctr,Phoenix,AZ,Arizona,General hospital,Nonprofit,Urban,239.0,2023,0.1477,130360559.0,882895602.0,0,Made money,0,"Honorhealth John C. Lincoln Med Ctr (Phoenix, AZ)",17,71,0.057,0.0446
030016,Banner Casa Grande Medical Center,Casa Grande,AZ,Arizona,General hospital,Nonprofit,Urban,141.0,2023,-0.0341,-5083196.0,149165989.0,3,3-4 years,3,"Banner Casa Grande Medical Center (Casa Grande, AZ)",61,71,0.057,0.0446
030022,Valleywise Health Medical Center,Phoenix,AZ,Arizona,General hospital,Government,Urban,298.0,2023,-0.0287,-26283183.0,916451098.0,4,3-4 years,3,"Valleywise Health Medical Center (Phoenix, AZ)",59,71,0.057,0.0446
030023,Flagstaff Medical Center,Flagstaff,AZ,Arizona,General hospital,Nonprofit,Urban,242.0,2023,0.151,90832619.0,601460217.0,0,Made money,0,"Flagstaff Medical Center (Flagstaff, AZ)",16,71,0.057,0.0446
030024,St. Josephs Hospital & Medical Ctr,Phoenix,AZ,Arizona,General hospital,Nonprofit,Urban,531.0,2023,0.0719,118231039.0,1644630094.0,0,Made money,0,"St. Josephs Hospital & Medical Ctr (Phoenix, AZ)",32,71,0.057,0.0446
030030,Abrazo Central Campus,Phoenix,AZ,Arizona,General hospital,For-profit,Urban,149.0,2023,-0.0298,-3029967.0,101714089.0,3,3-4 years,3,"Abrazo Central Campus (Phoenix, AZ)",60,71,0.057,0.0446
030036,Chandler Regional Medical Center,Chandler,AZ,Arizona,General hospital,Nonprofit,Urban,429.0,2023,0.0866,69305816.0,800139211.0,0,Made money,0,"Chandler Regional Medical Center (Chandler, AZ)",28,71,0.057,0.0446
030037,Tempe St. Lukes Hospital,Tempe,AZ,Arizona,General hospital,For-profit,Urban,74.0,2023,-0.1835,-10514784.0,57288056.0,1,1 year,1,"Tempe St. Lukes Hospital (Tempe, AZ)",69,71,0.057,0.0446
030038,Honorhealth Scottsdale Osborn Med Ct,Scottsdale,AZ,Arizona,General hospital,Nonprofit,Urban,337.0,2023,0.0261,11832304.0,452680150.0,0,Made money,0,"Honorhealth Scottsdale Osborn Med Ct (Scottsdale, AZ)",46,71,0.057,0.0446
030043,Canyon Vista Medical Center,Sierra Vista,AZ,Arizona,General hospital,For-profit,Urban,74.0,2023,0.0331,5026864.0,151789967.0,0,Made money,0,"Canyon Vista Medical Center (Sierra Vista, AZ)",43,71,0.057,0.0446
030055,Kingman Regional Medical Center,Kingman,AZ,Arizona,General hospital,Nonprofit,Urban,196.0,2023,0.0543,22362260.0,411899331.0,0,Made money,0,"Kingman Regional Medical Center (Kingman, AZ)",37,71,0.057,0.0446
030061,Banner Boswell Medical Center,Sun City,AZ,Arizona,General hospital,Nonprofit,Urban,410.0,2023,-0.0666,-25001608.0,375452273.0,3,3-4 years,3,"Banner Boswell Medical Center (Sun City, AZ)",64,71,0.057,0.0446
030062,Summit Healthcare,Show Low,AZ,Arizona,General hospital,Nonprofit,Rural,89.0,2023,0.0286,7834666.0,273469895.0,0,Made money,0,"Summit Healthcare (Show Low, AZ)",45,71,0.057,0.0446
030064,Banner University Med Center Tucson,Tucson,AZ,Arizona,General hospital,Nonprofit,Urban,559.0,2023,0.0881,113719024.0,1291128681.0,0,Made money,0,"Banner University Med Center Tucson (Tucson, AZ)",27,71,0.057,0.0446
030065,Banner Desert Medical Center,Mesa,AZ,Arizona,General hospital,Nonprofit,Urban,629.0,2023,0.1513,143071458.0,945589989.0,0,Made money,0,"Banner Desert Medical Center (Mesa, AZ)",14,71,0.057,0.0446
030069,Havasu Regional Medical Center,Lake Havasu City,AZ,Arizona,General hospital,For-profit,Urban,144.0,2023,0.1799,51295754.0,285129300.0,0,Made money,0,"Havasu Regional Medical Center (Lake Havasu City, AZ)",10,71,0.057,0.0446
030083,Abrazo Scottsdale Campus,Phoenix,AZ,Arizona,General hospital,For-profit,Urban,128.0,2023,0.057,7160911.0,125721715.0,0,Made money,0,"Abrazo Scottsdale Campus (Phoenix, AZ)",36,71,0.057,0.0446
030085,Northwest Medical Center,Tucson,AZ,Arizona,General hospital,For-profit,Urban,252.0,2023,0.0138,4782166.0,345566947.0,0,Made money,0,"Northwest Medical Center (Tucson, AZ)",53,71,0.057,0.0446
030087,Honorhealth Scottsdale Shea Med Ctr,Scottsdale,AZ,Arizona,General hospital,Nonprofit,Urban,427.0,2023,0.0099,6494640.0,658801247.0,0,Made money,0,"Honorhealth Scottsdale Shea Med Ctr (Scottsdale, AZ)",55,71,0.057,0.0446
030088,Banner Baywood Medical Center,Mesa,AZ,Arizona,General hospital,Nonprofit,Urban,323.0,2023,-0.0365,-10361268.0,283889289.0,1,1 year,1,"Banner Baywood Medical Center (Mesa, AZ)",62,71,0.057,0.0446
030089,Banner Thunderbird Medical Center,Glendale,AZ,Arizona,General hospital,Nonprofit,Urban,539.0,2023,0.1592,124750520.0,783743615.0,0,Made money,0,"Banner Thunderbird Medical Center (Glendale, AZ)",13,71,0.057,0.0446
030092,Honorhealth Deer Valley Med Ctr,Phoenix,AZ,Arizona,General hospital,Nonprofit,Urban,204.0,2023,0.0287,11214830.0,390810691.0,0,Made money,0,"Honorhealth Deer Valley Med Ctr (Phoenix, AZ)",44,71,0.057,0.0446
030093,Banner Del E Webb Medical Center,Sun City West,AZ,Arizona,General hospital,Nonprofit,Urban,337.0,2023,0.0196,7183879.0,366864362.0,0,Made money,0,"Banner Del E Webb Medical Center (Sun City West, AZ)",50,71,0.057,0.0446
030094,Abrazo Arrowhead Campus,Glendale,AZ,Arizona,General hospital,For-profit,Urban,278.0,2023,0.1511,66609778.0,440753545.0,0,Made money,0,"Abrazo Arrowhead Campus (Glendale, AZ)",15,71,0.057,0.0446
030101,Western Arizona Regional Medical Cen,Bullhead City,AZ,Arizona,General hospital,For-profit,Urban,92.0,2023,0.7147,89353248.0,125024729.0,0,Made money,0,"Western Arizona Regional Medical Cen (Bullhead City, AZ)",3,71,0.057,0.0446
030103,Mayo Clinic Hospital,Phoenix,AZ,Arizona,General hospital,Nonprofit,Urban,353.0,2023,0.0982,268054207.0,2730472287.0,0,Made money,0,"Mayo Clinic Hospital (Phoenix, AZ)",23,71,0.057,0.0446
030105,Banner Heart Hospital,Mesa,AZ,Arizona,General hospital,Nonprofit,Urban,108.0,2023,0.1829,31536209.0,172458928.0,0,Made money,0,"Banner Heart Hospital (Mesa, AZ)",9,71,0.057,0.0446
030107,Az Spine & Joint Hospital,Mesa,AZ,Arizona,General hospital,For-profit,Urban,23.0,2023,0.2289,11704890.0,51128000.0,0,Made money,0,"Az Spine & Joint Hospital (Mesa, AZ)",7,71,0.057,0.0446
030108,The Core Institute Specialty Hospita,Phoenix,AZ,Arizona,General hospital,For-profit,Urban,28.0,2023,0.1078,11629603.0,107832880.0,0,Made money,0,"The Core Institute Specialty Hospita (Phoenix, AZ)",22,71,0.057,0.0446
030110,Abrazo West Campus,Goodyear,AZ,Arizona,General hospital,For-profit,Urban,207.0,2023,0.2361,79228037.0,335543018.0,0,Made money,0,"Abrazo West Campus (Goodyear, AZ)",6,71,0.057,0.0446
030111,Banner University Med Center South,Tucson,AZ,Arizona,General hospital,Nonprofit,Urban,147.0,2023,0.0151,3669611.0,243238626.0,0,Made money,0,"Banner University Med Center South (Tucson, AZ)",51,71,0.057,0.0446
030112,Arizona Orthopedic Surgical Hospital,Chandler,AZ,Arizona,General hospital,For-profit,Urban,24.0,2023,-0.0144,-426306.0,29627828.0,2,2 years,2,"Arizona Orthopedic Surgical Hospital (Chandler, AZ)",58,71,0.057,0.0446
030114,Northwest Medical Center Oro Valley,Oro Valley,AZ,Arizona,General hospital,For-profit,Urban,78.0,2023,0.0857,13162925.0,153625891.0,0,Made money,0,"Northwest Medical Center Oro Valley (Oro Valley, AZ)",29,71,0.057,0.0446
030115,Banner Estrella Medical Center,Phoenix,AZ,Arizona,General hospital,Nonprofit,Urban,317.0,2023,0.1313,59176759.0,450782326.0,0,Made money,0,"Banner Estrella Medical Center (Phoenix, AZ)",20,71,0.057,0.0446
030117,Valley View Medical Center,Fort Mohave,AZ,Arizona,General hospital,For-profit,Urban,72.0,2023,0.0222,1257168.0,56752845.0,0,Made money,0,"Valley View Medical Center (Fort Mohave, AZ)",48,71,0.057,0.0446
030119,Mercy Gilbert Medical Center,Gilbert,AZ,Arizona,General hospital,Nonprofit,Urban,197.0,2023,0.059,23921685.0,405698374.0,0,Made money,0,"Mercy Gilbert Medical Center (Gilbert, AZ)",35,71,0.057,0.0446
030121,Mountain Vista Medical Center,Mesa,AZ,Arizona,General hospital,For-profit,Urban,138.0,2023,-0.3057,-50736624.0,165979440.0,1,1 year,1,"Mountain Vista Medical Center (Mesa, AZ)",70,71,0.057,0.0446
030122,Banner Gateway Medical Center,Gilbert,AZ,Arizona,General hospital,Nonprofit,Urban,185.0,2023,0.1431,109252819.0,763517927.0,0,Made money,0,"Banner Gateway Medical Center (Gilbert, AZ)",18,71,0.057,0.0446
030123,Honorhealth Scottsdale Thompson Peak,Scottsdale,AZ,Arizona,General hospital,Nonprofit,Urban,120.0,2023,0.0074,1494283.0,202674745.0,0,Made money,0,"Honorhealth Scottsdale Thompson Peak (Scottsdale, AZ)",56,71,0.057,0.0446
030130,Banner Ironwood Medical Center,Queen Creek,AZ,Arizona,General hospital,Nonprofit,Urban,89.0,2023,0.1081,13984447.0,129371876.0,0,Made money,0,"Banner Ironwood Medical Center (Queen Creek, AZ)",21,71,0.057,0.0446
030131,Oasis Hospital,Phoenix,AZ,Arizona,General hospital,For-profit,Urban,64.0,2023,0.0462,3184631.0,68906567.0,0,Made money,0,"Oasis Hospital (Phoenix, AZ)",40,71,0.057,0.0446
030134,Banner Goldfield Medical Center,Apache Junction,AZ,Arizona,General hospital,Nonprofit,Urban,20.0,2023,-0.0956,-2139876.0,22384538.0,10,5+ years,4,"Banner Goldfield Medical Center (Apache Junction, AZ)",68,71,0.057,0.0446
030136,Arizona General Hospital,Laveen,AZ,Arizona,General hospital,Nonprofit,Urban,16.0,2023,0.0627,5475864.0,87274626.0,0,Made money,0,"Arizona General Hospital (Laveen, AZ)",33,71,0.057,0.0446
030137,Santa Cruz Valley Regional Hospital,Green Valley,AZ,Arizona,General hospital,For-profit,Urban,49.0,2021,-0.579,-19845101.0,34273687.0,3,3-4 years,3,"Santa Cruz Valley Regional Hospital (Green Valley, AZ)",1,1,0.057,0.0446
030138,Western Regional Medical Center,Goodyear,AZ,Arizona,General hospital,For-profit,Urban,38.0,2023,0.856,816552386.0,953916684.0,0,Made money,0,"Western Regional Medical Center (Goodyear, AZ)",1,71,0.057,0.0446
030139,Arizona General Hospital,Mesa,AZ,Arizona,General hospital,Nonprofit,Urban,50.0,2023,-0.077,-9214778.0,119732238.0,5,5+ years,4,"Arizona General Hospital (Mesa, AZ)",66,71,0.057,0.0446
030146,Honorhealth Sonoran Crossing Med Ctr,Phoenix,AZ,Arizona,General hospital,Nonprofit,Urban,79.0,2023,-0.0763,-8273453.0,108469901.0,2,2 years,2,"Honorhealth Sonoran Crossing Med Ctr (Phoenix, AZ)",65,71,0.057,0.0446
030147,Banner Ocotillo Medical Center,Chandler,AZ,Arizona,General hospital,Nonprofit,Urban,94.0,2023,0.7566,317381042.0,419475493.0,0,Made money,0,"Banner Ocotillo Medical Center (Chandler, AZ)",2,71,0.057,0.0446
030148,Northwest Medical Center Sahuarita,Sahuarita,AZ,Arizona,General hospital,For-profit,Urban,62.0,2023,0.0409,4428066.0,108347502.0,0,Made money,0,"Northwest Medical Center Sahuarita (Sahuarita, AZ)",42,71,0.057,0.0446
030152,Maricopa Community Hospital,Maricopa,AZ,Arizona,General hospital,For-profit,Urban,9.0,2023,0.097,1658163.0,17095606.0,0,Made money,0,"Maricopa Community Hospital (Maricopa, AZ)",24,71,0.057,0.0446
030153,East Valley Er And Hospital,Gilbert,AZ,Arizona,General hospital,For-profit,Urban,14.0,2023,-0.6524,-7971837.0,12219665.0,1,1 year,1,"East Valley Er And Hospital (Gilbert, AZ)",71,71,0.057,0.0446
030154,Yuma Community Hospital,Yuma,AZ,Arizona,General hospital,For-profit,Urban,9.0,2023,0.1841,3706560.0,20136961.0,0,Made money,0,"Yuma Community Hospital (Yuma, AZ)",8,71,0.057,0.0446
031300,Wickenburg Community Hospital,Wickenburg,AZ,Arizona,Critical access hospital (small rural),Nonprofit,Urban,19.0,2023,0.01,499059.0,49938393.0,0,Made money,0,"Wickenburg Community Hospital (Wickenburg, AZ)",54,71,0.057,0.0446
031301,Benson Hospital,Benson,AZ,Arizona,Critical access hospital (small rural),Nonprofit,Urban,22.0,2023,0.0922,2688041.0,29159943.0,0,Made money,0,"Benson Hospital (Benson, AZ)",26,71,0.057,0.0446
031302,Northern Cochise Community Hospital,Willcox,AZ,Arizona,Critical access hospital (small rural),Government,Urban,24.0,2023,0.0829,1738546.0,20971305.0,0,Made money,0,"Northern Cochise Community Hospital (Willcox, AZ)",31,71,0.057,0.0446
031304,Page Hospital,Page,AZ,Arizona,Critical access hospital (small rural),Nonprofit,Urban,25.0,2023,-0.0077,-178411.0,23090990.0,1,1 year,1,"Page Hospital (Page, AZ)",57,71,0.057,0.0446
031309,Sage Memorial Hospital,Ganado,AZ,Arizona,Critical access hospital (small rural),Nonprofit,Rural,25.0,2023,0.2539,16413433.0,64653912.0,0,Made money,0,"Sage Memorial Hospital (Ganado, AZ)",4,71,0.057,0.0446
031311,Winslow Memorial Hospital,Winslow,AZ,Arizona,Critical access hospital (small rural),Nonprofit,Rural,25.0,2023,-0.0815,-3286420.0,40333536.0,1,1 year,1,"Winslow Memorial Hospital (Winslow, AZ)",67,71,0.057,0.0446
031312,Copper Queen Comm. Hosp.,Bisbee,AZ,Arizona,Critical access hospital (small rural),Nonprofit,Urban,14.0,2023,0.1758,14163909.0,80582787.0,0,Made money,0,"Copper Queen Comm. Hosp. (Bisbee, AZ)",11,71,0.057,0.0446
031313,Carondelet Holy Cross Hospital,Nogales,AZ,Arizona,Critical access hospital (small rural),For-profit,Rural,25.0,2023,0.2447,9223852.0,37698504.0,0,Made money,0,"Carondelet Holy Cross Hospital (Nogales, AZ)",5,71,0.057,0.0446
031314,Cobre Valley Reg. Medical Center,Globe,AZ,Arizona,Critical access hospital (small rural),Nonprofit,Rural,25.0,2023,0.135,14011590.0,103795633.0,0,Made money,0,"Cobre Valley Reg. Medical Center (Globe, AZ)",19,71,0.057,0.0446
031315,White Mountain Regional Hospital,Springerville,AZ,Arizona,Critical access hospital (small rural),Government,Rural,21.0,2023,0.0605,1551350.0,25655564.0,0,Made money,0,"White Mountain Regional Hospital (Springerville, AZ)",34,71,0.057,0.0446
031317,La Paz Regional Hospital,Parker,AZ,Arizona,Critical access hospital (small rural),Nonprofit,Rural,25.0,2023,0.024,924426.0,38539868.0,0,Made money,0,"La Paz Regional Hospital (Parker, AZ)",47,71,0.057,0.0446
031318,Banner Payson Medical Center,Payson,AZ,Arizona,Critical access hospital (small rural),Nonprofit,Rural,25.0,2023,0.0203,1123531.0,55337178.0,0,Made money,0,"Banner Payson Medical Center (Payson, AZ)",49,71,0.057,0.0446
031319,Mt. Graham Regional Medical Center,Safford,AZ,Arizona,Critical access hospital (small rural),Nonprofit,Rural,25.0,2023,0.0925,8529923.0,92223039.0,0,Made money,0,"Mt. Graham Regional Medical Center (Safford, AZ)",25,71,0.057,0.0446
040001,Siloam Springs Memorial Hospital,Siloam Springs,AR,Arkansas,General hospital,For-profit,Urban,44.0,2023,0.0449,3917969.0,87312008.0,0,Made money,0,"Siloam Springs Memorial Hospital (Siloam Springs, AR)",19,73,0.0037,0.0446
040002,Johnson Regional Medical Center,Clarksville,AR,Arkansas,General hospital,Nonprofit,Rural,59.0,2023,-0.0882,-3427506.0,38849262.0,1,1 year,1,"Johnson Regional Medical Center (Clarksville, AR)",60,73,0.0037,0.0446
040004,Washington Regional Medical Center,Fayetteville,AR,Arkansas,General hospital,Nonprofit,Urban,377.0,2023,0.1321,57819592.0,437763349.0,0,Made money,0,"Washington Regional Medical Center (Fayetteville, AR)",5,73,0.0037,0.0446
040007,St Vincent Infirmary Medical Center,Little Rock,AR,Arkansas,General hospital,Nonprofit,Urban,352.0,2023,-0.2076,-94334071.0,454479208.0,12,5+ years,4,"St Vincent Infirmary Medical Center (Little Rock, AR)",66,73,0.0037,0.0446
040010,Mercy Medical Center,Rogers,AR,Arkansas,General hospital,Nonprofit,Urban,236.0,2023,0.0923,37515780.0,406560519.0,0,Made money,0,"Mercy Medical Center (Rogers, AR)",9,73,0.0037,0.0446
040011,Chambers Memorial Hospital,Danville,AR,Arkansas,General hospital,Nonprofit,Rural,30.0,2023,0.0184,448978.0,24382787.0,0,Made money,0,"Chambers Memorial Hospital (Danville, AR)",31,73,0.0037,0.0446
040014,White County Medical Center,Searcy,AR,Arkansas,General hospital,Nonprofit,Rural,179.0,2023,-0.0389,-12469398.0,320175117.0,1,1 year,1,"White County Medical Center (Searcy, AR)",51,73,0.0037,0.0446
040015,Mena Medical Center,Mena,AR,Arkansas,General hospital,Government,Rural,41.0,2023,-0.0858,-2826473.0,32960882.0,2,2 years,2,"Mena Medical Center (Mena, AR)",59,73,0.0037,0.0446
040016,Uams Medical Center,Little Rock,AR,Arkansas,General hospital,Government,Urban,545.0,2023,-0.0172,-18094527.0,1054993716.0,1,1 year,1,"Uams Medical Center (Little Rock, AR)",42,73,0.0037,0.0446
040017,North Arkansas Regional Medical Ctr,Harrison,AR,Arkansas,General hospital,Nonprofit,Rural,120.0,2023,-0.0736,-7426189.0,100849095.0,2,2 years,2,"North Arkansas Regional Medical Ctr (Harrison, AR)",56,73,0.0037,0.0446
040018,Baptist Health Medical Center - Vb,Van Buren,AR,Arkansas,General hospital,Nonprofit,Urban,74.0,2023,-0.1707,-1884794.0,11041917.0,2,2 years,2,"Baptist Health Medical Center - Vb (Van Buren, AR)",65,73,0.0037,0.0446
040019,Forrest City Medical Center,Forrest City,AR,Arkansas,General hospital,For-profit,Rural,48.0,2023,-0.0271,-935301.0,34498875.0,2,2 years,2,"Forrest City Medical Center (Forrest City, AR)",47,73,0.0037,0.0446
040020,St Bernards Medical Center,Jonesboro,AR,Arkansas,General hospital,Nonprofit,Urban,373.0,2023,0.0414,23270256.0,561933153.0,0,Made money,0,"St Bernards Medical Center (Jonesboro, AR)",21,73,0.0037,0.0446
040022,Northwest Medical Center,Springdale,AR,Arkansas,General hospital,For-profit,Urban,321.0,2023,0.0699,22175302.0,317244525.0,0,Made money,0,"Northwest Medical Center (Springdale, AR)",14,73,0.0037,0.0446
040026,St. Vincent Hot Springs,Hot Springs,AR,Arkansas,General hospital,Nonprofit,Urban,206.0,2023,0.022,6195216.0,282197701.0,0,Made money,0,"St. Vincent Hot Springs (Hot Springs, AR)",29,73,0.0037,0.0446
040027,Baxter Regional Medical Center,Mountain Home,AR,Arkansas,General hospital,Nonprofit,Rural,169.0,2023,0.0198,5876671.0,296240865.0,0,Made money,0,"Baxter Regional Medical Center (Mountain Home, AR)",30,73,0.0037,0.0446
040029,Conway Regional Medical Center  Inc,Conway,AR,Arkansas,General hospital,Nonprofit,Urban,169.0,2023,0.0341,9112530.0,267270057.0,0,Made money,0,"Conway Regional Medical Center  Inc (Conway, AR)",24,73,0.0037,0.0446
040036,Baptist Health Medical Center- Nlr,North Little Rock,AR,Arkansas,General hospital,Nonprofit,Urban,190.0,2023,0.1283,41277480.0,321748717.0,0,Made money,0,"Baptist Health Medical Center- Nlr (North Little Rock, AR)",6,73,0.0037,0.0446
040039,Arkansas Methodist Medical Center,Paragould,AR,Arkansas,General hospital,Nonprofit,Rural,114.0,2023,-0.0316,-2376805.0,75197727.0,3,3-4 years,3,"Arkansas Methodist Medical Center (Paragould, AR)",48,73,0.0037,0.0446
040041,St. Marys Regional Medical Center,Russellville,AR,Arkansas,General hospital,For-profit,Rural,137.0,2023,0.0923,8940534.0,96835067.0,0,Made money,0,"St. Marys Regional Medical Center (Russellville, AR)",9,73,0.0037,0.0446
040047,Five Rivers Medical Center,Pocahontas,AR,Arkansas,General hospital,Government,Rural,28.0,2023,-0.1604,-2767164.0,17248309.0,2,2 years,2,"Five Rivers Medical Center (Pocahontas, AR) #040047",63,73,0.0037,0.0446
040050,Ouachita County Medical Center,Camden,AR,Arkansas,General hospital,Nonprofit,Rural,82.0,2023,-0.1634,-4963972.0,30372018.0,1,1 year,1,"Ouachita County Medical Center (Camden, AR)",64,73,0.0037,0.0446
040051,Drew Memorial Hospital Inc,Monticello,AR,Arkansas,General hospital,Nonprofit,Rural,49.0,2022,-0.2078,-7735227.0,37223470.0,1,1 year,1,"Drew Memorial Hospital Inc (Monticello, AR)",2,2,0.0037,0.0446
040055,Baptist Health Medical Center - Fs,Fort Smith,AR,Arkansas,General hospital,Nonprofit,Urban,314.0,2023,0.0253,8503438.0,335552842.0,0,Made money,0,"Baptist Health Medical Center - Fs (Fort Smith, AR)",27,73,0.0037,0.0446
040062,Mercy Hospital Fort Smith,Fort Smith,AR,Arkansas,General hospital,Nonprofit,Urban,256.0,2023,0.1779,90059466.0,506295181.0,0,Made money,0,"Mercy Hospital Fort Smith (Fort Smith, AR)",3,73,0.0037,0.0446
040067,Magnolia Regional Health System  Inc,Magnolia,AR,Arkansas,General hospital,Nonprofit,Rural,29.0,2023,-0.2122,-5502512.0,25934724.0,2,2 years,2,"Magnolia Regional Health System  Inc (Magnolia, AR)",67,73,0.0037,0.0446
040069,Great River Medical Center,Blytheville,AR,Arkansas,General hospital,Government,Rural,34.0,2023,-0.2771,-6111094.0,22050690.0,1,1 year,1,"Great River Medical Center (Blytheville, AR)",69,73,0.0037,0.0446
040071,Jefferson Regional Medical Center,Pine Bluff,AR,Arkansas,General hospital,Nonprofit,Urban,245.0,2023,-0.0368,-8645440.0,234897406.0,2,2 years,2,"Jefferson Regional Medical Center (Pine Bluff, AR)",50,73,0.0037,0.0446
040072,Bhmc- Stuttgart,Stuttgart,AR,Arkansas,General hospital,Nonprofit,Rural,49.0,2023,-0.0107,-327369.0,30569407.0,1,1 year,1,"Bhmc- Stuttgart (Stuttgart, AR)",41,73,0.0037,0.0446
040076,Baptist Health Medical Center - Hsc,Malvern,AR,Arkansas,General hospital,Nonprofit,Rural,71.0,2023,0.0172,380100.0,22092031.0,0,Made money,0,"Baptist Health Medical Center - Hsc (Malvern, AR)",33,73,0.0037,0.0446
040078,National Park Medical Center,Hot Springs,AR,Arkansas,General hospital,For-profit,Urban,126.0,2023,-0.0091,-1330608.0,146471719.0,1,1 year,1,"National Park Medical Center (Hot Springs, AR)",40,73,0.0037,0.0446
040084,Saline Memorial Hospital,Benton,AR,Arkansas,General hospital,For-profit,Urban,131.0,2023,-0.0541,-5198354.0,96036140.0,3,3-4 years,3,"Saline Memorial Hospital (Benton, AR)",54,73,0.0037,0.0446
040085,Helena Regional Medical Center,Helena,AR,Arkansas,General hospital,For-profit,Rural,118.0,2023,-0.5992,-6187397.0,10326170.0,3,3-4 years,3,"Helena Regional Medical Center (Helena, AR)",72,73,0.0037,0.0446
040088,South Arkansas Regional Hospital Llc,El Dorado,AR,Arkansas,General hospital,For-profit,Rural,105.0,2023,-0.0358,-2675300.0,74647887.0,2,2 years,2,"South Arkansas Regional Hospital Llc (El Dorado, AR)",49,73,0.0037,0.0446
040114,Baptist Health Medical Center - Lr,Little Rock,AR,Arkansas,General hospital,Nonprofit,Urban,658.0,2023,0.103,78595005.0,763320755.0,0,Made money,0,"Baptist Health Medical Center - Lr (Little Rock, AR)",8,73,0.0037,0.0446
040118,Nea Baptist Memorial Hospital,Jonesboro,AR,Arkansas,General hospital,Nonprofit,Urban,180.0,2023,0.0394,10214993.0,259292403.0,0,Made money,0,"Nea Baptist Memorial Hospital (Jonesboro, AR)",22,73,0.0037,0.0446
040119,White River Medical Center,Batesville,AR,Arkansas,General hospital,Nonprofit,Rural,170.0,2023,-0.0223,-6058760.0,272214712.0,2,2 years,2,"White River Medical Center (Batesville, AR)",44,73,0.0037,0.0446
040132,Leo N Levi Memorial Hospital,Hot Springs,AR,Arkansas,General hospital,Nonprofit,Urban,1.0,2023,0.0869,800759.0,9215803.0,0,Made money,0,"Leo N Levi Memorial Hospital (Hot Springs, AR)",11,73,0.0037,0.0446
040134,Arkansas Heart Hospital,Little Rock,AR,Arkansas,General hospital,For-profit,Urban,112.0,2023,0.047,9791306.0,208137702.0,0,Made money,0,"Arkansas Heart Hospital (Little Rock, AR)",18,73,0.0037,0.0446
040137,St Vincent North,Sherwood,AR,Arkansas,General hospital,Nonprofit,Urban,68.0,2023,-0.3438,-24536604.0,71364298.0,7,5+ years,4,"St Vincent North (Sherwood, AR)",70,73,0.0037,0.0446
040147,Arkansas Surgical Hospital,North Little Rock,AR,Arkansas,General hospital,For-profit,Urban,47.0,2023,0.1845,16788245.0,90982941.0,0,Made money,0,"Arkansas Surgical Hospital (North Little Rock, AR)",2,73,0.0037,0.0446
040153,Wadley Medical Center At Hope,Hope,AR,Arkansas,General hospital,For-profit,Rural,36.0,2023,-0.3491,-4252814.0,12180766.0,5,5+ years,4,"Wadley Medical Center At Hope (Hope, AR)",71,73,0.0037,0.0446
040154,Bhmc-Conway,Conway,AR,Arkansas,General hospital,Nonprofit,Urban,106.0,2023,0.0179,1887367.0,105454415.0,0,Made money,0,"Bhmc-Conway (Conway, AR)",32,73,0.0037,0.0446
040156,Bmh-Crittenden,West Memphis,AR,Arkansas,General hospital,Nonprofit,Urban,11.0,2023,0.053,1238616.0,23390849.0,0,Made money,0,"Bmh-Crittenden (West Memphis, AR)",17,73,0.0037,0.0446
040161,Encore Medical Center,Bryant,AR,Arkansas,General hospital,For-profit,Rural,33.0,2023,0.0578,3851650.0,66680546.0,0,Made money,0,"Encore Medical Center (Bryant, AR)",16,73,0.0037,0.0446
040779,Five Rivers Medical Center,Pocahontas,AR,Arkansas,General hospital,Government,Rural,,2023,-0.1254,-2330549.0,18588307.0,1,1 year,1,"Five Rivers Medical Center (Pocahontas, AR) #040779",62,73,0.0037,0.0446
041300,Mercy Hospital Paris,Paris,AR,Arkansas,Critical access hospital (small rural),Nonprofit,Rural,12.0,2023,0.0447,566938.0,12681827.0,0,Made money,0,"Mercy Hospital Paris (Paris, AR)",20,73,0.0037,0.0446
041302,Dardanelle Hospital,Dardanelle,AR,Arkansas,Critical access hospital (small rural),Nonprofit,Rural,25.0,2023,-0.0052,-100941.0,19470962.0,2,2 years,2,"Dardanelle Hospital (Dardanelle, AR)",39,73,0.0037,0.0446
041303,Mercy Hospital Ozark,Ozark,AR,Arkansas,Critical access hospital (small rural),Nonprofit,Urban,12.0,2023,0.0807,1005161.0,12450414.0,0,Made money,0,"Mercy Hospital Ozark (Ozark, AR)",13,73,0.0037,0.0446
041304,Eureka Springs Hospital,Eureka Springs,AR,Arkansas,Critical access hospital (small rural),Government,Rural,22.0,2023,0.1564,1470356.0,9398827.0,0,Made money,0,"Eureka Springs Hospital (Eureka Springs, AR)",4,73,0.0037,0.0446
041305,Mercy Hospital Waldron,Waldron,AR,Arkansas,Critical access hospital (small rural),Nonprofit,Rural,12.0,2023,-0.053,-616379.0,11635997.0,1,1 year,1,"Mercy Hospital Waldron (Waldron, AR)",53,73,0.0037,0.0446
041306,Izard Regional Hospital,Calico Rock,AR,Arkansas,Critical access hospital (small rural),Nonprofit,Rural,25.0,2023,-0.8401,-4828811.0,5747788.0,1,1 year,1,"Izard Regional Hospital (Calico Rock, AR)",73,73,0.0037,0.0446
041307,Crossridge Community Hospital,Wynne,AR,Arkansas,Critical access hospital (small rural),Nonprofit,Rural,15.0,2023,-0.039,-731013.0,18753949.0,1,1 year,1,"Crossridge Community Hospital (Wynne, AR)",52,73,0.0037,0.0446
041308,Mcgehee Hospital,Mcgehee,AR,Arkansas,Critical access hospital (small rural),Nonprofit,Rural,25.0,2023,0.0345,530328.0,15394017.0,0,Made money,0,"Mcgehee Hospital (Mcgehee, AR)",23,73,0.0037,0.0446
041309,Lawrence Memorial Hospital,Walnut Ridge,AR,Arkansas,Critical access hospital (small rural),Nonprofit,Rural,24.0,2023,-0.0544,-1033914.0,19005238.0,1,1 year,1,"Lawrence Memorial Hospital (Walnut Ridge, AR)",55,73,0.0037,0.0446
041310,Stone County Medical Center,Mountain View,AR,Arkansas,Critical access hospital (small rural),Nonprofit,Rural,25.0,2023,0.0667,1319127.0,19785689.0,0,Made money,0,"Stone County Medical Center (Mountain View, AR)",15,73,0.0037,0.0446
041311,Howard Memorial Hospital,Nashville,AR,Arkansas,Critical access hospital (small rural),Nonprofit,Rural,20.0,2023,-0.0208,-635457.0,30589088.0,1,1 year,1,"Howard Memorial Hospital (Nashville, AR)",43,73,0.0037,0.0446
041312,Bhmc-Heber Springs,Heber Springs,AR,Arkansas,Critical access hospital (small rural),Nonprofit,Rural,25.0,2023,0.0089,242508.0,27106640.0,0,Made money,0,"Bhmc-Heber Springs (Heber Springs, AR)",35,73,0.0037,0.0446
041313,Ozark Health  Inc,Clinton,AR,Arkansas,Critical access hospital (small rural),Nonprofit,Rural,25.0,2023,0.0131,496372.0,37884850.0,0,Made money,0,"Ozark Health  Inc (Clinton, AR)",34,73,0.0037,0.0446
041314,Dewitt Hospital & Nursing Home  Inc,Dewitt,AR,Arkansas,Critical access hospital (small rural),Nonprofit,Rural,25.0,2022,0.0728,1011800.0,13890817.0,0,Made money,0,"Dewitt Hospital & Nursing Home  Inc (Dewitt, AR)",1,2,0.0037,0.0446
041316,Smc Medical Center,Osceola,AR,Arkansas,Critical access hospital (small rural),Government,Rural,25.0,2023,-0.078,-792740.0,10159048.0,1,1 year,1,"Smc Medical Center (Osceola, AR)",58,73,0.0037,0.0446
041317,Dallas County Medical Center,Fordyce,AR,Arkansas,Critical access hospital (small rural),Government,Rural,22.0,2023,0.1162,1564181.0,13464644.0,0,Made money,0,"Dallas County Medical Center (Fordyce, AR)",7,73,0.0037,0.0446
041318,Mercy Hospital Booneville,Booneville,AR,Arkansas,Critical access hospital (small rural),Nonprofit,Rural,12.0,2023,-0.0263,-411885.0,15658561.0,1,1 year,1,"Mercy Hospital Booneville (Booneville, AR)",46,73,0.0037,0.0446
041320,Little River Memorial,Ashdown,AR,Arkansas,Critical access hospital (small rural),Government,Urban,25.0,2023,-0.1123,-1204578.0,10729897.0,2,2 years,2,"Little River Memorial (Ashdown, AR)",61,73,0.0037,0.0446
041321,Baptist Health Med Ctr Arkadelphia,Arkadelphia,AR,Arkansas,Critical access hospital (small rural),Nonprofit,Rural,25.0,2023,-0.0048,-150052.0,31008424.0,1,1 year,1,"Baptist Health Med Ctr Arkadelphia (Arkadelphia, AR)",38,73,0.0037,0.0446
041322,Fulton County Hospital,Salem,AR,Arkansas,Critical access hospital (small rural),Government,Rural,25.0,2023,0.2761,4418975.0,16007715.0,0,Made money,0,"Fulton County Hospital (Salem, AR)",1,73,0.0037,0.0446
041323,Ashley County Medical Center,Crossett,AR,Arkansas,Critical access hospital (small rural),Nonprofit,Rural,25.0,2023,0.0046,194584.0,42363127.0,0,Made money,0,"Ashley County Medical Center (Crossett, AR)",36,73,0.0037,0.0446
041324,St. Vincent Morrilton,Morrilton,AR,Arkansas,Critical access hospital (small rural),Nonprofit,Rural,25.0,2023,-0.2198,-4266645.0,19410516.0,2,2 years,2,"St. Vincent Morrilton (Morrilton, AR)",68,73,0.0037,0.0446
041326,Delta Memorial Hospital,Dumas,AR,Arkansas,Critical access hospital (small rural),Nonprofit,Rural,25.0,2023,0.0037,75526.0,20325516.0,0,Made money,0,"Delta Memorial Hospital (Dumas, AR)",37,73,0.0037,0.0446
041327,Bradley County Medical Center,Warren,AR,Arkansas,Critical access hospital (small rural),Nonprofit,Rural,25.0,2023,-0.0235,-596545.0,25422470.0,2,2 years,2,"Bradley County Medical Center (Warren, AR)",45,73,0.0037,0.0446
041328,Chicot Memorial Medical Center,Lake Village,AR,Arkansas,Critical access hospital (small rural),Nonprofit,Rural,25.0,2023,0.024,509571.0,21233385.0,0,Made money,0,"Chicot Memorial Medical Center (Lake Village, AR)",28,73,0.0037,0.0446
041329,Mercy Hospital Berryville,Berryville,AR,Arkansas,Critical access hospital (small rural),Nonprofit,Rural,25.0,2023,0.031,583599.0,18826059.0,0,Made money,0,"Mercy Hospital Berryville (Berryville, AR)",25,73,0.0037,0.0446
041330,Piggott Community Hospital,Piggott,AR,Arkansas,Critical access hospital (small rural),Government,Rural,25.0,2023,-0.0759,-2050286.0,27000774.0,2,2 years,2,"Piggott Community Hospital (Piggott, AR)",57,73,0.0037,0.0446
041331,Ozarks Community Hospital Of Gravett,Gravette,AR,Arkansas,Critical access hospital (small rural),For-profit,Rural,25.0,2023,0.0276,1928732.0,69794371.0,0,Made money,0,"Ozarks Community Hospital Of Gravett (Gravette, AR)",26,73,0.0037,0.0446
041332,Unity Health - Newport,Newport,AR,Arkansas,Critical access hospital (small rural),Nonprofit,Rural,24.0,2023,0.0808,2366939.0,29282346.0,0,Made money,0,"Unity Health - Newport (Newport, AR)",12,73,0.0037,0.0446
050002,St Rose Hospital,Hayward,CA,California,General hospital,Nonprofit,Urban,153.0,2023,-0.0884,-10554157.0,119378528.0,5,5+ years,4,"St Rose Hospital (Hayward, CA)",271,315,0.0289,0.0446
050006,St. Joseph Hospital - Eureka,Eureka,CA,California,General hospital,Nonprofit,Rural,131.0,2023,-0.0472,-18355097.0,388736721.0,3,3-4 years,3,"St. Joseph Hospital - Eureka (Eureka, CA)",237,315,0.0289,0.0446
050007,Mills Peninsula Medical Center,Burlingame,CA,California,General hospital,Nonprofit,Urban,241.0,2023,0.0872,70060552.0,803118177.0,0,Made money,0,"Mills Peninsula Medical Center (Burlingame, CA)",83,315,0.0289,0.0446
050008,Cpmc-R.K. Davies Medical Center,San Francisco,CA,California,General hospital,Nonprofit,Urban,105.0,2023,0.185,48542726.0,262329541.0,0,Made money,0,"Cpmc-R.K. Davies Medical Center (San Francisco, CA)",19,315,0.0289,0.0446
050009,Queen Of The Valley Medical Center,Napa,CA,California,General hospital,Nonprofit,Urban,139.0,2023,0.0043,1524619.0,355949590.0,0,Made money,0,"Queen Of The Valley Medical Center (Napa, CA)",193,315,0.0289,0.0446
050013,Adventist Health St. Helena,St. Helena,CA,California,General hospital,Nonprofit,Urban,141.0,2023,-0.0523,-15645549.0,299215827.0,11,5+ years,4,"Adventist Health St. Helena (St. Helena, CA)",241,315,0.0289,0.0446
050014,Sutter Amador Hospital,Jackson,CA,California,General hospital,Nonprofit,Rural,52.0,2023,0.0579,6315809.0,109083739.0,0,Made money,0,"Sutter Amador Hospital (Jackson, CA)",114,315,0.0289,0.0446
050017,Mercy General Hospital,Sacramento,CA,California,General hospital,Nonprofit,Urban,283.0,2023,0.0758,60424106.0,796718059.0,0,Made money,0,"Mercy General Hospital (Sacramento, CA)",91,315,0.0289,0.0446
050022,Riverside Community Hospital,Riverside,CA,California,General hospital,For-profit,Urban,517.0,2023,0.2063,167799535.0,813263457.0,0,Made money,0,"Riverside Community Hospital (Riverside, CA)",14,315,0.0289,0.0446
050024,Paradise Valley Hospital,National City,CA,California,General hospital,For-profit,Urban,230.0,2023,0.0247,3554638.0,144140403.0,0,Made money,0,"Paradise Valley Hospital (National City, CA)",168,315,0.0289,0.0446
050025,Ucsd Medical Center,San Diego,CA,California,General hospital,Government,Urban,828.0,2023,0.0513,192501430.0,3750943954.0,0,Made money,0,"Ucsd Medical Center (San Diego, CA)",123,315,0.0289,0.0446
050026,Grossmont Hospital,La Mesa,CA,California,General hospital,Nonprofit,Urban,448.0,2023,0.0691,71149843.0,1029034798.0,0,Made money,0,"Grossmont Hospital (La Mesa, CA)",100,315,0.0289,0.0446
050028,Mad River Community Hospital,Arcata,CA,California,General hospital,For-profit,Rural,49.0,2023,-0.1175,-6381696.0,54299211.0,1,1 year,1,"Mad River Community Hospital (Arcata, CA)",281,315,0.0289,0.0446
050030,Oroville Hospital,Oroville,CA,California,General hospital,Nonprofit,Urban,153.0,2023,0.0376,15105882.0,401873207.0,0,Made money,0,"Oroville Hospital (Oroville, CA)",149,315,0.0289,0.0446
050036,Bakersfield Memorial Hospital,Bakersfield,CA,California,General hospital,Nonprofit,Urban,385.0,2023,0.1396,96422074.0,690871879.0,0,Made money,0,"Bakersfield Memorial Hospital (Bakersfield, CA)",43,315,0.0289,0.0446
050038,Santa Clara Valley Medical Center,San Jose,CA,California,General hospital,Government,Urban,863.0,2023,0.0102,35927613.0,3518194898.0,0,Made money,0,"Santa Clara Valley Medical Center (San Jose, CA)",187,315,0.0289,0.0446
050039,Enloe Medical Center,Chico,CA,California,General hospital,Nonprofit,Urban,258.0,2023,0.0748,75612794.0,1010432253.0,0,Made money,0,"Enloe Medical Center (Chico, CA)",94,315,0.0289,0.0446
050040,Lac Olive View/Ucla Medical Center,Sylmar,CA,California,General hospital,Government,Urban,241.0,2023,-0.0771,-75928373.0,985206202.0,12,5+ years,4,"Lac Olive View/Ucla Medical Center (Sylmar, CA)",262,315,0.0289,0.0446
050042,St Elizabeth  Community Hosptial,Red Bluff,CA,California,General hospital,Nonprofit,Rural,49.0,2023,0.2317,48152191.0,207787699.0,0,Made money,0,"St Elizabeth  Community Hosptial (Red Bluff, CA)",11,315,0.0289,0.0446
050043,Summit Medical Center,Oakland,CA,California,General hospital,Nonprofit,Urban,251.0,2023,0.0835,47570035.0,569966229.0,0,Made money,0,"Summit Medical Center (Oakland, CA)",85,315,0.0289,0.0446
050045,El Centro Regional Medical Center,El Centro,CA,California,General hospital,Government,Urban,161.0,2023,0.0178,2978788.0,167150289.0,0,Made money,0,"El Centro Regional Medical Center (El Centro, CA)",184,315,0.0289,0.0446
050047,California Pacific Medical Center,San Francisco,CA,California,General hospital,Nonprofit,Urban,274.0,2023,-0.0633,-72971489.0,1152106510.0,3,3-4 years,3,"California Pacific Medical Center (San Francisco, CA)",252,315,0.0289,0.0446
050054,San Gorgonio Memorial,Banning,CA,California,General hospital,Government,Urban,79.0,2023,0.0444,4800224.0,108155440.0,0,Made money,0,"San Gorgonio Memorial (Banning, CA)",136,315,0.0289,0.0446
050055,Cpmc - Mission Bernal Campus,San Francisco,CA,California,General hospital,Nonprofit,Urban,120.0,2023,-0.1784,-35212972.0,197333757.0,9,5+ years,4,"Cpmc - Mission Bernal Campus (San Francisco, CA)",299,315,0.0289,0.0446
050056,Antelope Valley Hospital,Lancaster,CA,California,General hospital,Government,Urban,393.0,2023,0.0258,13834459.0,535184138.0,0,Made money,0,"Antelope Valley Hospital (Lancaster, CA)",163,315,0.0289,0.0446
050057,Kaweah Delta Medical Center,Visalia,CA,California,General hospital,Government,Urban,430.0,2023,0.0227,20256625.0,892055559.0,0,Made money,0,"Kaweah Delta Medical Center (Visalia, CA)",176,315,0.0289,0.0446
050058,Glendale Memorial Hospital & Hlth Ct,Glendale,CA,California,General hospital,Nonprofit,Urban,241.0,2023,-0.1649,-45460944.0,275643255.0,4,3-4 years,3,"Glendale Memorial Hospital & Hlth Ct (Glendale, CA)",294,315,0.0289,0.0446
050060,Community Regional Medical Center,Fresno,CA,California,General hospital,Nonprofit,Urban,783.0,2023,0.1467,279776907.0,1907772716.0,0,Made money,0,"Community Regional Medical Center (Fresno, CA)",40,315,0.0289,0.0446
050063,Hollywood Presbyterian Medical Cntr,Los Angeles,CA,California,General hospital,For-profit,Urban,317.0,2023,-0.0011,-548810.0,484810383.0,2,2 years,2,"Hollywood Presbyterian Medical Cntr (Los Angeles, CA)",203,315,0.0289,0.0446
050067,Oak Valley District Hospital,Oakdale,CA,California,General hospital,Government,Urban,35.0,2023,0.1078,10060767.0,93326540.0,0,Made money,0,"Oak Valley District Hospital (Oakdale, CA)",67,315,0.0289,0.0446
050069,St. Joseph Hospital Of Orange,Orange,CA,California,General hospital,Nonprofit,Urban,330.0,2023,-0.0263,-24983910.0,949096781.0,3,3-4 years,3,"St. Joseph Hospital Of Orange (Orange, CA)",223,315,0.0289,0.0446
050070,Kfh - South San Francisco,South San Francisco,CA,California,General hospital,Nonprofit,Urban,120.0,2023,0.0687,21482085.0,312919152.0,0,Made money,0,"Kfh - South San Francisco (South San Francisco, CA)",101,315,0.0289,0.0446
050071,Kfh - Santa Clara,Santa Clara,CA,California,General hospital,Nonprofit,Urban,355.0,2023,0.1439,191788816.0,1332892344.0,0,Made money,0,"Kfh - Santa Clara (Santa Clara, CA)",41,315,0.0289,0.0446
050072,Kfh - Walnut Creek,Walnut Creek,CA,California,General hospital,Nonprofit,Urban,249.0,2023,-0.098,-67062125.0,684125603.0,3,3-4 years,3,"Kfh - Walnut Creek (Walnut Creek, CA)",272,315,0.0289,0.0446
050073,Kfh - Vallejo,Vallejo,CA,California,General hospital,Nonprofit,Urban,184.0,2023,0.009,5063193.0,560545555.0,0,Made money,0,"Kfh - Vallejo (Vallejo, CA)",188,315,0.0289,0.0446
050075,Kfh - Oakland,Oakland,CA,California,General hospital,Nonprofit,Urban,365.0,2023,0.0026,3244623.0,1239366197.0,0,Made money,0,"Kfh - Oakland (Oakland, CA)",196,315,0.0289,0.0446
050076,Kfh - San Francisco,San Francisco,CA,California,General hospital,Nonprofit,Urban,239.0,2023,0.0429,32755857.0,763259176.0,0,Made money,0,"Kfh - San Francisco (San Francisco, CA)",139,315,0.0289,0.0446
050077,Scripps Mercy Hospital,San Diego,CA,California,General hospital,Nonprofit,Urban,487.0,2023,-0.0619,-62456074.0,1008290838.0,2,2 years,2,"Scripps Mercy Hospital (San Diego, CA)",250,315,0.0289,0.0446
050078,Providence Lttl Co Mary Mc San Pedro,San Pedro,CA,California,General hospital,Nonprofit,Urban,97.0,2023,-0.1699,-37662983.0,221632121.0,9,5+ years,4,"Providence Lttl Co Mary Mc San Pedro (San Pedro, CA)",295,315,0.0289,0.0446
050082,St. Johns Regional Medical Center,Oxnard,CA,California,General hospital,Nonprofit,Urban,298.0,2023,0.0074,4878561.0,658081289.0,0,Made money,0,"St. Johns Regional Medical Center (Oxnard, CA)",190,315,0.0289,0.0446
050084,St. Josephs Medical Center,Stockton,CA,California,General hospital,Nonprofit,Urban,343.0,2023,0.1285,113078488.0,879709676.0,0,Made money,0,"St. Josephs Medical Center (Stockton, CA)",52,315,0.0289,0.0446
050089,Community Hospital Of San Bernardino,San Bernardino,CA,California,General hospital,Nonprofit,Urban,185.0,2023,0.0367,12090901.0,329526527.0,0,Made money,0,"Community Hospital Of San Bernardino (San Bernardino, CA)",150,315,0.0289,0.0446
050090,Sonoma Valley Health Care District,Sonoma,CA,California,General hospital,Government,Urban,24.0,2023,0.0392,2729559.0,69709743.0,0,Made money,0,"Sonoma Valley Health Care District (Sonoma, CA)",144,315,0.0289,0.0446
050091,Community Hospital Of Huntington Par,Huntington Park,CA,California,General hospital,For-profit,Urban,81.0,2023,0.1568,12638020.0,80588747.0,0,Made money,0,"Community Hospital Of Huntington Par (Huntington Park, CA)",31,315,0.0289,0.0446
050093,St. Agnes Medical Center,Fresno,CA,California,General hospital,Nonprofit,Urban,384.0,2023,-0.103,-64679717.0,628189594.0,3,3-4 years,3,"St. Agnes Medical Center (Fresno, CA)",276,315,0.0289,0.0446
050096,West Covina Medical Center,West Covina,CA,California,General hospital,For-profit,Urban,13.0,2022,0.5791,24252130.0,41876077.0,0,Made money,0,"West Covina Medical Center (West Covina, CA)",1,4,0.0289,0.0446
050099,San Antonio Regional Hospital,Upland,CA,California,General hospital,Nonprofit,Urban,363.0,2023,0.066,31150224.0,472173015.0,0,Made money,0,"San Antonio Regional Hospital (Upland, CA)",103,315,0.0289,0.0446
050100,Sharp Memorial Hospital,San Diego,CA,California,General hospital,Nonprofit,Urban,745.0,2023,0.1815,291741190.0,1607288189.0,0,Made money,0,"Sharp Memorial Hospital (San Diego, CA)",21,315,0.0289,0.0446
050101,Sutter Solano Medical Center,Vallejo,CA,California,General hospital,Nonprofit,Urban,106.0,2023,-0.0245,-4164205.0,169856554.0,6,5+ years,4,"Sutter Solano Medical Center (Vallejo, CA)",219,315,0.0289,0.0446
050102,Doctors Hospital Of Riverside,Riverside,CA,California,General hospital,For-profit,Urban,193.0,2023,-0.0571,-7486096.0,131062581.0,1,1 year,1,"Doctors Hospital Of Riverside (Riverside, CA)",245,315,0.0289,0.0446
050103,Adventist Health White Memorial,Los Angeles,CA,California,General hospital,Nonprofit,Urban,426.0,2023,0.1636,116175634.0,710254707.0,0,Made money,0,"Adventist Health White Memorial (Los Angeles, CA)",28,315,0.0289,0.0446
050104,St Francis Medical Center,Lynwood,CA,California,General hospital,Nonprofit,Urban,354.0,2023,0.1935,86942082.0,449202811.0,0,Made money,0,"St Francis Medical Center (Lynwood, CA)",15,315,0.0289,0.0446
050234,Sharp Coronado Hospital,Coronado,CA,California,General hospital,Nonprofit,Urban,59.0,2023,0.1305,23201238.0,177821762.0,0,Made money,0,"Sharp Coronado Hospital (Coronado, CA)",50,315,0.0289,0.0446
050107,Marian Medical Center,Santa Maria,CA,California,General hospital,Nonprofit,Urban,238.0,2023,0.1557,137762265.0,884961780.0,0,Made money,0,"Marian Medical Center (Santa Maria, CA)",33,315,0.0289,0.0446
050108,Sutter Medical Center - Sacramento,Sacramento,CA,California,General hospital,Nonprofit,Urban,523.0,2023,0.0749,123386176.0,1648228726.0,0,Made money,0,"Sutter Medical Center - Sacramento (Sacramento, CA)",93,315,0.0289,0.0446
050110,Lompoc Valley Medical Center,Lompoc,CA,California,General hospital,Government,Urban,60.0,2023,0.043,7138748.0,165960240.0,0,Made money,0,"Lompoc Valley Medical Center (Lompoc, CA)",138,315,0.0289,0.0446
050112,Santa Monica Ucla Medical Center,Santa Monica,CA,California,General hospital,Government,Urban,281.0,2023,0.0723,64681736.0,894915562.0,0,Made money,0,"Santa Monica Ucla Medical Center (Santa Monica, CA)",97,315,0.0289,0.0446
050113,San Mateo Medical Center,San Mateo,CA,California,General hospital,Government,Urban,69.0,2023,-0.037,-16671562.0,450693113.0,2,2 years,2,"San Mateo Medical Center (San Mateo, CA)",233,315,0.0289,0.0446
050115,Palomar Medical Center Escondido,Escondido,CA,California,General hospital,Government,Urban,292.0,2023,0.0006,368176.0,597790969.0,0,Made money,0,"Palomar Medical Center Escondido (Escondido, CA)",200,315,0.0289,0.0446
050116,Northridge Medical Center - Roscoe,Northridge,CA,California,General hospital,Nonprofit,Urban,318.0,2023,0.0495,26538511.0,536461661.0,0,Made money,0,"Northridge Medical Center - Roscoe (Northridge, CA)",125,315,0.0289,0.0446
050118,Doctors Hospital Of Manteca,Manteca,CA,California,General hospital,For-profit,Urban,73.0,2023,0.1003,11987138.0,119469724.0,0,Made money,0,"Doctors Hospital Of Manteca (Manteca, CA)",72,315,0.0289,0.0446
050121,Adventist Health Hanford,Hanford,CA,California,General hospital,Nonprofit,Urban,235.0,2023,0.1283,57192915.0,445881441.0,0,Made money,0,"Adventist Health Hanford (Hanford, CA)",53,315,0.0289,0.0446
050122,Dameron Hospital,Stockton,CA,California,General hospital,Nonprofit,Urban,170.0,2023,-0.3803,-45214381.0,118885294.0,8,5+ years,4,"Dameron Hospital (Stockton, CA)",308,315,0.0289,0.0446
050124,Verdugo Hills Hospital,Glendale,CA,California,General hospital,Nonprofit,Urban,135.0,2023,-0.4056,-67433866.0,166265772.0,2,2 years,2,"Verdugo Hills Hospital (Glendale, CA)",310,315,0.0289,0.0446
050125,Regional Medical Center Of San Jose,San Jose,CA,California,General hospital,For-profit,Urban,252.0,2023,-0.286,-108639245.0,379854486.0,7,5+ years,4,"Regional Medical Center Of San Jose (San Jose, CA)",305,315,0.0289,0.0446
050126,Valley Presbyterian Hospital,Van Nuys,CA,California,General hospital,Nonprofit,Urban,333.0,2023,0.0005,289289.0,546420493.0,0,Made money,0,"Valley Presbyterian Hospital (Van Nuys, CA)",201,315,0.0289,0.0446
050127,Woodland Healthcare,Woodland,CA,California,General hospital,Nonprofit,Urban,74.0,2023,0.0252,5908159.0,234721406.0,0,Made money,0,"Woodland Healthcare (Woodland, CA)",165,315,0.0289,0.0446
050128,Tri-City Medical Center,Oceanside,CA,California,General hospital,Government,Urban,263.0,2023,-0.082,-25093516.0,306128929.0,3,3-4 years,3,"Tri-City Medical Center (Oceanside, CA)",267,315,0.0289,0.0446
050129,St. Bernardine Medical Center,San Bernardino,CA,California,General hospital,Nonprofit,Urban,318.0,2023,0.0401,21932716.0,547486848.0,0,Made money,0,"St. Bernardine Medical Center (San Bernardino, CA)",142,315,0.0289,0.0446
050131,Novato Community Hospital,Novato,CA,California,General hospital,Nonprofit,Urban,47.0,2023,0.0394,4127355.0,104642548.0,0,Made money,0,"Novato Community Hospital (Novato, CA)",143,315,0.0289,0.0446
050132,San Gabriel Valley Medical Center,San Gabriel,CA,California,General hospital,For-profit,Urban,187.0,2023,-0.073,-14656136.0,200835933.0,3,3-4 years,3,"San Gabriel Valley Medical Center (San Gabriel, CA)",260,315,0.0289,0.0446
050133,Adventist Health And Rideout,Marysville,CA,California,General hospital,Nonprofit,Urban,209.0,2023,-0.0754,-37310873.0,495147269.0,4,3-4 years,3,"Adventist Health And Rideout (Marysville, CA)",261,315,0.0289,0.0446
050135,So Calif Hospital At Hollywood,Hollywood,CA,California,General hospital,For-profit,Urban,545.0,2023,0.0751,34511422.0,459811700.0,0,Made money,0,"So Calif Hospital At Hollywood (Hollywood, CA)",92,315,0.0289,0.0446
050136,Petaluma Valley Hospital,Petaluma,CA,California,General hospital,Nonprofit,Urban,59.0,2023,-0.1311,-11045228.0,84263943.0,3,3-4 years,3,"Petaluma Valley Hospital (Petaluma, CA)",286,315,0.0289,0.0446
050137,Kfh - Panorama City,Panorama City,CA,California,General hospital,Nonprofit,Urban,218.0,2023,0.3253,160847271.0,494483266.0,0,Made money,0,"Kfh - Panorama City (Panorama City, CA)",1,315,0.0289,0.0446
050138,Kfh - Los Angeles,Los Angeles,CA,California,General hospital,Nonprofit,Urban,492.0,2023,0.1573,205530772.0,1306338575.0,0,Made money,0,"Kfh - Los Angeles (Los Angeles, CA)",30,315,0.0289,0.0446
050139,Kfh - Downey,Bellflower,CA,California,General hospital,Nonprofit,Urban,424.0,2023,-0.0255,-23207180.0,910102871.0,2,2 years,2,"Kfh - Downey (Bellflower, CA)",221,315,0.0289,0.0446
050140,Kfh - Fontana,Fontana,CA,California,General hospital,Nonprofit,Urban,664.0,2023,0.0653,97746669.0,1496199831.0,0,Made money,0,"Kfh - Fontana (Fontana, CA)",106,315,0.0289,0.0446
050145,Community Hosp. Monterey Peninsula,Monterey,CA,California,General hospital,Nonprofit,Urban,227.0,2023,0.1218,112263438.0,922066957.0,0,Made money,0,"Community Hosp. Monterey Peninsula (Monterey, CA)",58,315,0.0289,0.0446
050146,City Of Hope National Medical Ctr,Duarte,CA,California,General hospital,Nonprofit,Urban,234.0,2023,0.0711,181926277.0,2559240127.0,0,Made money,0,"City Of Hope National Medical Ctr (Duarte, CA)",99,315,0.0289,0.0446
050149,California Hospital Medical Center,Los Angeles,CA,California,General hospital,Nonprofit,Urban,318.0,2023,0.0449,28501484.0,634172296.0,0,Made money,0,"California Hospital Medical Center (Los Angeles, CA)",135,315,0.0289,0.0446
050150,Sierra Nevada Memorial Hospital,Grass Valley,CA,California,General hospital,Nonprofit,Rural,104.0,2023,0.1528,33872124.0,221701830.0,0,Made money,0,"Sierra Nevada Memorial Hospital (Grass Valley, CA)",38,315,0.0289,0.0446
050152,Saint Francis Memorial Hospital,San Francisco,CA,California,General hospital,Nonprofit,Urban,239.0,2023,-0.6757,-138891008.0,205545330.0,3,3-4 years,3,"Saint Francis Memorial Hospital (San Francisco, CA)",314,315,0.0289,0.0446
050158,Encino Hospital,Encino,CA,California,General hospital,Nonprofit,Urban,82.0,2023,-0.0781,-4131735.0,52892198.0,1,1 year,1,"Encino Hospital (Encino, CA)",264,315,0.0289,0.0446
050159,Ventura County Medical Center,Ventura,CA,California,General hospital,Government,Urban,272.0,2023,-0.0628,-39458997.0,628140408.0,2,2 years,2,"Ventura County Medical Center (Ventura, CA)",251,315,0.0289,0.0446
050167,San Joaquin General Hospital,French Camp,CA,California,General hospital,Government,Urban,152.0,2023,0.0242,11957357.0,494844353.0,0,Made money,0,"San Joaquin General Hospital (French Camp, CA)",169,315,0.0289,0.0446
050168,St Jude Medical Center Fullerton,Fullerton,CA,California,General hospital,Nonprofit,Urban,290.0,2023,-0.0011,-1000288.0,947164886.0,1,1 year,1,"St Jude Medical Center Fullerton (Fullerton, CA)",203,315,0.0289,0.0446
050169,Pih Health Whittier Hospital,Whittier,CA,California,General hospital,Nonprofit,Urban,405.0,2023,0.06,53375220.0,890003229.0,0,Made money,0,"Pih Health Whittier Hospital (Whittier, CA)",112,315,0.0289,0.0446
050174,Santa Rosa Memorial Hospital,Santa Rosa,CA,California,General hospital,Nonprofit,Urban,255.0,2023,-0.045,-32207683.0,714960660.0,3,3-4 years,3,"Santa Rosa Memorial Hospital (Santa Rosa, CA)",235,315,0.0289,0.0446
050179,Emanuel Medical Center,Turlock,CA,California,General hospital,For-profit,Urban,209.0,2023,0.1554,49998891.0,321754700.0,0,Made money,0,"Emanuel Medical Center (Turlock, CA)",34,315,0.0289,0.0446
050180,John Muir Medical Center - Wc,Walnut Creek,CA,California,General hospital,Nonprofit,Urban,366.0,2023,0.0552,63508791.0,1149498532.0,0,Made money,0,"John Muir Medical Center - Wc (Walnut Creek, CA)",118,315,0.0289,0.0446
050191,St. Mary Medical Center,Long Beach,CA,California,General hospital,Nonprofit,Urban,273.0,2023,-0.0327,-15051473.0,460191532.0,4,3-4 years,3,"St. Mary Medical Center (Long Beach, CA)",227,315,0.0289,0.0446
050192,Adventist Health Reedley,Reedley,CA,California,General hospital,Nonprofit,Urban,49.0,2023,0.0657,13669348.0,208004920.0,0,Made money,0,"Adventist Health Reedley (Reedley, CA)",105,315,0.0289,0.0446
050194,Watsonville Community Hosptial,Watsonville,CA,California,General hospital,Nonprofit,Urban,106.0,2023,-0.0456,-6323258.0,138650233.0,1,1 year,1,"Watsonville Community Hosptial (Watsonville, CA)",236,315,0.0289,0.0446
050195,Washington Hospital District,Fremont,CA,California,General hospital,Government,Urban,385.0,2023,0.0484,30570526.0,631623333.0,0,Made money,0,"Washington Hospital District (Fremont, CA)",128,315,0.0289,0.0446
050197,Sequoia Hospital,Redwood City,CA,California,General hospital,Nonprofit,Urban,208.0,2023,0.0479,16375170.0,341929829.0,0,Made money,0,"Sequoia Hospital (Redwood City, CA)",131,315,0.0289,0.0446
050204,Palmdale Regional Medical Center,Palmdale,CA,California,General hospital,For-profit,Urban,157.0,2023,-0.098,-24542739.0,250363409.0,3,3-4 years,3,"Palmdale Regional Medical Center (Palmdale, CA)",272,315,0.0289,0.0446
050211,Alameda Hospital,Alameda,CA,California,General hospital,Government,Urban,66.0,2023,-0.1739,-25416687.0,146147177.0,2,2 years,2,"Alameda Hospital (Alameda, CA)",298,315,0.0289,0.0446
050222,Sharp Chula Vista Medical Center,Chula Vista,CA,California,General hospital,Nonprofit,Urban,349.0,2023,0.0517,33100338.0,640004013.0,0,Made money,0,"Sharp Chula Vista Medical Center (Chula Vista, CA)",122,315,0.0289,0.0446
050224,Hoag Memorial Hospital Presbyterian,Newport Beach,CA,California,General hospital,Nonprofit,Urban,512.0,2023,0.1536,302767582.0,1970823403.0,0,Made money,0,"Hoag Memorial Hospital Presbyterian (Newport Beach, CA)",36,315,0.0289,0.0446
050226,Anaheim Regional Medical Center,Anaheim,CA,California,General hospital,For-profit,Urban,223.0,2023,-0.1028,-17887477.0,174012786.0,2,2 years,2,"Anaheim Regional Medical Center (Anaheim, CA)",275,315,0.0289,0.0446
050228,Zuckerberg San Francisco General,San Francisco,CA,California,General hospital,Government,Urban,284.0,2023,-0.0722,-95943251.0,1329250279.0,2,2 years,2,"Zuckerberg San Francisco General (San Francisco, CA)",259,315,0.0289,0.0446
050230,Garden Grove Hospital Medical Center,Garden Grove,CA,California,General hospital,For-profit,Urban,167.0,2023,-0.0504,-3619038.0,71829204.0,1,1 year,1,"Garden Grove Hospital Medical Center (Garden Grove, CA)",240,315,0.0289,0.0446
050231,Pomona Valley Hospital Med Ctr,Pomona,CA,California,General hospital,Nonprofit,Urban,412.0,2023,0.0319,26516610.0,830211571.0,0,Made money,0,"Pomona Valley Hospital Med Ctr (Pomona, CA)",152,315,0.0289,0.0446
050232,French Hospital Medical Center,San Luis Obispo,CA,California,General hospital,Nonprofit,Urban,98.0,2023,0.0601,14225301.0,236586990.0,0,Made money,0,"French Hospital Medical Center (San Luis Obispo, CA)",111,315,0.0289,0.0446
050235,Providence St Joseph Medical Center,Burbank,CA,California,General hospital,Nonprofit,Urban,368.0,2023,-0.0772,-41411673.0,536375053.0,10,5+ years,4,"Providence St Joseph Medical Center (Burbank, CA)",263,315,0.0289,0.0446
050236,Adventist Health Simi Valley,Simi Valley,CA,California,General hospital,Nonprofit,Urban,144.0,2023,-0.069,-14914104.0,216229366.0,4,3-4 years,3,"Adventist Health Simi Valley (Simi Valley, CA)",257,315,0.0289,0.0446
050238,Usc Arcadia Hospital,Arcadia,CA,California,General hospital,Nonprofit,Urban,318.0,2023,-0.1374,-44753822.0,325772744.0,2,2 years,2,"Usc Arcadia Hospital (Arcadia, CA)",290,315,0.0289,0.0446
050239,Adventist Health Glendale,Glendale,CA,California,General hospital,Nonprofit,Urban,323.0,2023,-0.0327,-18938061.0,578389613.0,3,3-4 years,3,"Adventist Health Glendale (Glendale, CA)",227,315,0.0289,0.0446
050242,Dominican Hospital,Santa Cruz,CA,California,General hospital,Nonprofit,Urban,202.0,2023,0.1899,116748757.0,614876388.0,0,Made money,0,"Dominican Hospital (Santa Cruz, CA)",17,315,0.0289,0.0446
050243,Desert Hospital,Palm Springs,CA,California,General hospital,For-profit,Urban,326.0,2023,0.1346,88238653.0,655712033.0,0,Made money,0,"Desert Hospital (Palm Springs, CA)",46,315,0.0289,0.0446
050245,Arrowhead Regional Medical Center,Colton,CA,California,General hospital,Government,Urban,366.0,2023,0.0481,50537272.0,1051368321.0,0,Made money,0,"Arrowhead Regional Medical Center (Colton, CA)",129,315,0.0289,0.0446
050248,Natividad Medical Center,Salinas,CA,California,General hospital,Government,Urban,144.0,2023,0.0163,6958789.0,427033482.0,0,Made money,0,"Natividad Medical Center (Salinas, CA)",186,315,0.0289,0.0446
050254,Marshall Hospital,Placerville,CA,California,General hospital,Nonprofit,Urban,111.0,2023,0.0574,18889814.0,329258458.0,0,Made money,0,"Marshall Hospital (Placerville, CA)",116,315,0.0289,0.0446
050257,Good Samaritan Hospital-Bakersfield,Bakersfield,CA,California,General hospital,For-profit,Urban,43.0,2023,-0.0043,-178453.0,41830797.0,1,1 year,1,"Good Samaritan Hospital-Bakersfield (Bakersfield, CA)",209,315,0.0289,0.0446
050261,Sierra View Medical Center,Porterville,CA,California,General hospital,Government,Urban,128.0,2023,-0.0062,-1062972.0,171544024.0,4,3-4 years,3,"Sierra View Medical Center (Porterville, CA)",210,315,0.0289,0.0446
050262,Ronald Reagan Ucla,Los Angeles,CA,California,General hospital,Government,Urban,446.0,2023,0.0905,324110416.0,3581050523.0,0,Made money,0,"Ronald Reagan Ucla (Los Angeles, CA)",78,315,0.0289,0.0446
050272,Redlands Community Hospital,Redlands,CA,California,General hospital,Nonprofit,Urban,196.0,2023,0.1923,51412109.0,267379025.0,0,Made money,0,"Redlands Community Hospital (Redlands, CA)",16,315,0.0289,0.0446
050276,Contra Costa Regional Medical Center,Martinez,CA,California,General hospital,Government,Urban,124.0,2023,0.0792,71356458.0,900492623.0,0,Made money,0,"Contra Costa Regional Medical Center (Martinez, CA)",89,315,0.0289,0.0446
050278,Providence Holy Cross Med. Center,Mission Hills,CA,California,General hospital,Nonprofit,Urban,285.0,2023,-0.0369,-23304588.0,631133084.0,3,3-4 years,3,"Providence Holy Cross Med. Center (Mission Hills, CA)",231,315,0.0289,0.0446
050279,Hi - Desert Medical Center,Joshua Tree,CA,California,General hospital,Government,Urban,55.0,2023,0.0255,2139340.0,84005528.0,0,Made money,0,"Hi - Desert Medical Center (Joshua Tree, CA)",164,315,0.0289,0.0446
050280,Mercy Medical Center Redding,Redding,CA,California,General hospital,Nonprofit,Urban,262.0,2023,0.2364,187063436.0,791159405.0,0,Made money,0,"Mercy Medical Center Redding (Redding, CA)",7,315,0.0289,0.0446
050281,Alhambra Hospital,Alhambra,CA,California,General hospital,For-profit,Urban,101.0,2023,-0.0182,-4983983.0,273713150.0,1,1 year,1,"Alhambra Hospital (Alhambra, CA)",216,315,0.0289,0.0446
050283,Stanford Health Care Tri-Valley,Pleasanton,CA,California,General hospital,Nonprofit,Urban,166.0,2023,0.0266,14330186.0,539454659.0,0,Made money,0,"Stanford Health Care Tri-Valley (Pleasanton, CA)",161,315,0.0289,0.0446
050289,Seton Medical Center,Daly City,CA,California,General hospital,For-profit,Urban,188.0,2023,-0.2347,-38736794.0,165055235.0,3,3-4 years,3,"Seton Medical Center (Daly City, CA)",303,315,0.0289,0.0446
050290,Providence St Johns Health Center,Santa Monica,CA,California,General hospital,Nonprofit,Urban,229.0,2023,-0.2125,-100078060.0,470905383.0,9,5+ years,4,"Providence St Johns Health Center (Santa Monica, CA)",302,315,0.0289,0.0446
050291,Sutter Santa Rosa Regional Hospital,Santa Rosa,CA,California,General hospital,Nonprofit,Urban,124.0,2023,0.021,9525859.0,453354885.0,0,Made money,0,"Sutter Santa Rosa Regional Hospital (Santa Rosa, CA)",180,315,0.0289,0.0446
050292,Riverside University Health System,Moreno Valley,CA,California,General hospital,Government,Urban,423.0,2023,-0.0248,-24984964.0,1006409011.0,2,2 years,2,"Riverside University Health System (Moreno Valley, CA)",220,315,0.0289,0.0446
050295,Mercy Hospital,Bakersfield,CA,California,General hospital,Nonprofit,Urban,229.0,2023,0.1214,56277896.0,463715200.0,0,Made money,0,"Mercy Hospital (Bakersfield, CA)",59,315,0.0289,0.0446
050298,Barstow Community Hospital,Barstow,CA,California,General hospital,For-profit,Urban,30.0,2023,0.1096,8036260.0,73342546.0,0,Made money,0,"Barstow Community Hospital (Barstow, CA)",63,315,0.0289,0.0446
050300,St. Mary Medical Center,Apple Valley,CA,California,General hospital,Nonprofit,Urban,214.0,2023,0.0212,8686895.0,410022566.0,0,Made money,0,"St. Mary Medical Center (Apple Valley, CA)",179,315,0.0289,0.0446
050301,Adventist Health Ukiah Valley,Ukiah,CA,California,General hospital,Nonprofit,Rural,50.0,2023,0.0502,13742408.0,273565069.0,0,Made money,0,"Adventist Health Ukiah Valley (Ukiah, CA)",124,315,0.0289,0.0446
050305,Alta Bates Medical Center,Berkeley,CA,California,General hospital,Nonprofit,Urban,315.0,2023,-0.0484,-36508137.0,754207495.0,7,5+ years,4,"Alta Bates Medical Center (Berkeley, CA)",238,315,0.0289,0.0446
050308,El Camino Hospital,Mountain View,CA,California,General hospital,Government,Urban,400.0,2023,0.2124,345406767.0,1626534037.0,0,Made money,0,"El Camino Hospital (Mountain View, CA)",13,315,0.0289,0.0446
050309,Sutter Roseville Medical Center,Roseville,CA,California,General hospital,Nonprofit,Urban,343.0,2023,0.1184,130835550.0,1105194319.0,0,Made money,0,"Sutter Roseville Medical Center (Roseville, CA)",60,315,0.0289,0.0446
050313,Sutter Tracy Community Hospital,Tracy,CA,California,General hospital,Nonprofit,Urban,77.0,2023,0.1777,33463286.0,188303424.0,0,Made money,0,"Sutter Tracy Community Hospital (Tracy, CA)",22,315,0.0289,0.0446
050315,Kern Medical Center,Bakersfield,CA,California,General hospital,Government,Urban,222.0,2023,0.0023,1286345.0,551415439.0,0,Made money,0,"Kern Medical Center (Bakersfield, CA)",197,315,0.0289,0.0446
050320,Alameda Health System,Oakland,CA,California,General hospital,Government,Urban,232.0,2023,0.0217,28482452.0,1315149060.0,0,Made money,0,"Alameda Health System (Oakland, CA)",177,315,0.0289,0.0446
050324,Scripps Memorial Hospital - La Jolla,La Jolla,CA,California,General hospital,Nonprofit,Urban,405.0,2023,0.1857,185341531.0,997871737.0,0,Made money,0,"Scripps Memorial Hospital - La Jolla (La Jolla, CA)",18,315,0.0289,0.0446
050327,Loma Linda University Medical Center,Loma Linda,CA,California,General hospital,Nonprofit,Urban,437.0,2023,0.0575,112917216.0,1962709961.0,0,Made money,0,"Loma Linda University Medical Center (Loma Linda, CA)",115,315,0.0289,0.0446
050329,Corona Regional Medical Center,Corona,CA,California,General hospital,For-profit,Urban,160.0,2023,0.0014,344245.0,238948266.0,0,Made money,0,"Corona Regional Medical Center (Corona, CA)",198,315,0.0289,0.0446
050334,Salinas Valley Memorial Hospital,Salinas,CA,California,General hospital,Government,Urban,240.0,2023,0.0995,70699945.0,710205985.0,0,Made money,0,"Salinas Valley Memorial Hospital (Salinas, CA)",73,315,0.0289,0.0446
050335,Adventist Health Sonora,Sonora,CA,California,General hospital,Nonprofit,Rural,84.0,2023,0.153,56422092.0,368735927.0,0,Made money,0,"Adventist Health Sonora (Sonora, CA)",37,315,0.0289,0.0446
050336,Adventist Health Lodi Memorial,Lodi,CA,California,General hospital,Nonprofit,Urban,186.0,2023,-0.0072,-2142645.0,296976804.0,2,2 years,2,"Adventist Health Lodi Memorial (Lodi, CA)",211,315,0.0289,0.0446
050342,Pioneers Mem. Hospital,Brawley,CA,California,General hospital,Government,Urban,107.0,2023,0.0638,10691357.0,167582213.0,0,Made money,0,"Pioneers Mem. Hospital (Brawley, CA)",108,315,0.0289,0.0446
050348,Uci Medical Center,Orange,CA,California,General hospital,Government,Urban,397.0,2023,-0.0007,-1518325.0,2222409064.0,1,1 year,1,"Uci Medical Center (Orange, CA)",202,315,0.0289,0.0446
050350,Beverly Hospital,Montebello,CA,California,General hospital,Nonprofit,Urban,202.0,2022,-0.3173,-46728441.0,147245928.0,4,3-4 years,3,"Beverly Hospital (Montebello, CA)",4,4,0.0289,0.0446
050351,Torrance Memorial Medical Center,Torrance,CA,California,General hospital,Nonprofit,Urban,493.0,2023,0.0542,50846936.0,937318081.0,0,Made money,0,"Torrance Memorial Medical Center (Torrance, CA)",121,315,0.0289,0.0446
050352,Barton Memorial Hospital,South Lake Tahoe,CA,California,General hospital,Nonprofit,Urban,63.0,2023,0.0869,19729783.0,227108518.0,0,Made money,0,"Barton Memorial Hospital (South Lake Tahoe, CA)",84,315,0.0289,0.0446
050353,Providence Lttl Co Mary Mc Torrance,Torrance,CA,California,General hospital,Nonprofit,Urban,338.0,2023,-0.1545,-81299646.0,526125869.0,10,5+ years,4,"Providence Lttl Co Mary Mc Torrance (Torrance, CA)",293,315,0.0289,0.0446
050357,Goleta Valley Cottage Hospital,Santa Barbara,CA,California,General hospital,Nonprofit,Urban,24.0,2023,0.2808,38494565.0,137075615.0,0,Made money,0,"Goleta Valley Cottage Hospital (Santa Barbara, CA)",3,315,0.0289,0.0446
050360,Marinhealth Medical Center,Greenbrae,CA,California,General hospital,Nonprofit,Urban,310.0,2023,0.0205,12204872.0,594865863.0,0,Made money,0,"Marinhealth Medical Center (Greenbrae, CA)",181,315,0.0289,0.0446
050367,Northbay Hospital Group,Fairfield,CA,California,General hospital,Nonprofit,Urban,204.0,2023,0.0495,38633773.0,781143721.0,0,Made money,0,"Northbay Hospital Group (Fairfield, CA)",125,315,0.0289,0.0446
050373,Los Angeles General Medical Center,Los Angeles,CA,California,General hospital,Government,Urban,564.0,2023,-0.1725,-369600768.0,2142973949.0,1,1 year,1,"Los Angeles General Medical Center (Los Angeles, CA)",297,315,0.0289,0.0446
050376,Harbor-Ucla Medical Center,Torrance,CA,California,General hospital,Government,Urban,374.0,2023,-0.1203,-199610293.0,1659557269.0,12,5+ years,4,"Harbor-Ucla Medical Center (Torrance, CA)",283,315,0.0289,0.0446
050378,Pacifica Hospital Of The Valley,Sun Valley,CA,California,General hospital,For-profit,Urban,133.0,2023,-0.0814,-8467618.0,104059332.0,1,1 year,1,"Pacifica Hospital Of The Valley (Sun Valley, CA)",266,315,0.0289,0.0446
050380,Good Samaritan Hospital,San Jose,CA,California,General hospital,For-profit,Urban,324.0,2023,0.2356,155129020.0,658417074.0,0,Made money,0,"Good Samaritan Hospital (San Jose, CA)",9,315,0.0289,0.0446
050382,Emanate Health Medical Center,Covina,CA,California,General hospital,Nonprofit,Urban,481.0,2023,0.0053,2910030.0,554032868.0,0,Made money,0,"Emanate Health Medical Center (Covina, CA)",192,315,0.0289,0.0446
050390,Hemet Valley Medical Center,Hemet,CA,California,General hospital,For-profit,Urban,230.0,2023,0.1331,23475715.0,176404902.0,0,Made money,0,"Hemet Valley Medical Center (Hemet, CA)",47,315,0.0289,0.0446
050393,Pih Health Hospital - Downey,Downey,CA,California,General hospital,Nonprofit,Urban,133.0,2023,-0.0348,-6661501.0,191288252.0,1,1 year,1,"Pih Health Hospital - Downey (Downey, CA)",230,315,0.0289,0.0446
050394,Cmh Of San Buenaventura,Ventura,CA,California,General hospital,Nonprofit,Urban,181.0,2023,0.0252,14646980.0,581898822.0,0,Made money,0,"Cmh Of San Buenaventura (Ventura, CA)",165,315,0.0289,0.0446
050396,Santa Barbara Cottage Hospital,Santa Barbara,CA,California,General hospital,Nonprofit,Urban,362.0,2023,0.1088,105338615.0,968409741.0,0,Made money,0,"Santa Barbara Cottage Hospital (Santa Barbara, CA)",64,315,0.0289,0.0446
050407,Chinese Hospital,San Francisco,CA,California,General hospital,Nonprofit,Urban,73.0,2023,-0.1371,-19222611.0,140163264.0,1,1 year,1,"Chinese Hospital (San Francisco, CA)",289,315,0.0289,0.0446
050411,Kfh - South Bay,Harbor City,CA,California,General hospital,Nonprofit,Urban,257.0,2023,0.0798,48732423.0,610635380.0,0,Made money,0,"Kfh - South Bay (Harbor City, CA)",88,315,0.0289,0.0446
050414,Mercy Hospital Of Folsom,Folsom,CA,California,General hospital,Nonprofit,Urban,106.0,2023,0.2993,109931064.0,367346604.0,0,Made money,0,"Mercy Hospital Of Folsom (Folsom, CA)",2,315,0.0289,0.0446
050417,Sutter Coast Hospital,Crescent City,CA,California,General hospital,Nonprofit,Rural,39.0,2023,0.039,4298962.0,110339261.0,0,Made money,0,"Sutter Coast Hospital (Crescent City, CA)",145,315,0.0289,0.0446
050423,Palo Verde Hospital,Blythe,CA,California,General hospital,Government,Urban,19.0,2022,0.2544,6881538.0,27050314.0,0,Made money,0,"Palo Verde Hospital (Blythe, CA)",2,4,0.0289,0.0446
050424,Scripps Green Hospital,La Jolla,CA,California,General hospital,Nonprofit,Urban,150.0,2023,0.1744,79810388.0,457591404.0,0,Made money,0,"Scripps Green Hospital (La Jolla, CA)",23,315,0.0289,0.0446
050425,Kfh - Sacramento,Sacramento,CA,California,General hospital,Nonprofit,Urban,283.0,2023,-0.0013,-1042756.0,810418249.0,1,1 year,1,"Kfh - Sacramento (Sacramento, CA)",205,315,0.0289,0.0446
050426,West Anaheim Medical Center,Anaheim,CA,California,General hospital,For-profit,Urban,167.0,2023,0.1081,16488037.0,152563172.0,0,Made money,0,"West Anaheim Medical Center (Anaheim, CA)",66,315,0.0289,0.0446
050438,Huntington Hospital,Pasadena,CA,California,General hospital,Nonprofit,Urban,468.0,2023,-0.0144,-12147539.0,845890351.0,5,5+ years,4,"Huntington Hospital (Pasadena, CA)",213,315,0.0289,0.0446
050441,Stanford Health Care,Stanford,CA,California,General hospital,Nonprofit,Urban,705.0,2023,0.1247,1054860529.0,8461795478.0,0,Made money,0,"Stanford Health Care (Stanford, CA)",55,315,0.0289,0.0446
050444,Mercy Medical Center Merced,Merced,CA,California,General hospital,Nonprofit,Urban,186.0,2023,0.1266,57406772.0,453501454.0,0,Made money,0,"Mercy Medical Center Merced (Merced, CA)",54,315,0.0289,0.0446
050454,Ucsf Medical Center,San Francisco,CA,California,General hospital,Government,Urban,887.0,2023,0.0649,414296965.0,6381802536.0,0,Made money,0,"Ucsf Medical Center (San Francisco, CA)",107,315,0.0289,0.0446
050455,Adventist Health Bakersfield,Bakersfield,CA,California,General hospital,Nonprofit,Urban,254.0,2023,0.0423,24543983.0,579741650.0,0,Made money,0,"Adventist Health Bakersfield (Bakersfield, CA)",140,315,0.0289,0.0446
050457,St. Marys Medical Center,San Francisco,CA,California,General hospital,Nonprofit,Urban,110.0,2023,-0.7912,-189338359.0,239308736.0,4,3-4 years,3,"St. Marys Medical Center (San Francisco, CA)",315,315,0.0289,0.0446
050464,Doctors Medical Center Of Modesto,Modesto,CA,California,General hospital,For-profit,Urban,380.0,2023,0.0203,13659292.0,671918404.0,0,Made money,0,"Doctors Medical Center Of Modesto (Modesto, CA)",182,315,0.0289,0.0446
050468,Memorial Hospital Of Gardena,Gardena,CA,California,General hospital,For-profit,Urban,103.0,2023,0.1287,27386524.0,212723554.0,0,Made money,0,"Memorial Hospital Of Gardena (Gardena, CA)",51,315,0.0289,0.0446
050471,Pih Health Good Samaritan Hospital,Los Angeles,CA,California,General hospital,Nonprofit,Urban,308.0,2023,-0.0658,-25280647.0,384188566.0,3,3-4 years,3,"Pih Health Good Samaritan Hospital (Los Angeles, CA)",255,315,0.0289,0.0446
050481,West Hills Hospital,West Hills,CA,California,General hospital,For-profit,Urban,214.0,2023,0.1374,32322460.0,235246608.0,0,Made money,0,"West Hills Hospital (West Hills, CA)",44,315,0.0289,0.0446
050485,Memorialcare Long Beach Med Ctr,Long Beach,CA,California,General hospital,Nonprofit,Urban,369.0,2023,0.0476,41106840.0,864488644.0,0,Made money,0,"Memorialcare Long Beach Med Ctr (Long Beach, CA)",132,315,0.0289,0.0446
050488,Eden Medical Center,Castro Valley,CA,California,General hospital,Nonprofit,Urban,126.0,2023,0.0489,20786431.0,425227483.0,0,Made money,0,"Eden Medical Center (Castro Valley, CA)",127,315,0.0289,0.0446
050492,Clovis Community Medical Center,Clovis,CA,California,General hospital,Nonprofit,Urban,352.0,2023,0.0422,34153125.0,809854214.0,0,Made money,0,"Clovis Community Medical Center (Clovis, CA)",141,315,0.0289,0.0446
050496,John Muir Medical Center - Concord,Concord,CA,California,General hospital,Nonprofit,Urban,244.0,2023,-0.0553,-31865207.0,575942072.0,4,3-4 years,3,"John Muir Medical Center - Concord (Concord, CA)",244,315,0.0289,0.0446
050498,Sutter Auburn Faith Hospital,Auburn,CA,California,General hospital,Nonprofit,Urban,64.0,2023,0.0389,6956016.0,178927147.0,0,Made money,0,"Sutter Auburn Faith Hospital (Auburn, CA)",147,315,0.0289,0.0446
050503,Scripps Memorial Hospital-Encinitas,Encinitas,CA,California,General hospital,Nonprofit,Urban,177.0,2023,0.1327,58382455.0,439885930.0,0,Made money,0,"Scripps Memorial Hospital-Encinitas (Encinitas, CA)",48,315,0.0289,0.0446
050506,Adventist Health Sierra Vista,San Luis Obispo,CA,California,General hospital,For-profit,Urban,162.0,2023,0.0475,8784672.0,184846337.0,0,Made money,0,"Adventist Health Sierra Vista (San Luis Obispo, CA)",133,315,0.0289,0.0446
050510,Kfh - San Rafael,San Rafael,CA,California,General hospital,Nonprofit,Urban,116.0,2023,-0.5178,-95583169.0,184591437.0,3,3-4 years,3,"Kfh - San Rafael (San Rafael, CA)",312,315,0.0289,0.0446
050512,Kfh - Fremont,Fremont,CA,California,General hospital,Nonprofit,Urban,100.0,2023,-0.0339,-10683832.0,315294303.0,2,2 years,2,"Kfh - Fremont (Fremont, CA)",229,315,0.0289,0.0446
050515,Kfh - San Diego,San Diego,CA,California,General hospital,Nonprofit,Urban,596.0,2023,-0.0493,-58013082.0,1176643524.0,1,1 year,1,"Kfh - San Diego (San Diego, CA)",239,315,0.0289,0.0446
050516,Mercy San Juan Medical Center,Carmichael,CA,California,General hospital,Nonprofit,Urban,384.0,2023,0.0308,25734311.0,834225149.0,0,Made money,0,"Mercy San Juan Medical Center (Carmichael, CA)",153,315,0.0289,0.0446
050517,Victor Valley Global Medical Center,Victor Valley,CA,California,General hospital,For-profit,Urban,101.0,2023,0.0241,2316106.0,96195397.0,0,Made money,0,"Victor Valley Global Medical Center (Victor Valley, CA)",170,315,0.0289,0.0446
050523,Sutter Delta Medical Center,Antioch,CA,California,General hospital,Nonprofit,Urban,119.0,2023,-0.0369,-8146137.0,220591150.0,3,3-4 years,3,"Sutter Delta Medical Center (Antioch, CA)",231,315,0.0289,0.0446
050526,Huntington Beach Hospital,Huntington Beach,CA,California,General hospital,For-profit,Urban,82.0,2023,-0.1521,-9141123.0,60108255.0,2,2 years,2,"Huntington Beach Hospital (Huntington Beach, CA)",292,315,0.0289,0.0446
050528,Memorial Hospital - Los Banos,Los Banos,CA,California,General hospital,Nonprofit,Urban,26.0,2023,0.2645,29791288.0,112633496.0,0,Made money,0,"Memorial Hospital - Los Banos (Los Banos, CA)",5,315,0.0289,0.0446
050534,John.F. Kennedy Memorial Hosp.,Indio,CA,California,General hospital,For-profit,Urban,130.0,2023,0.0875,13159676.0,150408600.0,0,Made money,0,"John.F. Kennedy Memorial Hosp. (Indio, CA)",82,315,0.0289,0.0446
050537,Sutter Davis Hospital,Davis,CA,California,General hospital,Nonprofit,Urban,57.0,2023,0.1563,29979605.0,191848136.0,0,Made money,0,"Sutter Davis Hospital (Davis, CA)",32,315,0.0289,0.0446
050541,Kfh - Redwood City,Redwood City,CA,California,General hospital,Nonprofit,Urban,144.0,2023,0.0289,11686154.0,403823273.0,0,Made money,0,"Kfh - Redwood City (Redwood City, CA)",158,315,0.0289,0.0446
050543,College Hospital Costa Mesa,Costa Mesa,CA,California,General hospital,For-profit,Urban,122.0,2023,0.1515,15544169.0,102611726.0,0,Made money,0,"College Hospital Costa Mesa (Costa Mesa, CA)",39,315,0.0289,0.0446
050546,Porterville Developmental Center,Porterville,CA,California,General hospital,Government,Urban,17.0,2023,-0.0859,-14952030.0,174047460.0,3,3-4 years,3,"Porterville Developmental Center (Porterville, CA)",269,315,0.0289,0.0446
050549,Los Robles Hospital And Medical Ctn.,Thousand Oaks,CA,California,General hospital,For-profit,Urban,306.0,2023,0.2357,137395064.0,582995343.0,0,Made money,0,"Los Robles Hospital And Medical Ctn. (Thousand Oaks, CA)",8,315,0.0289,0.0446
050551,Los Alamitos Medical Ctr.,Los Alamitos,CA,California,General hospital,For-profit,Urban,172.0,2023,0.0035,711527.0,204593987.0,0,Made money,0,"Los Alamitos Medical Ctr. (Los Alamitos, CA)",195,315,0.0289,0.0446
050557,Memorial Hospital Modesto,Modesto,CA,California,General hospital,Nonprofit,Urban,403.0,2023,0.1084,92719842.0,855398285.0,0,Made money,0,"Memorial Hospital Modesto (Modesto, CA)",65,315,0.0289,0.0446
050561,Kfh - West Los Angeles,Los Angeles,CA,California,General hospital,Nonprofit,Urban,265.0,2023,0.0228,11752700.0,514563230.0,0,Made money,0,"Kfh - West Los Angeles (Los Angeles, CA)",175,315,0.0289,0.0446
050567,Mission Hospital Reg Medical Center,Mission Viejo,CA,California,General hospital,Nonprofit,Urban,303.0,2023,-0.0166,-14594382.0,880591211.0,3,3-4 years,3,"Mission Hospital Reg Medical Center (Mission Viejo, CA)",215,315,0.0289,0.0446
050568,Madera Community Hospital,Madera,CA,California,General hospital,Nonprofit,Urban,106.0,2021,-0.1107,-11561336.0,104478298.0,3,3-4 years,3,"Madera Community Hospital (Madera, CA)",1,1,0.0289,0.0446
050570,Fountain Valley Reg Medical Center,Fountain Valley,CA,California,General hospital,For-profit,Urban,400.0,2023,-0.0866,-27171498.0,313642052.0,3,3-4 years,3,"Fountain Valley Reg Medical Center (Fountain Valley, CA)",270,315,0.0289,0.0446
050573,Eisenhower Medical Center,Rancho Mirage,CA,California,General hospital,Nonprofit,Urban,376.0,2023,0.0356,46124564.0,1297059564.0,0,Made money,0,"Eisenhower Medical Center (Rancho Mirage, CA)",151,315,0.0289,0.0446
050580,La Palma Intercommunity Hospital,La Palma,CA,California,General hospital,Nonprofit,Urban,115.0,2023,-0.0426,-2399371.0,56312117.0,2,2 years,2,"La Palma Intercommunity Hospital (La Palma, CA)",234,315,0.0289,0.0446
050581,Lakewood Regional Med. Ctr.,Lakewood,CA,California,General hospital,For-profit,Urban,168.0,2023,0.0551,10896665.0,197930637.0,0,Made money,0,"Lakewood Regional Med. Ctr. (Lakewood, CA)",119,315,0.0289,0.0446
050586,Chino Valley Medical Center,Chino,CA,California,General hospital,For-profit,Urban,112.0,2023,0.1735,16788997.0,96760210.0,0,Made money,0,"Chino Valley Medical Center (Chino, CA)",24,315,0.0289,0.0446
050588,San Dimas Community Hospital,San Dimas,CA,California,General hospital,For-profit,Urban,101.0,2023,0.066,4506646.0,68279233.0,0,Made money,0,"San Dimas Community Hospital (San Dimas, CA)",103,315,0.0289,0.0446
050589,Placentia Linda Community Hospital,Placentia,CA,California,General hospital,For-profit,Urban,114.0,2023,0.1052,9795655.0,93113651.0,0,Made money,0,"Placentia Linda Community Hospital (Placentia, CA)",69,315,0.0289,0.0446
050590,Methodist Hospital Of Sacramento,Sacramento,CA,California,General hospital,Nonprofit,Urban,152.0,2023,0.0013,488196.0,364735999.0,0,Made money,0,"Methodist Hospital Of Sacramento (Sacramento, CA)",199,315,0.0289,0.0446
050597,Emanate Health Foothill Presb. Hosp.,Glendora,CA,California,General hospital,Nonprofit,Urban,105.0,2023,0.0565,7073442.0,125240665.0,0,Made money,0,"Emanate Health Foothill Presb. Hosp. (Glendora, CA)",117,315,0.0289,0.0446
050599,Uc Davis Medical Center,Sacramento,CA,California,General hospital,Government,Urban,661.0,2023,-0.0132,-50479875.0,3813651056.0,3,3-4 years,3,"Uc Davis Medical Center (Sacramento, CA)",212,315,0.0289,0.0446
050603,Memorialcare Saddleback Med Ctr,Laguna Hills,CA,California,General hospital,Nonprofit,Urban,248.0,2023,0.0763,35490413.0,464987266.0,0,Made money,0,"Memorialcare Saddleback Med Ctr (Laguna Hills, CA)",90,315,0.0289,0.0446
050604,Kfh- San Jose,San Jose,CA,California,General hospital,Nonprofit,Urban,221.0,2023,0.123,78613782.0,639378064.0,0,Made money,0,"Kfh- San Jose (San Jose, CA)",57,315,0.0289,0.0446
050608,Delano Regional Med. Ctr.,Delano,CA,California,General hospital,Nonprofit,Urban,105.0,2023,0.0961,11104053.0,115560196.0,0,Made money,0,"Delano Regional Med. Ctr. (Delano, CA)",75,315,0.0289,0.0446
050609,Kfh - Oc-Anaheim,Anaheim,CA,California,General hospital,Nonprofit,Urban,526.0,2023,0.1172,139390951.0,1189521752.0,0,Made money,0,"Kfh - Oc-Anaheim (Anaheim, CA)",62,315,0.0289,0.0446
050624,Henry Mayo Newhall Memorial Hospital,Valencia,CA,California,General hospital,Nonprofit,Urban,315.0,2023,0.0234,9665271.0,413617024.0,0,Made money,0,"Henry Mayo Newhall Memorial Hospital (Valencia, CA)",173,315,0.0289,0.0446
050625,Cedars-Sinai Medical Center,Los Angeles,CA,California,General hospital,Nonprofit,Urban,908.0,2023,0.1546,825005677.0,5335558731.0,0,Made money,0,"Cedars-Sinai Medical Center (Los Angeles, CA)",35,315,0.0289,0.0446
050633,Adventist Health Twin Cities,Templeton,CA,California,General hospital,For-profit,Urban,122.0,2023,0.1016,14014504.0,137982875.0,0,Made money,0,"Adventist Health Twin Cities (Templeton, CA)",71,315,0.0289,0.0446
050636,Palomar Medical Center Poway,Poway,CA,California,General hospital,Government,Urban,119.0,2023,-0.0216,-4112589.0,190721343.0,1,1 year,1,"Palomar Medical Center Poway (Poway, CA)",218,315,0.0289,0.0446
050641,East Los Angeles Doctors Hospital,Los Angeles,CA,California,General hospital,For-profit,Urban,102.0,2023,0.004,316688.0,78829407.0,0,Made money,0,"East Los Angeles Doctors Hospital (Los Angeles, CA)",194,315,0.0289,0.0446
050660,Usc Norris Cancer Hospital,Los Angeles,CA,California,General hospital,Nonprofit,Urban,60.0,2023,0.2345,138344523.0,589879763.0,0,Made money,0,"Usc Norris Cancer Hospital (Los Angeles, CA)",10,315,0.0289,0.0446
050663,Los Angeles Community Hospital,Los Angeles,CA,California,General hospital,For-profit,Urban,173.0,2023,0.1404,25522527.0,181743029.0,0,Made money,0,"Los Angeles Community Hospital (Los Angeles, CA)",42,315,0.0289,0.0446
050668,Laguna Honda Hospital,San Francisco,CA,California,General hospital,Government,Urban,6.0,2023,-0.6508,-128527478.0,197499845.0,5,5+ years,4,"Laguna Honda Hospital (San Francisco, CA)",313,315,0.0289,0.0446
050674,Kfh - South Sacramento,Sacramento,CA,California,General hospital,Nonprofit,Urban,233.0,2023,0.0454,37606878.0,828345155.0,0,Made money,0,"Kfh - South Sacramento (Sacramento, CA)",134,315,0.0289,0.0446
050677,Kfh - Woodland Hills,Woodland Hills,CA,California,General hospital,Nonprofit,Urban,274.0,2023,-0.1013,-44166548.0,436044121.0,3,3-4 years,3,"Kfh - Woodland Hills (Woodland Hills, CA)",274,315,0.0289,0.0446
050678,Memorialcare Orange Coast Med Ctr,Fountain Valley,CA,California,General hospital,Nonprofit,Urban,221.0,2023,0.0598,31625992.0,528893007.0,0,Made money,0,"Memorialcare Orange Coast Med Ctr (Fountain Valley, CA)",113,315,0.0289,0.0446
050684,Menifee Valley Medical Center,Sun City,CA,California,General hospital,For-profit,Urban,84.0,2023,-0.1217,-5102706.0,41934520.0,3,3-4 years,3,"Menifee Valley Medical Center (Sun City, CA)",284,315,0.0289,0.0446
050686,Kfh - Riverside,Riverside,CA,California,General hospital,Nonprofit,Urban,225.0,2023,-0.0543,-30956946.0,569921437.0,2,2 years,2,"Kfh - Riverside (Riverside, CA)",242,315,0.0289,0.0446
050689,San Ramon Reg. Medical Center,San Ramon,CA,California,General hospital,For-profit,Urban,123.0,2023,0.027,4814952.0,178287896.0,0,Made money,0,"San Ramon Reg. Medical Center (San Ramon, CA)",160,315,0.0289,0.0446
050690,Kfh - Santa Rosa,Santa Rosa,CA,California,General hospital,Nonprofit,Urban,172.0,2023,-0.1354,-55392235.0,409250705.0,1,1 year,1,"Kfh - Santa Rosa (Santa Rosa, CA)",287,315,0.0289,0.0446
050696,Keck Hospital Of Usc,Los Angeles,CA,California,General hospital,Nonprofit,Urban,314.0,2023,0.0277,42040501.0,1519800523.0,0,Made money,0,"Keck Hospital Of Usc (Los Angeles, CA)",159,315,0.0289,0.0446
050697,Patients Hospital Of Redding,Redding,CA,California,General hospital,For-profit,Urban,10.0,2022,0.2329,859673.0,3691711.0,0,Made money,0,"Patients Hospital Of Redding (Redding, CA)",3,4,0.0289,0.0446
050701,Southwest Healthcare System,Wildomar,CA,California,General hospital,For-profit,Urban,240.0,2023,0.029,11891403.0,410712287.0,0,Made money,0,"Southwest Healthcare System (Wildomar, CA)",157,315,0.0289,0.0446
050704,Mission Community Hospital,Panorama City,CA,California,General hospital,For-profit,Urban,145.0,2023,-0.0276,-4416641.0,160268808.0,4,3-4 years,3,"Mission Community Hospital (Panorama City, CA)",224,315,0.0289,0.0446
050708,Fresno Surgical Hospital,Fresno,CA,California,General hospital,For-profit,Urban,27.0,2023,0.0674,7027106.0,104300691.0,0,Made money,0,"Fresno Surgical Hospital (Fresno, CA)",102,315,0.0289,0.0446
050709,Desert Valley Hospital  Inc.,Victorville,CA,California,General hospital,For-profit,Urban,138.0,2023,0.17,34966394.0,205712163.0,0,Made money,0,"Desert Valley Hospital  Inc. (Victorville, CA)",25,315,0.0289,0.0446
050710,Kfh - Fresno,Fresno,CA,California,General hospital,Nonprofit,Urban,169.0,2023,0.1351,62269177.0,460907977.0,0,Made money,0,"Kfh - Fresno (Fresno, CA)",45,315,0.0289,0.0446
050714,Sutter Maternity & Surgery Center,Santa Cruz,CA,California,General hospital,Nonprofit,Urban,28.0,2023,0.0714,6524952.0,91449878.0,0,Made money,0,"Sutter Maternity & Surgery Center (Santa Cruz, CA)",98,315,0.0289,0.0446
050717,Rancho Los Amigos Natl.Rehab.Ctr.,Downey,CA,California,General hospital,Government,Urban,58.0,2023,-0.396,-126381846.0,319154191.0,1,1 year,1,"Rancho Los Amigos Natl.Rehab.Ctr. (Downey, CA)",309,315,0.0289,0.0446
050723,Kfh - Baldwin Park,Baldwin Park,CA,California,General hospital,Nonprofit,Urban,271.0,2023,0.039,23280295.0,597472139.0,0,Made money,0,"Kfh - Baldwin Park (Baldwin Park, CA)",145,315,0.0289,0.0446
050724,Heart Hospital Of Bakersfield,Bakersfield,CA,California,General hospital,For-profit,Urban,47.0,2023,-0.4264,-21751385.0,51017452.0,4,3-4 years,3,"Heart Hospital Of Bakersfield (Bakersfield, CA)",311,315,0.0289,0.0446
050726,Stanislaus Surgical,Modesto,CA,California,General hospital,For-profit,Urban,23.0,2023,-0.1362,-3878771.0,28484904.0,5,5+ years,4,"Stanislaus Surgical (Modesto, CA)",288,315,0.0289,0.0446
050735,Whittier Hospital Medical Center,Whittier,CA,California,General hospital,For-profit,Urban,148.0,2023,-0.0298,-3581498.0,120105845.0,1,1 year,1,"Whittier Hospital Medical Center (Whittier, CA)",225,315,0.0289,0.0446
050736,Monterey Park Hospital,Monterey Park,CA,California,General hospital,For-profit,Urban,101.0,2023,0.0379,4310702.0,113786351.0,0,Made money,0,"Monterey Park Hospital (Monterey Park, CA)",148,315,0.0289,0.0446
050737,Garfield Medical Center,Monterey Park,CA,California,General hospital,For-profit,Urban,182.0,2023,-0.0574,-17632190.0,307256480.0,2,2 years,2,"Garfield Medical Center (Monterey Park, CA)",246,315,0.0289,0.0446
050738,Greater El Monte Community Hospital,South El Monte,CA,California,General hospital,For-profit,Urban,104.0,2023,-0.1079,-6573305.0,60924788.0,2,2 years,2,"Greater El Monte Community Hospital (South El Monte, CA)",278,315,0.0289,0.0446
050739,Centinela Hospital Medical Center,Inglewood,CA,California,General hospital,For-profit,Urban,257.0,2023,0.0431,10953747.0,254130108.0,0,Made money,0,"Centinela Hospital Medical Center (Inglewood, CA)",137,315,0.0289,0.0446
050740,Cedars-Sinai Marina Del Rey Hospital,Marina Del Rey,CA,California,General hospital,Nonprofit,Urban,103.0,2023,-0.1266,-20972200.0,165712591.0,4,3-4 years,3,"Cedars-Sinai Marina Del Rey Hospital (Marina Del Rey, CA)",285,315,0.0289,0.0446
050744,Anaheim Global Medical Center,Anaheim,CA,California,General hospital,For-profit,Urban,103.0,2023,-0.015,-1220726.0,81187728.0,1,1 year,1,"Anaheim Global Medical Center (Anaheim, CA)",214,315,0.0289,0.0446
050745,Chapman Global Medical Center,Orange,CA,California,General hospital,For-profit,Urban,75.0,2023,-0.0704,-3778453.0,53648634.0,1,1 year,1,"Chapman Global Medical Center (Orange, CA)",258,315,0.0289,0.0446
050746,Orange County Global Medical Center,Santa Ana,CA,California,General hospital,For-profit,Urban,254.0,2023,0.0294,7147246.0,243438347.0,0,Made money,0,"Orange County Global Medical Center (Santa Ana, CA)",156,315,0.0289,0.0446
050747,South Coast Global Medical Center,Santa Ana,CA,California,General hospital,For-profit,Urban,109.0,2023,-0.0651,-4299640.0,66029993.0,1,1 year,1,"South Coast Global Medical Center (Santa Ana, CA)",254,315,0.0289,0.0446
050748,Kfh - Manteca,Manteca,CA,California,General hospital,Nonprofit,Urban,237.0,2023,0.1641,136149296.0,829737846.0,0,Made money,0,"Kfh - Manteca (Manteca, CA)",27,315,0.0289,0.0446
050755,Sherman Oaks Hospital-Hlth,Sherman Oaks,CA,California,General hospital,Nonprofit,Urban,112.0,2023,0.0481,4877308.0,101358615.0,0,Made money,0,"Sherman Oaks Hospital-Hlth (Sherman Oaks, CA)",129,315,0.0289,0.0446
050757,Alvarado Hospital Medical Center,San Diego,CA,California,General hospital,For-profit,Urban,222.0,2023,-0.1121,-12507887.0,111608860.0,13,5+ years,4,"Alvarado Hospital Medical Center (San Diego, CA)",279,315,0.0289,0.0446
050758,Montclair Hospital Medical Center,Montclair,CA,California,General hospital,For-profit,Urban,106.0,2023,0.0726,4348503.0,59935245.0,0,Made money,0,"Montclair Hospital Medical Center (Montclair, CA)",96,315,0.0289,0.0446
050760,Kfh - Antioch,Antioch,CA,California,General hospital,Nonprofit,Urban,144.0,2023,0.0937,44583143.0,475896315.0,0,Made money,0,"Kfh - Antioch (Antioch, CA)",77,315,0.0289,0.0446
050761,Providence Cedars-Sinai Tarzana Medi,Tarzana,CA,California,General hospital,Nonprofit,Urban,204.0,2023,-0.1717,-56303689.0,327943639.0,10,5+ years,4,"Providence Cedars-Sinai Tarzana Medi (Tarzana, CA)",296,315,0.0289,0.0446
050763,L A Downtown Medical Center,Los Angeles,CA,California,General hospital,For-profit,Urban,315.0,2023,-0.0302,-2696502.0,89212969.0,2,2 years,2,"L A Downtown Medical Center (Los Angeles, CA)",226,315,0.0289,0.0446
050764,Shasta Regional Medical Center,Redding,CA,California,General hospital,For-profit,Urban,130.0,2023,-0.0548,-8647490.0,157736618.0,2,2 years,2,"Shasta Regional Medical Center (Redding, CA)",243,315,0.0289,0.0446
050765,Kfh - Moreno Valley,Moreno Valley,CA,California,General hospital,Nonprofit,Urban,100.0,2023,-0.0785,-17594814.0,224127045.0,2,2 years,2,"Kfh - Moreno Valley (Moreno Valley, CA)",265,315,0.0289,0.0446
050766,Sutter Surgical Hosp - North Valley,Yuba City,CA,California,General hospital,Nonprofit,Urban,14.0,2023,0.0259,911260.0,35217383.0,0,Made money,0,"Sutter Surgical Hosp - North Valley (Yuba City, CA)",162,315,0.0289,0.0446
050767,Kfh - Vacaville,Vacaville,CA,California,General hospital,Nonprofit,Urban,144.0,2023,0.0616,26127414.0,423920982.0,0,Made money,0,"Kfh - Vacaville (Vacaville, CA)",109,315,0.0289,0.0446
050769,Hoag Orthopedic Institute,Irvine,CA,California,General hospital,For-profit,Urban,70.0,2023,0.274,43719009.0,159551777.0,0,Made money,0,"Hoag Orthopedic Institute (Irvine, CA)",4,315,0.0289,0.0446
050770,Llumc Murrieta,Murrieta,CA,California,General hospital,Nonprofit,Urban,111.0,2023,-0.0638,-20543596.0,321899569.0,12,5+ years,4,"Llumc Murrieta (Murrieta, CA)",253,315,0.0289,0.0446
050771,Coast Plaza Hospital,Norwalk,CA,California,General hospital,For-profit,Urban,117.0,2023,-0.1923,-9883804.0,51397378.0,3,3-4 years,3,"Coast Plaza Hospital (Norwalk, CA)",300,315,0.0289,0.0446
050772,Kfh - Roseville,Roseville,CA,California,General hospital,Nonprofit,Urban,402.0,2023,0.1245,149951729.0,1204033548.0,0,Made money,0,"Kfh - Roseville (Roseville, CA)",56,315,0.0289,0.0446
050775,Temecula Valley Hospital,Temecula,CA,California,General hospital,For-profit,Urban,140.0,2023,0.0897,24429607.0,272347606.0,0,Made money,0,"Temecula Valley Hospital (Temecula, CA)",79,315,0.0289,0.0446
050776,College Medical Center,Long Beach,CA,California,General hospital,For-profit,Urban,221.0,2023,0.0083,1499192.0,180483800.0,0,Made money,0,"College Medical Center (Long Beach, CA)",189,315,0.0289,0.0446
050777,Kfh - San Leandro,San Leandro,CA,California,General hospital,Nonprofit,Urban,216.0,2023,-0.0017,-1077023.0,616079381.0,1,1 year,1,"Kfh - San Leandro (San Leandro, CA)",207,315,0.0289,0.0446
050778,Loma Linda University Childrens Hosp,Loma Linda,CA,California,General hospital,Nonprofit,Urban,364.0,2023,0.025,16805443.0,672434241.0,0,Made money,0,"Loma Linda University Childrens Hosp (Loma Linda, CA)",167,315,0.0289,0.0446
050779,Martin Luther King Community Hosp,Los Angeles,CA,California,General hospital,Nonprofit,Urban,152.0,2023,-0.0256,-10426128.0,407923316.0,3,3-4 years,3,"Martin Luther King Community Hosp (Los Angeles, CA)",222,315,0.0289,0.0446
050780,Foothill Reg Medical Center,Tustin,CA,California,General hospital,For-profit,Urban,111.0,2023,0.024,4856925.0,202230369.0,0,Made money,0,"Foothill Reg Medical Center (Tustin, CA)",171,315,0.0289,0.0446
050782,Casa Colina Hospital And Centers For,Pomona,CA,California,General hospital,Nonprofit,Urban,31.0,2023,-0.1077,-10246958.0,95124268.0,2,2 years,2,"Casa Colina Hospital And Centers For (Pomona, CA)",277,315,0.0289,0.0446
050783,Colusa Medical Center,Colusa,CA,California,General hospital,For-profit,Rural,42.0,2023,0.1034,3473235.0,33599669.0,0,Made money,0,"Colusa Medical Center (Colusa, CA)",70,315,0.0289,0.0446
050784,Adventist Health Tulare,Tulare,CA,California,General hospital,Nonprofit,Urban,73.0,2023,-0.3789,-25376100.0,66974330.0,2,2 years,2,"Adventist Health Tulare (Tulare, CA)",307,315,0.0289,0.0446
050785,Docs Surgical Hospital,Los Angeles,CA,California,General hospital,For-profit,Urban,17.0,2023,-0.0594,-871165.0,14667074.0,1,1 year,1,"Docs Surgical Hospital (Los Angeles, CA)",248,315,0.0289,0.0446
050854,Anaheim Community Hospital,Anaheim,CA,California,General hospital,For-profit,Urban,98.0,2023,-0.3334,-6660824.0,19975961.0,1,1 year,1,"Anaheim Community Hospital (Anaheim, CA)",306,315,0.0289,0.0446
051300,Eastern Plumas Health Care,Portola,CA,California,Critical access hospital (small rural),Government,Rural,9.0,2023,0.061,2650487.0,43450331.0,0,Made money,0,"Eastern Plumas Health Care (Portola, CA)",110,315,0.0289,0.0446
051301,Adventist Health Tehachapi Valley,Tehachapi,CA,California,Critical access hospital (small rural),Nonprofit,Urban,25.0,2023,0.1065,6907086.0,64835793.0,0,Made money,0,"Adventist Health Tehachapi Valley (Tehachapi, CA)",68,315,0.0289,0.0446
051302,Southern Inyo Hospital,Lone Pine,CA,California,Critical access hospital (small rural),Government,Rural,4.0,2023,-0.1176,-2040958.0,17360867.0,1,1 year,1,"Southern Inyo Hospital (Lone Pine, CA)",282,315,0.0289,0.0446
051303,Southern Mono Health Care District,Mammoth Lakes,CA,California,Critical access hospital (small rural),Government,Rural,17.0,2023,0.1846,22735949.0,123134052.0,0,Made money,0,"Southern Mono Health Care District (Mammoth Lakes, CA)",20,315,0.0289,0.0446
051304,John C. Fremont Healthcare District,Mariposa,CA,California,Critical access hospital (small rural),Government,Rural,18.0,2023,-0.0187,-710210.0,38019890.0,5,5+ years,4,"John C. Fremont Healthcare District (Mariposa, CA)",217,315,0.0289,0.0446
051305,Mayers Memorial Hospital,Fall River Mills,CA,California,Critical access hospital (small rural),Government,Urban,16.0,2023,0.095,5397090.0,56808938.0,0,Made money,0,"Mayers Memorial Hospital (Fall River Mills, CA)",76,315,0.0289,0.0446
051306,Glenn Medical Center,Willows,CA,California,Critical access hospital (small rural),Nonprofit,Rural,25.0,2023,-0.2427,-7093833.0,29233951.0,1,1 year,1,"Glenn Medical Center (Willows, CA)",304,315,0.0289,0.0446
051307,Catalina Island Medical Center,Avalon,CA,California,Critical access hospital (small rural),Government,Urban,8.0,2023,0.0181,343784.0,19033703.0,0,Made money,0,"Catalina Island Medical Center (Avalon, CA)",183,315,0.0289,0.0446
051308,Surprise Valley Health Care District,Cedarville,CA,California,Critical access hospital (small rural),Government,Rural,4.0,2023,-0.0591,-599910.0,10144688.0,1,1 year,1,"Surprise Valley Health Care District (Cedarville, CA)",247,315,0.0289,0.0446
051309,Jerold Phelps Community Hospital,Garberville,CA,California,Critical access hospital (small rural),Government,Rural,9.0,2023,0.2263,8058798.0,35616991.0,0,Made money,0,"Jerold Phelps Community Hospital (Garberville, CA)",12,315,0.0289,0.0446
051310,Howard Memorial Hospita,Willits,CA,California,Critical access hospital (small rural),Nonprofit,Rural,25.0,2023,0.088,8844757.0,100490117.0,0,Made money,0,"Howard Memorial Hospita (Willits, CA)",81,315,0.0289,0.0446
051311,Biggs-Gridley Memorial Hospital,Gridley,CA,California,Critical access hospital (small rural),Nonprofit,Urban,24.0,2023,0.0236,732879.0,31047846.0,0,Made money,0,"Biggs-Gridley Memorial Hospital (Gridley, CA)",172,315,0.0289,0.0446
051312,Mountains Community Hospital,Lake Arrowhead,CA,California,Critical access hospital (small rural),Government,Urban,17.0,2023,0.0894,3682473.0,41172156.0,0,Made money,0,"Mountains Community Hospital (Lake Arrowhead, CA)",80,315,0.0289,0.0446
051314,Kern Valley Healthcare District,Lake Isabella,CA,California,Critical access hospital (small rural),Government,Urban,24.0,2023,-0.0039,-146484.0,37687253.0,1,1 year,1,"Kern Valley Healthcare District (Lake Isabella, CA)",208,315,0.0289,0.0446
051315,Trinity Hospital,Weaverville,CA,California,Critical access hospital (small rural),Government,Rural,25.0,2023,0.1675,5854586.0,34949619.0,0,Made money,0,"Trinity Hospital (Weaverville, CA)",26,315,0.0289,0.0446
051316,Fairchild Medical Center,Yreka,CA,California,Critical access hospital (small rural),Nonprofit,Rural,25.0,2023,0.0297,3530197.0,118935309.0,0,Made money,0,"Fairchild Medical Center (Yreka, CA)",155,315,0.0289,0.0446
051317,Adventist Health Clearlake,Clearlake,CA,California,Critical access hospital (small rural),Nonprofit,Rural,25.0,2023,0.0807,15721967.0,194895401.0,0,Made money,0,"Adventist Health Clearlake (Clearlake, CA)",87,315,0.0289,0.0446
051318,Redwood Memorial Hospital,Fortuna,CA,California,Critical access hospital (small rural),Nonprofit,Rural,19.0,2023,-0.0016,-89056.0,54191722.0,3,3-4 years,3,"Redwood Memorial Hospital (Fortuna, CA)",206,315,0.0289,0.0446
051319,Mercy Medical Center Mt. Shasta,Mt. Shasta,CA,California,Critical access hospital (small rural),Nonprofit,Rural,25.0,2023,0.1318,10645831.0,80751968.0,0,Made money,0,"Mercy Medical Center Mt. Shasta (Mt. Shasta, CA)",49,315,0.0289,0.0446
051320,Banner Lassen Medical Center,Susanville,CA,California,Critical access hospital (small rural),Nonprofit,Rural,25.0,2023,-0.1154,-4952550.0,42931073.0,3,3-4 years,3,"Banner Lassen Medical Center (Susanville, CA)",280,315,0.0289,0.0446
051321,Healdsburg Hospital,Healdsburg,CA,California,Critical access hospital (small rural),Nonprofit,Urban,25.0,2023,0.0303,2236066.0,73774242.0,0,Made money,0,"Healdsburg Hospital (Healdsburg, CA)",154,315,0.0289,0.0446
051323,Colorado River Medical Center,Needles,CA,California,Critical access hospital (small rural),Nonprofit,Urban,25.0,2023,-0.1472,-1303756.0,8857167.0,1,1 year,1,"Colorado River Medical Center (Needles, CA)",291,315,0.0289,0.0446
051324,Northern Inyo Hospital,Bishop,CA,California,Critical access hospital (small rural),Government,Rural,25.0,2023,0.0232,3035795.0,130756746.0,0,Made money,0,"Northern Inyo Hospital (Bishop, CA)",174,315,0.0289,0.0446
051325,Adventist Health Mendocino Coast,Ft Bragg,CA,California,Critical access hospital (small rural),Nonprofit,Rural,25.0,2023,-0.0605,-5087882.0,84066821.0,3,3-4 years,3,"Adventist Health Mendocino Coast (Ft Bragg, CA)",249,315,0.0289,0.0446
051326,Plumas District Hospital Cah,Quincy,CA,California,Critical access hospital (small rural),Government,Rural,14.0,2023,0.0166,713689.0,42986264.0,0,Made money,0,"Plumas District Hospital Cah (Quincy, CA)",185,315,0.0289,0.0446
051327,Seneca District Hospital,Chester,CA,California,Critical access hospital (small rural),Government,Rural,10.0,2023,0.0744,1782289.0,23946839.0,0,Made money,0,"Seneca District Hospital (Chester, CA)",95,315,0.0289,0.0446
051328,Tahoe Forest Hospital,Truckee,CA,California,Critical access hospital (small rural),Government,Rural,25.0,2023,0.0834,27157535.0,325670138.0,0,Made money,0,"Tahoe Forest Hospital (Truckee, CA)",86,315,0.0289,0.0446
051329,Sutter Lakeside Hospital,Lakeport,CA,California,Critical access hospital (small rural),Nonprofit,Rural,25.0,2023,0.0063,688168.0,110036865.0,0,Made money,0,"Sutter Lakeside Hospital (Lakeport, CA)",191,315,0.0289,0.0446
051330,Modoc Medical Center,Alturas,CA,California,Critical access hospital (small rural),Government,Rural,8.0,2023,0.158,7906904.0,50047514.0,0,Made money,0,"Modoc Medical Center (Alturas, CA)",29,315,0.0289,0.0446
051331,Santa Ynez Valley Cottage Hospital,Solvang,CA,California,Critical access hospital (small rural),Nonprofit,Urban,11.0,2023,0.254,8996599.0,35419094.0,0,Made money,0,"Santa Ynez Valley Cottage Hospital (Solvang, CA)",6,315,0.0289,0.0446
051332,Mark Twain Medical Center,San Andreas,CA,California,Critical access hospital (small rural),Nonprofit,Rural,25.0,2023,0.0216,1791667.0,82928469.0,0,Made money,0,"Mark Twain Medical Center (San Andreas, CA)",178,315,0.0289,0.0446
051333,Ridgecrest Regional Hospital,Ridgecrest,CA,California,Critical access hospital (small rural),Nonprofit,Urban,25.0,2023,-0.0829,-13098526.0,157999589.0,2,2 years,2,"Ridgecrest Regional Hospital (Ridgecrest, CA)",268,315,0.0289,0.0446
051334,Ojai Valley Community Hospital,Ojai,CA,California,Critical access hospital (small rural),Nonprofit,Urban,25.0,2023,-0.1989,-8716000.0,43812506.0,10,5+ years,4,"Ojai Valley Community Hospital (Ojai, CA)",301,315,0.0289,0.0446
051335,Bear Valley Community Hospital,Big Bear,CA,California,Critical access hospital (small rural),Government,Urban,9.0,2023,0.1181,5407234.0,45793094.0,0,Made money,0,"Bear Valley Community Hospital (Big Bear, CA)",61,315,0.0289,0.0446
051336,Mee Memorial Hospital,King City,CA,California,Critical access hospital (small rural),Nonprofit,Urban,13.0,2023,0.0548,3959549.0,72241940.0,0,Made money,0,"Mee Memorial Hospital (King City, CA)",120,315,0.0289,0.0446
051337,Hazel Hawkins Mem. Hospital,Hollister,CA,California,Critical access hospital (small rural),Government,Urban,25.0,2023,0.0984,15687872.0,159353835.0,0,Made money,0,"Hazel Hawkins Mem. Hospital (Hollister, CA)",74,315,0.0289,0.0446
051338,Coalinga Regional Medical Center,Coalinga,CA,California,Critical access hospital (small rural),Government,Urban,22.0,2023,-0.0681,-3156617.0,46337011.0,2,2 years,2,"Coalinga Regional Medical Center (Coalinga, CA)",256,315,0.0289,0.0446
060001,North Colorado Medical Center,Greeley,CO,Colorado,General hospital,Nonprofit,Urban,182.0,2023,0.0237,8551615.0,361247073.0,0,Made money,0,"North Colorado Medical Center (Greeley, CO)",41,80,0.0241,0.0446
060003,Longmont United Hospital,Longmont,CO,Colorado,General hospital,Nonprofit,Urban,127.0,2023,-0.2607,-24605102.0,94389281.0,2,2 years,2,"Longmont United Hospital (Longmont, CO)",80,80,0.0241,0.0446
060004,Platte Valley Medical Center,Brighton,CO,Colorado,General hospital,Nonprofit,Urban,89.0,2023,-0.0611,-11249709.0,184225307.0,2,2 years,2,"Platte Valley Medical Center (Brighton, CO)",64,80,0.0241,0.0446
060006,Montrose Memorial Hospital,Montrose,CO,Colorado,General hospital,Nonprofit,Rural,51.0,2023,0.0815,14220803.0,174498229.0,0,Made money,0,"Montrose Memorial Hospital (Montrose, CO)",24,80,0.0241,0.0446
060008,San Luis Valley Reg Med Center,Alamosa,CO,Colorado,General hospital,Nonprofit,Rural,49.0,2023,0.0038,448872.0,117410056.0,0,Made money,0,"San Luis Valley Reg Med Center (Alamosa, CO)",52,80,0.0241,0.0446
060009,Lutheran Medical Center,Wheat Ridge,CO,Colorado,General hospital,Nonprofit,Urban,242.0,2023,-0.2557,-103221692.0,403733083.0,4,3-4 years,3,"Lutheran Medical Center (Wheat Ridge, CO)",79,80,0.0241,0.0446
060010,Poudre Valley Hospital,Ft. Collins,CO,Colorado,General hospital,Nonprofit,Urban,200.0,2023,0.4461,355874521.0,797818513.0,0,Made money,0,"Poudre Valley Hospital (Ft. Collins, CO)",1,80,0.0241,0.0446
060011,Denver Health Medical Center,Denver,CO,Colorado,General hospital,Government,Urban,386.0,2023,0.0081,15245652.0,1873246617.0,0,Made money,0,"Denver Health Medical Center (Denver, CO)",46,80,0.0241,0.0446
060012,St. Mary - Corwin Hospital,Pueblo,CO,Colorado,General hospital,Nonprofit,Urban,42.0,2023,0.0175,2505759.0,142796440.0,0,Made money,0,"St. Mary - Corwin Hospital (Pueblo, CO)",45,80,0.0241,0.0446
060013,Mercy Hospital,Durango,CO,Colorado,General hospital,Nonprofit,Rural,73.0,2023,0.09,25960406.0,288552737.0,0,Made money,0,"Mercy Hospital (Durango, CO)",20,80,0.0241,0.0446
060014,Presbyterian St. Lukes Medical Cent,Denver,CO,Colorado,General hospital,For-profit,Urban,311.0,2023,0.277,176484103.0,637027702.0,0,Made money,0,"Presbyterian St. Lukes Medical Cent (Denver, CO)",3,80,0.0241,0.0446
060015,St. Anthony Hospital,Lakewood,CO,Colorado,General hospital,Nonprofit,Urban,220.0,2023,0.0933,50750279.0,543813273.0,0,Made money,0,"St. Anthony Hospital (Lakewood, CO)",19,80,0.0241,0.0446
060020,Parkview Medical Center,Pueblo,CO,Colorado,General hospital,Nonprofit,Urban,251.0,2023,0.0044,2443155.0,556398869.0,0,Made money,0,"Parkview Medical Center (Pueblo, CO)",51,80,0.0241,0.0446
060022,Memorial Health System,Colorado Springs,CO,Colorado,General hospital,Nonprofit,Urban,536.0,2023,0.0452,56512607.0,1250448559.0,0,Made money,0,"Memorial Health System (Colorado Springs, CO)",35,80,0.0241,0.0446
060023,St. Marys Hospital & Medical Center,Grand Junction,CO,Colorado,General hospital,Nonprofit,Urban,252.0,2023,-0.0146,-8355104.0,572721253.0,1,1 year,1,"St. Marys Hospital & Medical Center (Grand Junction, CO)",56,80,0.0241,0.0446
060024,University Of Co Hospital,Aurora,CO,Colorado,General hospital,Government,Urban,754.0,2023,0.2257,688887333.0,3052397782.0,0,Made money,0,"University Of Co Hospital (Aurora, CO)",7,80,0.0241,0.0446
060027,Boulder Community Hospital,Boulder,CO,Colorado,General hospital,Nonprofit,Urban,139.0,2023,0.1071,53721838.0,501618600.0,0,Made money,0,"Boulder Community Hospital (Boulder, CO)",16,80,0.0241,0.0446
060028,Saint Joseph Hospital,Denver,CO,Colorado,General hospital,Nonprofit,Urban,352.0,2023,-0.0806,-49683234.0,616166217.0,2,2 years,2,"Saint Joseph Hospital (Denver, CO)",70,80,0.0241,0.0446
060030,Mckee Medical Center,Loveland,CO,Colorado,General hospital,Nonprofit,Urban,101.0,2023,0.0036,430280.0,119135091.0,0,Made money,0,"Mckee Medical Center (Loveland, CO)",53,80,0.0241,0.0446
060031,Penrose Hospital,Colorado Springs,CO,Colorado,General hospital,Nonprofit,Urban,484.0,2023,0.0497,39243009.0,790116280.0,0,Made money,0,"Penrose Hospital (Colorado Springs, CO)",32,80,0.0241,0.0446
060032,Rose Medical Center,Denver,CO,Colorado,General hospital,For-profit,Urban,231.0,2023,0.2311,79913842.0,345828800.0,0,Made money,0,"Rose Medical Center (Denver, CO)",6,80,0.0241,0.0446
060034,Swedish Medical Center,Englewood,CO,Colorado,General hospital,For-profit,Urban,304.0,2023,0.2371,165704841.0,698815307.0,0,Made money,0,"Swedish Medical Center (Englewood, CO)",5,80,0.0241,0.0446
060044,St. Elizabeth Hospital,Fort Morgan,CO,Colorado,General hospital,Nonprofit,Rural,33.0,2023,-0.1437,-5982770.0,41634862.0,1,1 year,1,"St. Elizabeth Hospital (Fort Morgan, CO)",75,80,0.0241,0.0446
060049,Yampa Valley Medical Center,Steamboat Springs,CO,Colorado,General hospital,Nonprofit,Rural,42.0,2022,0.0655,8412223.0,128492243.0,0,Made money,0,"Yampa Valley Medical Center (Steamboat Springs, CO)",2,2,0.0241,0.0446
060054,Community Hospital,Grand Junction,CO,Colorado,General hospital,Nonprofit,Urban,44.0,2023,0.0246,6153664.0,250368264.0,0,Made money,0,"Community Hospital (Grand Junction, CO)",40,80,0.0241,0.0446
060064,Adventhealth Porter Hospital,Denver,CO,Colorado,General hospital,Nonprofit,Urban,180.0,2023,-0.1967,-61609147.0,313260832.0,2,2 years,2,"Adventhealth Porter Hospital (Denver, CO)",78,80,0.0241,0.0446
060065,North Suburban Medical Center,Thornton,CO,Colorado,General hospital,For-profit,Urban,139.0,2023,0.0201,3452107.0,171850414.0,0,Made money,0,"North Suburban Medical Center (Thornton, CO)",44,80,0.0241,0.0446
060071,Delta County Memorial Hospital,Delta,CO,Colorado,General hospital,Government,Rural,49.0,2023,0.0301,3362931.0,111774606.0,0,Made money,0,"Delta County Memorial Hospital (Delta, CO)",38,80,0.0241,0.0446
060075,Valley View Hospital,Glenwood Springs,CO,Colorado,General hospital,Nonprofit,Rural,31.0,2023,0.147,55712795.0,378905277.0,0,Made money,0,"Valley View Hospital (Glenwood Springs, CO)",12,80,0.0241,0.0446
060076,Sterling Regional Medcenter,Sterling,CO,Colorado,General hospital,Nonprofit,Rural,25.0,2023,0.0664,4110926.0,61873306.0,0,Made money,0,"Sterling Regional Medcenter (Sterling, CO)",29,80,0.0241,0.0446
060096,Vail Valley Medical Center,Vail,CO,Colorado,General hospital,Government,Rural,54.0,2023,-0.0624,-18068479.0,289387045.0,2,2 years,2,"Vail Valley Medical Center (Vail, CO)",65,80,0.0241,0.0446
060100,The Medical Center Of Aurora,Aurora,CO,Colorado,General hospital,For-profit,Urban,326.0,2023,0.0769,32322695.0,420474644.0,0,Made money,0,"The Medical Center Of Aurora (Aurora, CO)",25,80,0.0241,0.0446
060103,Avista Hospital,Louisville,CO,Colorado,General hospital,Nonprofit,Urban,108.0,2023,0.0697,14739514.0,211416793.0,0,Made money,0,"Avista Hospital (Louisville, CO)",28,80,0.0241,0.0446
060104,St. Anthony North Hospital,Westminster,CO,Colorado,General hospital,Nonprofit,Urban,118.0,2023,0.1277,38780751.0,303611145.0,0,Made money,0,"St. Anthony North Hospital (Westminster, CO)",13,80,0.0241,0.0446
060107,National Jewish Health,Denver,CO,Colorado,General hospital,Nonprofit,Urban,13.0,2023,0.0212,8614999.0,406276999.0,0,Made money,0,"National Jewish Health (Denver, CO)",42,80,0.0241,0.0446
060112,Sky Ridge Medical Center,Lone Tree,CO,Colorado,General hospital,For-profit,Urban,273.0,2023,0.2672,155871421.0,583313646.0,0,Made money,0,"Sky Ridge Medical Center (Lone Tree, CO)",4,80,0.0241,0.0446
060113,Adventhealth Littleton Hospital,Littleton,CO,Colorado,General hospital,Nonprofit,Urban,201.0,2023,-0.0639,-20469859.0,320324145.0,1,1 year,1,"Adventhealth Littleton Hospital (Littleton, CO)",66,80,0.0241,0.0446
060114,Adventhealth Parker Hospital,Parker,CO,Colorado,General hospital,Nonprofit,Urban,162.0,2023,0.0838,29849955.0,356283641.0,0,Made money,0,"Adventhealth Parker Hospital (Parker, CO)",21,80,0.0241,0.0446
060116,Good Samaritan Medical Ctr,Lafayette,CO,Colorado,General hospital,Nonprofit,Urban,183.0,2023,-0.0853,-27493945.0,322183935.0,2,2 years,2,"Good Samaritan Medical Ctr (Lafayette, CO)",71,80,0.0241,0.0446
060117,Animas Surgical Hospital,Durango,CO,Colorado,General hospital,For-profit,Rural,12.0,2023,0.1157,5415945.0,46812380.0,0,Made money,0,"Animas Surgical Hospital (Durango, CO)",14,80,0.0241,0.0446
060118,St. Anthony Summit Hospital,Frisco,CO,Colorado,General hospital,Nonprofit,Rural,34.0,2022,0.2976,36602584.0,122990519.0,0,Made money,0,"St. Anthony Summit Hospital (Frisco, CO)",1,2,0.0241,0.0446
060119,Medical Center Of The Rockies,Loveland,CO,Colorado,General hospital,Nonprofit,Urban,180.0,2023,0.1487,90292592.0,607126926.0,0,Made money,0,"Medical Center Of The Rockies (Loveland, CO)",11,80,0.0241,0.0446
060124,Orthocolorado Hospital,Lakewood,CO,Colorado,General hospital,Nonprofit,Urban,48.0,2023,0.381,49011718.0,128628799.0,0,Made money,0,"Orthocolorado Hospital (Lakewood, CO)",2,80,0.0241,0.0446
060125,Advent Health Castle Rock Hosp,Castle Rock,CO,Colorado,General hospital,Nonprofit,Urban,89.0,2023,0.047,8415133.0,178888306.0,0,Made money,0,"Advent Health Castle Rock Hosp (Castle Rock, CO)",34,80,0.0241,0.0446
060126,Banner Fort Collins Medical Center,Fort Collins,CO,Colorado,General hospital,Nonprofit,Urban,29.0,2023,0.1138,7267833.0,63845015.0,0,Made money,0,"Banner Fort Collins Medical Center (Fort Collins, CO)",15,80,0.0241,0.0446
060128,Uchealth Longs Peak Hospital,Longmont,CO,Colorado,General hospital,Nonprofit,Urban,83.0,2023,0.0078,1800512.0,230585560.0,0,Made money,0,"Uchealth Longs Peak Hospital (Longmont, CO)",47,80,0.0241,0.0446
060129,Uchealth Broomfield Hospital,Broomfield,CO,Colorado,General hospital,Nonprofit,Urban,20.0,2023,-0.0461,-3215520.0,69817267.0,5,5+ years,4,"Uchealth Broomfield Hospital (Broomfield, CO)",62,80,0.0241,0.0446
060130,Uchealth Grandview Hospital,Colorado Springs,CO,Colorado,General hospital,Nonprofit,Urban,22.0,2023,-0.0542,-2843899.0,52426010.0,4,3-4 years,3,"Uchealth Grandview Hospital (Colorado Springs, CO)",63,80,0.0241,0.0446
060131,Uchealth Greeley Hospital,Greeley,CO,Colorado,General hospital,Nonprofit,Urban,88.0,2023,-0.0177,-3970734.0,224616113.0,5,5+ years,4,"Uchealth Greeley Hospital (Greeley, CO)",58,80,0.0241,0.0446
060132,Uchealth Highlands Ranch Hospital,Highlands Ranch,CO,Colorado,General hospital,Nonprofit,Urban,139.0,2023,0.0054,1543800.0,287660952.0,0,Made money,0,"Uchealth Highlands Ranch Hospital (Highlands Ranch, CO)",50,80,0.0241,0.0446
061300,Weisbrod Memorial County Hospital,Eads,CO,Colorado,Critical access hospital (small rural),Government,Rural,25.0,2023,0.0075,64867.0,8594971.0,0,Made money,0,"Weisbrod Memorial County Hospital (Eads, CO)",48,80,0.0241,0.0446
061301,Rio Grande Hospital,Del Norte,CO,Colorado,Critical access hospital (small rural),Nonprofit,Rural,17.0,2023,0.0477,1585771.0,33247710.0,0,Made money,0,"Rio Grande Hospital (Del Norte, CO)",33,80,0.0241,0.0446
061302,Family Health West Hospital,Fruita,CO,Colorado,Critical access hospital (small rural),Nonprofit,Urban,25.0,2023,0.0699,6027090.0,86224222.0,0,Made money,0,"Family Health West Hospital (Fruita, CO)",27,80,0.0241,0.0446
061303,East Morgan County Hospital,Brush,CO,Colorado,Critical access hospital (small rural),Nonprofit,Rural,25.0,2023,0.0836,3618071.0,43274632.0,0,Made money,0,"East Morgan County Hospital (Brush, CO)",22,80,0.0241,0.0446
061304,Haxtun Hospital District,Haxtun,CO,Colorado,Critical access hospital (small rural),Government,Rural,25.0,2023,-0.0028,-41807.0,14904284.0,1,1 year,1,"Haxtun Hospital District (Haxtun, CO)",55,80,0.0241,0.0446
061305,Melissa Memorial Hospital,Holyoke,CO,Colorado,Critical access hospital (small rural),Government,Rural,15.0,2023,-0.0159,-391348.0,24681984.0,1,1 year,1,"Melissa Memorial Hospital (Holyoke, CO)",57,80,0.0241,0.0446
061306,Lincoln Community Hospital,Hugo,CO,Colorado,Critical access hospital (small rural),Nonprofit,Rural,15.0,2023,-0.0178,-536588.0,30080342.0,1,1 year,1,"Lincoln Community Hospital (Hugo, CO)",59,80,0.0241,0.0446
061307,Rangely District Hospital,Rangely,CO,Colorado,Critical access hospital (small rural),Government,Rural,20.0,2023,0.0765,1828284.0,23884244.0,0,Made money,0,"Rangely District Hospital (Rangely, CO)",26,80,0.0241,0.0446
061308,Conejos County Hospital,La Jara,CO,Colorado,Critical access hospital (small rural),Nonprofit,Rural,17.0,2023,0.1877,3271710.0,17431882.0,0,Made money,0,"Conejos County Hospital (La Jara, CO)",10,80,0.0241,0.0446
061309,Wray Community District Hospital,Wray,CO,Colorado,Critical access hospital (small rural),Government,Rural,16.0,2023,0.0826,3349006.0,40524453.0,0,Made money,0,"Wray Community District Hospital (Wray, CO)",23,80,0.0241,0.0446
061310,Sedgwick County Health Center,Julesburg,CO,Colorado,Critical access hospital (small rural),Government,Rural,9.0,2023,-0.0996,-1455266.0,14605197.0,1,1 year,1,"Sedgwick County Health Center (Julesburg, CO)",73,80,0.0241,0.0446
061311,Southeast Colorado Hospital,Springfield,CO,Colorado,Critical access hospital (small rural),Government,Rural,15.0,2023,-0.0739,-1632726.0,22095153.0,2,2 years,2,"Southeast Colorado Hospital (Springfield, CO)",69,80,0.0241,0.0446
061312,Estes Park Medical Center,Estes Park,CO,Colorado,Critical access hospital (small rural),Government,Urban,23.0,2023,-0.0269,-1732565.0,64374859.0,2,2 years,2,"Estes Park Medical Center (Estes Park, CO)",60,80,0.0241,0.0446
061313,Kit Carson County Memorial Hospital,Burlington,CO,Colorado,Critical access hospital (small rural),Government,Rural,19.0,2023,0.0958,2376441.0,24807265.0,0,Made money,0,"Kit Carson County Memorial Hospital (Burlington, CO)",18,80,0.0241,0.0446
061314,The Memorial Hospital,Craig,CO,Colorado,Critical access hospital (small rural),Government,Rural,25.0,2023,0.0206,1415780.0,68603487.0,0,Made money,0,"The Memorial Hospital (Craig, CO)",43,80,0.0241,0.0446
061315,Yuma District Hospital,Yuma,CO,Colorado,Critical access hospital (small rural),Government,Rural,15.0,2023,-0.0705,-1757206.0,24924155.0,2,2 years,2,"Yuma District Hospital (Yuma, CO)",67,80,0.0241,0.0446
061316,Spanish Peaks Regional Health,Walsenburg,CO,Colorado,Critical access hospital (small rural),Government,Rural,20.0,2023,-0.033,-1279700.0,38750999.0,2,2 years,2,"Spanish Peaks Regional Health (Walsenburg, CO)",61,80,0.0241,0.0446
061317,Grand River Hospital District,Rifle,CO,Colorado,Critical access hospital (small rural),Government,Rural,25.0,2023,0.0446,5398648.0,121000824.0,0,Made money,0,"Grand River Hospital District (Rifle, CO)",36,80,0.0241,0.0446
061318,Kremmling Memorial Hospital District,Kremmling,CO,Colorado,Critical access hospital (small rural),Government,Rural,22.0,2023,0.0514,3013787.0,58665388.0,0,Made money,0,"Kremmling Memorial Hospital District (Kremmling, CO)",31,80,0.0241,0.0446
061319,St Vincent General Hospital,Leadville,CO,Colorado,Critical access hospital (small rural),Government,Rural,8.0,2023,-0.1794,-3524796.0,19650580.0,2,2 years,2,"St Vincent General Hospital (Leadville, CO)",77,80,0.0241,0.0446
061320,Gunnison Valley Hospital,Gunnison,CO,Colorado,Critical access hospital (small rural),Government,Rural,20.0,2023,0.0577,4491943.0,77898817.0,0,Made money,0,"Gunnison Valley Hospital (Gunnison, CO)",30,80,0.0241,0.0446
061321,Mt. San Rafael Hospital,Trinidad,CO,Colorado,Critical access hospital (small rural),Nonprofit,Rural,25.0,2023,0.031,1340996.0,43274066.0,0,Made money,0,"Mt. San Rafael Hospital (Trinidad, CO)",37,80,0.0241,0.0446
061322,Heart Of The Rockies Reg Med Center,Salida,CO,Colorado,Critical access hospital (small rural),Government,Rural,25.0,2023,0.1061,14853644.0,139973164.0,0,Made money,0,"Heart Of The Rockies Reg Med Center (Salida, CO)",17,80,0.0241,0.0446
061323,Prowers Medical Center,Lamar,CO,Colorado,Critical access hospital (small rural),Government,Rural,25.0,2023,-0.0717,-3116163.0,43462281.0,1,1 year,1,"Prowers Medical Center (Lamar, CO)",68,80,0.0241,0.0446
061324,Aspen Valley Hospital District,Aspen,CO,Colorado,Critical access hospital (small rural),Government,Rural,25.0,2023,-0.0017,-265316.0,157005466.0,1,1 year,1,"Aspen Valley Hospital District (Aspen, CO)",54,80,0.0241,0.0446
061325,Pioneers Medical Center,Meeker,CO,Colorado,Critical access hospital (small rural),Government,Rural,16.0,2023,-0.1519,-7229626.0,47586516.0,1,1 year,1,"Pioneers Medical Center (Meeker, CO)",76,80,0.0241,0.0446
061326,Pikes Peak Regional Hospital,Woodland Park,CO,Colorado,Critical access hospital (small rural),Nonprofit,Urban,13.0,2023,0.2098,7950703.0,37894828.0,0,Made money,0,"Pikes Peak Regional Hospital (Woodland Park, CO)",8,80,0.0241,0.0446
061327,Southwest Memorial Hospital,Cortez,CO,Colorado,Critical access hospital (small rural),Government,Rural,20.0,2023,0.0057,450982.0,79661592.0,0,Made money,0,"Southwest Memorial Hospital (Cortez, CO)",49,80,0.0241,0.0446
061328,Pagosa Springs Medical Center,Pagosa Springs,CO,Colorado,Critical access hospital (small rural),Government,Rural,11.0,2023,0.0285,1266127.0,44388267.0,0,Made money,0,"Pagosa Springs Medical Center (Pagosa Springs, CO)",39,80,0.0241,0.0446
061336,Arkansas Valley Regl Med Ctr,La Junta,CO,Colorado,Critical access hospital (small rural),Nonprofit,Rural,20.0,2023,-0.0967,-3606912.0,37294764.0,2,2 years,2,"Arkansas Valley Regl Med Ctr (La Junta, CO)",72,80,0.0241,0.0446
061343,Keefe Memorial Hospital,Cheyenne Wells,CO,Colorado,Critical access hospital (small rural),Government,Rural,11.0,2023,-0.1037,-1277948.0,12327635.0,2,2 years,2,"Keefe Memorial Hospital (Cheyenne Wells, CO)",74,80,0.0241,0.0446
061344,St. Thomas More Hospital,Canon City,CO,Colorado,Critical access hospital (small rural),Nonprofit,Rural,25.0,2023,0.203,18553262.0,91377034.0,0,Made money,0,"St. Thomas More Hospital (Canon City, CO)",9,80,0.0241,0.0446
070002,Saint Francis Hospital,Hartford,CT,Connecticut,General hospital,Nonprofit,Urban,413.0,2023,0.0096,8825809.0,919869019.0,0,Made money,0,"Saint Francis Hospital (Hartford, CT)",12,28,-0.0067,0.0446
070003,Day Kimball Hospital,Putnam,CT,Connecticut,General hospital,Nonprofit,Urban,104.0,2023,-0.1213,-16049831.0,132262884.0,1,1 year,1,"Day Kimball Hospital (Putnam, CT)",24,28,-0.0067,0.0446
070004,Sharon Hospital,Sharon,CT,Connecticut,General hospital,Nonprofit,Rural,50.0,2023,-0.4854,-24084221.0,49613947.0,5,5+ years,4,"Sharon Hospital (Sharon, CT)",28,28,-0.0067,0.0446
070005,Waterbury Hospital,Waterbury,CT,Connecticut,General hospital,For-profit,Urban,235.0,2023,-0.1929,-46651064.0,241860200.0,2,2 years,2,"Waterbury Hospital (Waterbury, CT)",26,28,-0.0067,0.0446
070006,The Stamford Hospital,Stamford  Ct 06904,CT,Connecticut,General hospital,Nonprofit,Urban,288.0,2023,0.0007,647113.0,917186234.0,0,Made money,0,"The Stamford Hospital (Stamford  Ct 06904, CT)",14,28,-0.0067,0.0446
070007,Lawrence & Memorial Hospital,New London,CT,Connecticut,General hospital,Nonprofit,Urban,236.0,2023,0.0106,5005635.0,473968774.0,0,Made money,0,"Lawrence & Memorial Hospital (New London, CT)",11,28,-0.0067,0.0446
070008,Johnson Memorial Hospital  Inc.,Stafford Springs,CT,Connecticut,General hospital,Nonprofit,Urban,44.0,2023,-0.0971,-5901626.0,60761938.0,3,3-4 years,3,"Johnson Memorial Hospital  Inc. (Stafford Springs, CT)",21,28,-0.0067,0.0446
070010,Bridgeport Hospital,Bridgeport,CT,Connecticut,General hospital,Nonprofit,Urban,390.0,2023,-0.0634,-53826564.0,849159256.0,2,2 years,2,"Bridgeport Hospital (Bridgeport, CT)",20,28,-0.0067,0.0446
070011,Charlotte Hungerford Hospital,Torrington,CT,Connecticut,General hospital,Nonprofit,Rural,108.0,2023,-0.0552,-9919209.0,179844688.0,2,2 years,2,"Charlotte Hungerford Hospital (Torrington, CT)",19,28,-0.0067,0.0446
070012,Rockville General Hospital  Inc.,Vernon,CT,Connecticut,General hospital,For-profit,Urban,102.0,2023,-0.4844,-15140878.0,31257997.0,1,1 year,1,"Rockville General Hospital  Inc. (Vernon, CT)",27,28,-0.0067,0.0446
070016,St. Marys Hospital,Waterbury,CT,Connecticut,General hospital,Nonprofit,Urban,146.0,2023,0.0178,5748311.0,322992908.0,0,Made money,0,"St. Marys Hospital (Waterbury, CT)",10,28,-0.0067,0.0446
070017,Midstate Medical Center,Meriden,CT,Connecticut,General hospital,Nonprofit,Urban,143.0,2023,-0.0141,-5408429.0,383162797.0,1,1 year,1,"Midstate Medical Center (Meriden, CT)",15,28,-0.0067,0.0446
070018,Greenwich Hospital,Greenwich,CT,Connecticut,General hospital,Nonprofit,Urban,185.0,2023,0.0008,425093.0,531724630.0,0,Made money,0,"Greenwich Hospital (Greenwich, CT)",13,28,-0.0067,0.0446
070020,Middlesex Hospital,Middletown,CT,Connecticut,General hospital,Nonprofit,Urban,187.0,2023,0.0626,32415626.0,518148626.0,0,Made money,0,"Middlesex Hospital (Middletown, CT)",3,28,-0.0067,0.0446
070021,Windham Community Memorial Hospital,Willimantic,CT,Connecticut,General hospital,Nonprofit,Urban,46.0,2023,-0.0214,-2602270.0,121520184.0,1,1 year,1,"Windham Community Memorial Hospital (Willimantic, CT)",16,28,-0.0067,0.0446
070022,Yale New Haven Hospital,New Haven,CT,Connecticut,General hospital,Nonprofit,Urban,1340.0,2023,0.0375,160311946.0,4274105961.0,0,Made money,0,"Yale New Haven Hospital (New Haven, CT)",6,28,-0.0067,0.0446
070024,The William W. Backus Hospital,Norwich,CT,Connecticut,General hospital,Nonprofit,Urban,187.0,2023,0.021,10148946.0,482910283.0,0,Made money,0,"The William W. Backus Hospital (Norwich, CT)",9,28,-0.0067,0.0446
070025,Hartford Hospital,Hartford,CT,Connecticut,General hospital,Nonprofit,Urban,723.0,2023,0.025,58902690.0,2354460897.0,0,Made money,0,"Hartford Hospital (Hartford, CT)",8,28,-0.0067,0.0446
070027,Manchester Memorial Hospital,Manchester,CT,Connecticut,General hospital,For-profit,Urban,123.0,2023,-0.1537,-33493341.0,217970355.0,1,1 year,1,"Manchester Memorial Hospital (Manchester, CT)",25,28,-0.0067,0.0446
070028,St. Vincents Medical Center,Bridgeport,CT,Connecticut,General hospital,Nonprofit,Urban,219.0,2023,-0.0381,-22338119.0,585615079.0,4,3-4 years,3,"St. Vincents Medical Center (Bridgeport, CT)",17,28,-0.0067,0.0446
070029,Bristol Hospital  Inc,Bristol,CT,Connecticut,General hospital,Nonprofit,Urban,123.0,2023,0.0452,7618325.0,168564156.0,0,Made money,0,"Bristol Hospital  Inc (Bristol, CT)",5,28,-0.0067,0.0446
070031,The Griffin Hospital,Derby,CT,Connecticut,General hospital,Nonprofit,Urban,101.0,2023,0.0567,14398616.0,254027281.0,0,Made money,0,"The Griffin Hospital (Derby, CT)",4,28,-0.0067,0.0446
070033,Danbury Hospital,Danbury,CT,Connecticut,General hospital,Nonprofit,Urban,338.0,2023,0.0355,28776403.0,811707794.0,0,Made money,0,"Danbury Hospital (Danbury, CT)",7,28,-0.0067,0.0446
070034,Norwalk Hospital,Norwalk,CT,Connecticut,General hospital,Nonprofit,Urban,186.0,2023,-0.0488,-18860001.0,386137206.0,2,2 years,2,"Norwalk Hospital (Norwalk, CT)",18,28,-0.0067,0.0446
070035,The Hospital Of Central Connecticut,New Britain,CT,Connecticut,General hospital,Nonprofit,Urban,248.0,2023,0.0678,46374692.0,683659388.0,0,Made money,0,"The Hospital Of Central Connecticut (New Britain, CT)",2,28,-0.0067,0.0446
070036,John Dempsey Hospital,Farmington,CT,Connecticut,General hospital,Government,Urban,165.0,2023,-0.1206,-91876477.0,761728680.0,8,5+ years,4,"John Dempsey Hospital (Farmington, CT)",23,28,-0.0067,0.0446
070038,The Connecticut Hospice  Inc.,Branford,CT,Connecticut,General hospital,Nonprofit,Urban,3.0,2023,-0.1193,-2171868.0,18205080.0,1,1 year,1,"The Connecticut Hospice  Inc. (Branford, CT)",22,28,-0.0067,0.0446
070039,Masonicare Health Center,Wallingford,CT,Connecticut,General hospital,Nonprofit,Urban,,2022,-0.0373,-2107934.0,56546909.0,10,5+ years,4,"Masonicare Health Center (Wallingford, CT)",1,1,-0.0067,0.0446
070040,Hebrew Home & Hospital,West Hartford,CT,Connecticut,General hospital,Nonprofit,Urban,,2023,0.1568,1808600.0,11536012.0,0,Made money,0,"Hebrew Home & Hospital (West Hartford, CT)",1,28,-0.0067,0.0446
080001,Christiana Care Health System,Wilmington,DE,Delaware,General hospital,Nonprofit,Urban,1172.0,2023,0.152,474111409.0,3118487577.0,0,Made money,0,"Christiana Care Health System (Wilmington, DE)",1,6,0.0686,0.0446
080003,St. Francis Hospital  Wilmington,Wilmington,DE,Delaware,General hospital,Nonprofit,Urban,146.0,2023,0.0651,8868279.0,136230797.0,0,Made money,0,"St. Francis Hospital  Wilmington (Wilmington, DE)",5,6,0.0686,0.0446
080004,Bayhealth Hospital  Kent Campus,Dover,DE,Delaware,General hospital,Nonprofit,Urban,279.0,2023,0.0664,43842744.0,660143407.0,0,Made money,0,"Bayhealth Hospital  Kent Campus (Dover, DE)",4,6,0.0686,0.0446
080006,Nanticoke Memorial Hospital,Seaford,DE,Delaware,General hospital,Nonprofit,Urban,92.0,2023,0.0229,4076542.0,178277381.0,0,Made money,0,"Nanticoke Memorial Hospital (Seaford, DE)",6,6,0.0686,0.0446
080007,Beebe Medical Center,Lewes,DE,Delaware,General hospital,Nonprofit,Urban,201.0,2023,0.0707,42605590.0,602739728.0,0,Made money,0,"Beebe Medical Center (Lewes, DE)",3,6,0.0686,0.0446
080009,Bayhealth Hospital  Sussex Campus,Milford,DE,Delaware,General hospital,Nonprofit,Urban,117.0,2023,0.0995,38720898.0,389303101.0,0,Made money,0,"Bayhealth Hospital  Sussex Campus (Milford, DE)",2,6,0.0686,0.0446
090001,George Washington Univ Hospital,Washington,DC,District of Columbia,General hospital,For-profit,Urban,339.0,2023,-0.0169,-10806758.0,637982740.0,2,2 years,2,"George Washington Univ Hospital (Washington, DC)",4,5,0.0613,0.0446
090003,Howard University Hospital,Washington,DC,District of Columbia,General hospital,Nonprofit,Urban,215.0,2022,0.0485,16283805.0,335743258.0,0,Made money,0,"Howard University Hospital (Washington, DC)",1,1,0.0613,0.0446
090004,Georgetown University Hospital,Washington,DC,District of Columbia,General hospital,Nonprofit,Urban,453.0,2023,0.1087,144513882.0,1329947106.0,0,Made money,0,"Georgetown University Hospital (Washington, DC)",2,5,0.0613,0.0446
090005,Sibley Memorial Hospital,Washington,DC,District of Columbia,General hospital,Nonprofit,Urban,218.0,2023,0.2545,192172709.0,755085721.0,0,Made money,0,"Sibley Memorial Hospital (Washington, DC)",1,5,0.0613,0.0446
090008,Not-For-Profit Hospital Corporation,Washington,DC,District of Columbia,General hospital,Government,Urban,126.0,2023,-0.0789,-9194163.0,116553614.0,6,5+ years,4,"Not-For-Profit Hospital Corporation (Washington, DC)",5,5,0.0613,0.0446
090011,Washington Hospital Center,Washington,DC,District of Columbia,General hospital,Nonprofit,Urban,719.0,2023,0.0613,105624506.0,1724200056.0,0,Made money,0,"Washington Hospital Center (Washington, DC)",3,5,0.0613,0.0446
100001,Shands Jacksonville Medical Center,Jacksonville,FL,Florida,General hospital,Nonprofit,Urban,462.0,2023,0.1194,125469716.0,1050629304.0,0,Made money,0,"Shands Jacksonville Medical Center (Jacksonville, FL)",80,176,0.1092,0.0446
100002,Bethesda Hospital,Boynton Beach,FL,Florida,General hospital,Nonprofit,Urban,363.0,2023,-0.2992,-108066890.0,361221929.0,3,3-4 years,3,"Bethesda Hospital (Boynton Beach, FL)",174,176,0.1092,0.0446
100006,Orlando Health,Orlando,FL,Florida,General hospital,Nonprofit,Urban,1467.0,2023,0.2589,1131733000.0,4370491636.0,0,Made money,0,"Orlando Health (Orlando, FL)",31,176,0.1092,0.0446
100007,Adventhealth Orlando,Orlando,FL,Florida,General hospital,Nonprofit,Urban,2787.0,2023,0.1691,1139013106.0,6734289110.0,0,Made money,0,"Adventhealth Orlando (Orlando, FL)",61,176,0.1092,0.0446
100008,Baptist Hospital,Miami,FL,Florida,General hospital,Nonprofit,Urban,672.0,2023,0.1932,385939009.0,1998065082.0,0,Made money,0,"Baptist Hospital (Miami, FL)",50,176,0.1092,0.0446
100012,Lee Memorial Hospital,Fort Myers,FL,Florida,General hospital,Government,Urban,746.0,2023,0.2205,311804727.0,1413813589.0,0,Made money,0,"Lee Memorial Hospital (Fort Myers, FL)",41,176,0.1092,0.0446
100014,Adventhealth New Smyrna Beach,New Smyrna Beach,FL,Florida,General hospital,Nonprofit,Urban,109.0,2023,0.0143,2466185.0,172529681.0,0,Made money,0,"Adventhealth New Smyrna Beach (New Smyrna Beach, FL)",135,176,0.1092,0.0446
100017,Halifax Medical Center,303 N Clyde Morris Blvd,FL,Florida,General hospital,Government,Urban,533.0,2023,0.0479,32507278.0,678573759.0,0,Made money,0,"Halifax Medical Center (303 N Clyde Morris Blvd, FL)",114,176,0.1092,0.0446
100018,Naples Community Hospital,Naples,FL,Florida,General hospital,Nonprofit,Urban,517.0,2023,-0.0468,-33721360.0,720165359.0,2,2 years,2,"Naples Community Hospital (Naples, FL)",148,176,0.1092,0.0446
100019,Holmes Regl Medical Center,Melbourne,FL,Florida,General hospital,Nonprofit,Urban,550.0,2023,0.0447,29626261.0,663381806.0,0,Made money,0,"Holmes Regl Medical Center (Melbourne, FL)",115,176,0.1092,0.0446
100022,Jackson Memorial,Miami,FL,Florida,General hospital,Government,Urban,1608.0,2023,-0.0218,-61672298.0,2828093442.0,1,1 year,1,"Jackson Memorial (Miami, FL)",144,176,0.1092,0.0446
100023,Hca Florida Citrus Hospital,Inverness,FL,Florida,General hospital,For-profit,Urban,204.0,2023,0.0711,17392415.0,244715213.0,0,Made money,0,"Hca Florida Citrus Hospital (Inverness, FL)",106,176,0.1092,0.0446
100025,Ascension Sacred Heart Pensacola,Pensacola,FL,Florida,General hospital,Nonprofit,Urban,582.0,2023,0.03,36270913.0,1209124602.0,0,Made money,0,"Ascension Sacred Heart Pensacola (Pensacola, FL)",123,176,0.1092,0.0446
100026,Ascension Sacred Heart Bay,Panama City,FL,Florida,General hospital,Nonprofit,Urban,144.0,2023,-0.0981,-19957380.0,203385002.0,11,5+ years,4,"Ascension Sacred Heart Bay (Panama City, FL)",161,176,0.1092,0.0446
100028,Parrish Medical Center,Titusville,FL,Florida,General hospital,Nonprofit,Urban,208.0,2023,-0.1208,-20482264.0,169492783.0,2,2 years,2,"Parrish Medical Center (Titusville, FL)",164,176,0.1092,0.0446
100029,North Shore Medical Center And Fmc,Miami,FL,Florida,General hospital,For-profit,Urban,748.0,2023,-0.2054,-55429185.0,269804526.0,1,1 year,1,"North Shore Medical Center And Fmc (Miami, FL)",172,176,0.1092,0.0446
100030,Orlando Health-Health Central Hospit,Ocoee,FL,Florida,General hospital,Nonprofit,Urban,273.0,2023,0.1323,50942133.0,384930202.0,0,Made money,0,"Orlando Health-Health Central Hospit (Ocoee, FL)",72,176,0.1092,0.0446
100032,Bayfront Health St. Petersburg,St Petersburg,FL,Florida,General hospital,Nonprofit,Urban,262.0,2023,0.0859,32113586.0,373916936.0,0,Made money,0,"Bayfront Health St. Petersburg (St Petersburg, FL)",98,176,0.1092,0.0446
100034,Mount Sinai Medical Center Of Florid,Miami Beach,FL,Florida,General hospital,Nonprofit,Urban,481.0,2023,0.0718,75517368.0,1051268111.0,0,Made money,0,"Mount Sinai Medical Center Of Florid (Miami Beach, FL)",105,176,0.1092,0.0446
100035,Manatee Memorial Hospital,Bradenton,FL,Florida,General hospital,For-profit,Urban,295.0,2023,0.0176,6792760.0,386297618.0,0,Made money,0,"Manatee Memorial Hospital (Bradenton, FL)",134,176,0.1092,0.0446
100038,Memorial Regional Hospital,Hollywood,FL,Florida,General hospital,Government,Urban,838.0,2023,0.0212,41621987.0,1964438374.0,0,Made money,0,"Memorial Regional Hospital (Hollywood, FL)",130,176,0.1092,0.0446
100039,Broward Health Medical Center,Ft. Lauderdale,FL,Florida,General hospital,Government,Urban,572.0,2023,0.1159,86197500.0,743711935.0,0,Made money,0,"Broward Health Medical Center (Ft. Lauderdale, FL)",82,176,0.1092,0.0446
100040,Ascension St. Vincents Riverside,Jacksonville,FL,Florida,General hospital,Nonprofit,Urban,297.0,2023,-0.0146,-6505838.0,445322857.0,1,1 year,1,"Ascension St. Vincents Riverside (Jacksonville, FL)",141,176,0.1092,0.0446
100043,Mease Hospital And Clinic,Dunedin,FL,Florida,General hospital,Nonprofit,Urban,112.0,2023,-0.0519,-6239230.0,120219366.0,9,5+ years,4,"Mease Hospital And Clinic (Dunedin, FL)",152,176,0.1092,0.0446
100044,Martin Medical Center,Stuart,FL,Florida,General hospital,Nonprofit,Urban,521.0,2023,-0.0281,-18271507.0,651194291.0,1,1 year,1,"Martin Medical Center (Stuart, FL)",145,176,0.1092,0.0446
100045,Adventhealth Deland,Deland,FL,Florida,General hospital,Nonprofit,Urban,142.0,2023,0.1918,49334630.0,257218040.0,0,Made money,0,"Adventhealth Deland (Deland, FL)",52,176,0.1092,0.0446
100046,Adventhealth Zephyrhills,Zephyrhills,FL,Florida,General hospital,Nonprofit,Urban,149.0,2023,0.1115,28050961.0,251681751.0,0,Made money,0,"Adventhealth Zephyrhills (Zephyrhills, FL)",85,176,0.1092,0.0446
100047,Bayfront Health Punta Gorda,Punta Gorda,FL,Florida,General hospital,For-profit,Urban,81.0,2023,0.0302,2190475.0,72519935.0,0,Made money,0,"Bayfront Health Punta Gorda (Punta Gorda, FL)",122,176,0.1092,0.0446
100048,Jay Hospital,Jay,FL,Florida,General hospital,Nonprofit,Urban,19.0,2023,-0.436,-5096652.0,11689790.0,13,5+ years,4,"Jay Hospital (Jay, FL)",176,176,0.1092,0.0446
100049,Hca Florida Highlands Hospital,Sebring,FL,Florida,General hospital,For-profit,Urban,109.0,2023,0.0187,1664093.0,89026868.0,0,Made money,0,"Hca Florida Highlands Hospital (Sebring, FL)",132,176,0.1092,0.0446
100050,Larkin Hosp Palm Springs Campus  Llc,Hialeah,FL,Florida,General hospital,For-profit,Urban,119.0,2023,-0.0927,-7291904.0,78697812.0,1,1 year,1,"Larkin Hosp Palm Springs Campus  Llc (Hialeah, FL)",160,176,0.1092,0.0446
100051,Orlando Health South Lake Hospital,Clermont,FL,Florida,General hospital,Nonprofit,Urban,172.0,2023,0.1936,80712416.0,416936915.0,0,Made money,0,"Orlando Health South Lake Hospital (Clermont, FL)",49,176,0.1092,0.0446
100052,Winter Haven Hospital,Winter Haven,FL,Florida,General hospital,Nonprofit,Urban,455.0,2023,-0.0213,-9533397.0,447824466.0,2,2 years,2,"Winter Haven Hospital (Winter Haven, FL)",143,176,0.1092,0.0446
100053,Hialeah Hospital,Hialeah,FL,Florida,General hospital,For-profit,Urban,340.0,2023,-0.0555,-6695750.0,120671131.0,1,1 year,1,"Hialeah Hospital (Hialeah, FL)",154,176,0.1092,0.0446
100054,Twin Cities Hospital,Niceville,FL,Florida,General hospital,For-profit,Urban,65.0,2023,0.4176,31821087.0,76191458.0,0,Made money,0,"Twin Cities Hospital (Niceville, FL)",8,176,0.1092,0.0446
100055,Adventhealth - North Pinellas,Tarpon Springs,FL,Florida,General hospital,Nonprofit,Urban,136.0,2023,-0.0475,-7863290.0,165458825.0,1,1 year,1,"Adventhealth - North Pinellas (Tarpon Springs, FL)",150,176,0.1092,0.0446
100057,Adventhealth Waterman,Tavares,FL,Florida,General hospital,Nonprofit,Urban,288.0,2023,0.1229,54638981.0,444696728.0,0,Made money,0,"Adventhealth Waterman (Tavares, FL)",75,176,0.1092,0.0446
100062,Adventhealth Ocala,Ocala,FL,Florida,General hospital,Nonprofit,Urban,351.0,2023,0.0252,11185317.0,443581550.0,0,Made money,0,"Adventhealth Ocala (Ocala, FL)",127,176,0.1092,0.0446
100063,Morton Plant North Bay Hospital,New Port Richey,FL,Florida,General hospital,Nonprofit,Urban,222.0,2023,-0.0621,-11473297.0,184616712.0,7,5+ years,4,"Morton Plant North Bay Hospital (New Port Richey, FL)",157,176,0.1092,0.0446
100067,St. Anthonys Hospital,St. Petersburg,FL,Florida,General hospital,Nonprofit,Urban,398.0,2023,0.0827,42654886.0,515633402.0,0,Made money,0,"St. Anthonys Hospital (St. Petersburg, FL)",100,176,0.1092,0.0446
100068,Adventhealth Daytona Beach,Daytona,FL,Florida,General hospital,Nonprofit,Urban,330.0,2023,0.1095,74017340.0,676171432.0,0,Made money,0,"Adventhealth Daytona Beach (Daytona, FL)",88,176,0.1092,0.0446
100069,Adventhealth Carrollwood,Tampa,FL,Florida,General hospital,Nonprofit,Urban,119.0,2023,0.1153,30294487.0,262724173.0,0,Made money,0,"Adventhealth Carrollwood (Tampa, FL)",83,176,0.1092,0.0446
100070,Venice Regional Bayfront Health,Venice,FL,Florida,General hospital,For-profit,Urban,229.0,2021,0.0125,2155018.0,172432174.0,0,Made money,0,"Venice Regional Bayfront Health (Venice, FL)",1,1,0.1092,0.0446
100071,Brooksville Regional Hosptal,Brooksville,FL,Florida,General hospital,For-profit,Urban,244.0,2023,0.0874,15531498.0,177654152.0,0,Made money,0,"Brooksville Regional Hosptal (Brooksville, FL)",97,176,0.1092,0.0446
100072,Adventhealth Fish Memorial,Orange City,FL,Florida,General hospital,Nonprofit,Urban,253.0,2023,0.109,30657628.0,281337434.0,0,Made money,0,"Adventhealth Fish Memorial (Orange City, FL)",89,176,0.1092,0.0446
100073,Holy Cross Hospital,Fort Lauderdale,FL,Florida,General hospital,Nonprofit,Urban,286.0,2023,-0.0112,-7017603.0,626821753.0,1,1 year,1,"Holy Cross Hospital (Fort Lauderdale, FL)",140,176,0.1092,0.0446
100075,St. Josephs Hospital,Tampa,FL,Florida,General hospital,Nonprofit,Urban,1354.0,2023,0.1387,241230051.0,1739247913.0,0,Made money,0,"St. Josephs Hospital (Tampa, FL)",70,176,0.1092,0.0446
100077,Bayfront Health Port Charlotte,Port Charlotte,FL,Florida,General hospital,For-profit,Urban,254.0,2023,0.0106,2018574.0,190019569.0,0,Made money,0,"Bayfront Health Port Charlotte (Port Charlotte, FL)",137,176,0.1092,0.0446
100079,University Of Miami Hosp & Clinics,Miami,FL,Florida,General hospital,Nonprofit,Urban,538.0,2023,0.1742,540364050.0,3101744875.0,0,Made money,0,"University Of Miami Hosp & Clinics (Miami, FL)",57,176,0.1092,0.0446
100080,Hca Florida Jfk Hospital,Atlantis,FL,Florida,General hospital,For-profit,Urban,642.0,2023,0.1613,127071045.0,787814995.0,0,Made money,0,"Hca Florida Jfk Hospital (Atlantis, FL)",64,176,0.1092,0.0446
100084,Leesburg Regional Medical Center Inc,Leesburg,FL,Florida,General hospital,Nonprofit,Urban,330.0,2023,0.0183,5369331.0,293543027.0,0,Made money,0,"Leesburg Regional Medical Center Inc (Leesburg, FL)",133,176,0.1092,0.0446
100086,Broward Health North,Pompano Beach,FL,Florida,General hospital,Government,Urban,304.0,2023,0.1079,39376697.0,364980874.0,0,Made money,0,"Broward Health North (Pompano Beach, FL)",91,176,0.1092,0.0446
100087,Sarasota Memorial Hospital,Sarasota,FL,Florida,General hospital,Government,Urban,786.0,2023,0.167,223381076.0,1337346124.0,0,Made money,0,"Sarasota Memorial Hospital (Sarasota, FL)",62,176,0.1092,0.0446
100088,Baptist Medical Center,Jacksonville,FL,Florida,General hospital,Nonprofit,Urban,981.0,2023,0.1631,373200000.0,2288457309.0,0,Made money,0,"Baptist Medical Center (Jacksonville, FL)",63,176,0.1092,0.0446
100090,Flagler Hospital,St Augustine,FL,Florida,General hospital,Nonprofit,Urban,335.0,2023,-0.1495,-47818497.0,319812984.0,2,2 years,2,"Flagler Hospital (St Augustine, FL)",169,176,0.1092,0.0446
100092,Rockledge Regional Medical Center,Rockledge,FL,Florida,General hospital,For-profit,Urban,274.0,2023,0.0034,582497.0,169297659.0,0,Made money,0,"Rockledge Regional Medical Center (Rockledge, FL)",138,176,0.1092,0.0446
100093,Baptist Hospital,Pensacola,FL,Florida,General hospital,Nonprofit,Urban,278.0,2023,0.0114,6291671.0,551356617.0,0,Made money,0,"Baptist Hospital (Pensacola, FL)",136,176,0.1092,0.0446
100099,Adventhealth Lake Wales,Lake Wales,FL,Florida,General hospital,Nonprofit,Urban,118.0,2023,0.1197,12758860.0,106632240.0,0,Made money,0,"Adventhealth Lake Wales (Lake Wales, FL)",78,176,0.1092,0.0446
100105,Indian River Memorial Hospita.L,Vero Beach,FL,Florida,General hospital,Nonprofit,Urban,310.0,2023,-0.1703,-66601501.0,391082056.0,3,3-4 years,3,"Indian River Memorial Hospita.L (Vero Beach, FL)",171,176,0.1092,0.0446
100106,Doctors Memorial,Perry,FL,Florida,General hospital,Nonprofit,Rural,48.0,2022,-0.0398,-879947.0,22091877.0,1,1 year,1,"Doctors Memorial (Perry, FL)",3,3,0.1092,0.0446
100107,Lehigh Regional,Lehigh Acres,FL,Florida,General hospital,For-profit,Urban,53.0,2023,0.1301,6102223.0,46914527.0,0,Made money,0,"Lehigh Regional (Lehigh Acres, FL)",73,176,0.1092,0.0446
100109,Adventhealth Sebring,Sebring,FL,Florida,General hospital,Nonprofit,Urban,204.0,2023,0.0809,27096797.0,335030554.0,0,Made money,0,"Adventhealth Sebring (Sebring, FL)",102,176,0.1092,0.0446
100110,Osceola Regional Medical Center,Kissimmee,FL,Florida,General hospital,For-profit,Urban,351.0,2023,0.3652,190488840.0,521603015.0,0,Made money,0,"Osceola Regional Medical Center (Kissimmee, FL)",17,176,0.1092,0.0446
100113,Uf Health Shands,Gainesville,FL,Florida,General hospital,Nonprofit,Urban,994.0,2023,0.0597,155481518.0,2604283469.0,0,Made money,0,"Uf Health Shands (Gainesville, FL)",112,176,0.1092,0.0446
100117,Baptist Medical Center-Beaches,Jacksonville Beach,FL,Florida,General hospital,Nonprofit,Urban,135.0,2023,0.1042,20428000.0,196116486.0,0,Made money,0,"Baptist Medical Center-Beaches (Jacksonville Beach, FL)",93,176,0.1092,0.0446
100118,Adventhealth Palm Coast,Palm Coast,FL,Florida,General hospital,Nonprofit,Urban,99.0,2023,0.1966,64737161.0,329224356.0,0,Made money,0,"Adventhealth Palm Coast (Palm Coast, FL)",47,176,0.1092,0.0446
100121,Bartow Regional Medical Center,Bartow,FL,Florida,General hospital,Nonprofit,Urban,72.0,2023,0.1525,15803994.0,103607159.0,0,Made money,0,"Bartow Regional Medical Center (Bartow, FL)",68,176,0.1092,0.0446
100122,North Okaloosa Medical Center,Crestview,FL,Florida,General hospital,For-profit,Urban,110.0,2023,0.468,60549305.0,129378769.0,0,Made money,0,"North Okaloosa Medical Center (Crestview, FL)",4,176,0.1092,0.0446
100124,Santa Rosa Medical Center,Milton,FL,Florida,General hospital,For-profit,Urban,87.0,2023,0.1906,20343741.0,106715468.0,0,Made money,0,"Santa Rosa Medical Center (Milton, FL)",53,176,0.1092,0.0446
100125,Homestead Hospital,Homestead,FL,Florida,General hospital,Nonprofit,Urban,159.0,2023,-0.1656,-42481308.0,256577539.0,2,2 years,2,"Homestead Hospital (Homestead, FL)",170,176,0.1092,0.0446
100126,Hca Florida Pasadena Hospital,St Petersburg,FL,Florida,General hospital,For-profit,Urban,167.0,2023,-0.1287,-11478613.0,89188536.0,2,2 years,2,"Hca Florida Pasadena Hospital (St Petersburg, FL)",166,176,0.1092,0.0446
100127,Morton Plant Hospital,Clearwater,FL,Florida,General hospital,Nonprofit,Urban,569.0,2023,0.0811,65937862.0,813007394.0,0,Made money,0,"Morton Plant Hospital (Clearwater, FL)",101,176,0.1092,0.0446
100128,Tampa General Hospital,Tampa,FL,Florida,General hospital,Nonprofit,Urban,1017.0,2023,0.1055,253167532.0,2399309941.0,0,Made money,0,"Tampa General Hospital (Tampa, FL)",92,176,0.1092,0.0446
100130,Lakeside Medical Center,Belle Glade,FL,Florida,General hospital,Government,Urban,54.0,2022,-0.0382,-2281138.0,59650672.0,1,1 year,1,"Lakeside Medical Center (Belle Glade, FL)",2,3,0.1092,0.0446
100131,Hca Florida Aventura Hospital,Miami,FL,Florida,General hospital,For-profit,Urban,345.0,2023,0.45,197951040.0,439894992.0,0,Made money,0,"Hca Florida Aventura Hospital (Miami, FL)",6,176,0.1092,0.0446
100132,South Florida Baptist Hospital,Plant City,FL,Florida,General hospital,Nonprofit,Urban,124.0,2023,-0.0801,-11974470.0,149477675.0,1,1 year,1,"South Florida Baptist Hospital (Plant City, FL)",159,176,0.1092,0.0446
100134,Ed Fraser Memorial Hospital,Macclenny,FL,Florida,General hospital,Nonprofit,Urban,21.0,2023,-0.0464,-1670587.0,36026547.0,1,1 year,1,"Ed Fraser Memorial Hospital (Macclenny, FL)",147,176,0.1092,0.0446
100135,Tallahassee Memorial Hospital,Tallahassee,FL,Florida,General hospital,Nonprofit,Urban,478.0,2023,-0.021,-20029379.0,955703468.0,2,2 years,2,"Tallahassee Memorial Hospital (Tallahassee, FL)",142,176,0.1092,0.0446
100137,Adventhealth Heart Of Florida,Davenport,FL,Florida,General hospital,Nonprofit,Urban,202.0,2023,0.201,64704474.0,321971637.0,0,Made money,0,"Adventhealth Heart Of Florida (Davenport, FL)",44,176,0.1092,0.0446
100140,Baptist Medical Ctr-Nassau,Fernandina Beach,FL,Florida,General hospital,Nonprofit,Urban,54.0,2023,0.1578,15532000.0,98450973.0,0,Made money,0,"Baptist Medical Ctr-Nassau (Fernandina Beach, FL)",67,176,0.1092,0.0446
100142,Jackson Hospital  Marianna,Marianna,FL,Florida,General hospital,Government,Rural,66.0,2023,-0.0477,-3770770.0,79033786.0,2,2 years,2,"Jackson Hospital  Marianna (Marianna, FL)",151,176,0.1092,0.0446
100150,Lower Keys Medical Center,Key West,FL,Florida,General hospital,For-profit,Rural,99.0,2023,0.2762,34509383.0,124924116.0,0,Made money,0,"Lower Keys Medical Center (Key West, FL)",26,176,0.1092,0.0446
100151,Mayo Clinic Florida,Jacksonville,FL,Florida,General hospital,Nonprofit,Urban,307.0,2023,0.2589,329222737.0,1271518817.0,0,Made money,0,"Mayo Clinic Florida (Jacksonville, FL)",31,176,0.1092,0.0446
100154,South Miami Hospital,Miami,FL,Florida,General hospital,Nonprofit,Urban,373.0,2023,0.1591,117140358.0,736120489.0,0,Made money,0,"South Miami Hospital (Miami, FL)",66,176,0.1092,0.0446
100156,Hca Florida Lake City Hospital,Lake City,FL,Florida,General hospital,For-profit,Rural,113.0,2023,0.4106,72623771.0,176868382.0,0,Made money,0,"Hca Florida Lake City Hospital (Lake City, FL)",10,176,0.1092,0.0446
100157,Lakeland Regional Med Ctr,Lakeland,FL,Florida,General hospital,Nonprofit,Urban,764.0,2023,0.1083,114419715.0,1056470172.0,0,Made money,0,"Lakeland Regional Med Ctr (Lakeland, FL)",90,176,0.1092,0.0446
100161,Hca Florida Lake Monroe Hospital,Sanford,FL,Florida,General hospital,For-profit,Urban,199.0,2023,0.225,58795183.0,261271281.0,0,Made money,0,"Hca Florida Lake Monroe Hospital (Sanford, FL)",40,176,0.1092,0.0446
100166,Hca Florida Sarasota Doctors Hospita,Sarasota,FL,Florida,General hospital,For-profit,Urban,139.0,2023,0.2747,58957452.0,214655550.0,0,Made money,0,"Hca Florida Sarasota Doctors Hospita (Sarasota, FL)",27,176,0.1092,0.0446
100167,Hca Florida Mercy Hospital,Miami,FL,Florida,General hospital,For-profit,Urban,290.0,2023,0.1739,76047660.0,437326604.0,0,Made money,0,"Hca Florida Mercy Hospital (Miami, FL)",59,176,0.1092,0.0446
100168,Boca Raton Regional Hospital,Boca Raton,FL,Florida,General hospital,Nonprofit,Urban,361.0,2023,-0.0403,-26885480.0,667240717.0,2,2 years,2,"Boca Raton Regional Hospital (Boca Raton, FL)",146,176,0.1092,0.0446
100173,Adventhealth Tampa,Tampa,FL,Florida,General hospital,Nonprofit,Urban,596.0,2023,-0.0034,-2802690.0,822575422.0,2,2 years,2,"Adventhealth Tampa (Tampa, FL)",139,176,0.1092,0.0446
100175,Desoto Memorial Hospital,Arcadia,FL,Florida,General hospital,Government,Rural,49.0,2023,-0.0469,-2143654.0,45752858.0,2,2 years,2,"Desoto Memorial Hospital (Arcadia, FL)",149,176,0.1092,0.0446
100176,Palm Beach Gardens,Palm Beach Gardens,FL,Florida,General hospital,For-profit,Urban,199.0,2023,0.1141,27668164.0,242546727.0,0,Made money,0,"Palm Beach Gardens (Palm Beach Gardens, FL)",84,176,0.1092,0.0446
100177,Cape Canaveral Hospital Inc,Cocoa Beach,FL,Florida,General hospital,Nonprofit,Urban,150.0,2023,0.0429,8151010.0,189810410.0,0,Made money,0,"Cape Canaveral Hospital Inc (Cocoa Beach, FL)",117,176,0.1092,0.0446
100179,Hca Fl Memorial Hosp. Jacksonville,Jacksonville,FL,Florida,General hospital,For-profit,Urban,362.0,2023,0.4059,206964280.0,509922001.0,0,Made money,0,"Hca Fl Memorial Hosp. Jacksonville (Jacksonville, FL)",12,176,0.1092,0.0446
100180,St. Petersburg General,Saint Petersburg,FL,Florida,General hospital,For-profit,Urban,162.0,2023,0.2828,27741902.0,98088254.0,0,Made money,0,"St. Petersburg General (Saint Petersburg, FL)",24,176,0.1092,0.0446
100181,Larkin Community Hospital,Miami,FL,Florida,General hospital,For-profit,Urban,118.0,2023,0.0696,7886462.0,113233492.0,0,Made money,0,"Larkin Community Hospital (Miami, FL)",107,176,0.1092,0.0446
100183,Coral Gables Hospital,Coral Gables,FL,Florida,General hospital,For-profit,Urban,245.0,2023,-0.1302,-12741689.0,97898335.0,1,1 year,1,"Coral Gables Hospital (Coral Gables, FL)",167,176,0.1092,0.0446
100187,Palmetto General Hospital,Hialeah,FL,Florida,General hospital,For-profit,Urban,358.0,2023,0.1205,43983942.0,365118586.0,0,Made money,0,"Palmetto General Hospital (Hialeah, FL)",76,176,0.1092,0.0446
100189,Hca Florida Northwest Hospital,Margate,FL,Florida,General hospital,For-profit,Urban,289.0,2023,0.2552,76333228.0,299115274.0,0,Made money,0,"Hca Florida Northwest Hospital (Margate, FL)",33,176,0.1092,0.0446
100191,Medical Center Of Trinity,Trinity,FL,Florida,General hospital,For-profit,Urban,270.0,2023,0.1608,55022421.0,342202751.0,0,Made money,0,"Medical Center Of Trinity (Trinity, FL)",65,176,0.1092,0.0446
100200,Broward Health Imperial Point,Ft. Lauderdale,FL,Florida,General hospital,Government,Urban,129.0,2023,0.0215,3275651.0,152535150.0,0,Made money,0,"Broward Health Imperial Point (Ft. Lauderdale, FL)",129,176,0.1092,0.0446
100204,Hca Florida North Florida Hosp,Gainesville,FL,Florida,General hospital,For-profit,Urban,472.0,2023,0.3281,216933433.0,661171035.0,0,Made money,0,"Hca Florida North Florida Hosp (Gainesville, FL)",20,176,0.1092,0.0446
100206,Memorial Hospital Of Tampa,Tampa,FL,Florida,General hospital,For-profit,Urban,284.0,2023,0.0444,8924010.0,201125811.0,0,Made money,0,"Memorial Hospital Of Tampa (Tampa, FL)",116,176,0.1092,0.0446
100209,Hca Florida Kendall Hospital,Miami,FL,Florida,General hospital,For-profit,Urban,424.0,2023,0.4808,298041189.0,619879532.0,0,Made money,0,"Hca Florida Kendall Hospital (Miami, FL)",3,176,0.1092,0.0446
100211,Adventhealth Dade City,Dade City,FL,Florida,General hospital,Nonprofit,Urban,75.0,2023,0.0638,5881446.0,92166870.0,0,Made money,0,"Adventhealth Dade City (Dade City, FL)",110,176,0.1092,0.0446
100212,Hca Florida Ocala Hospital,Ocala,FL,Florida,General hospital,For-profit,Urban,509.0,2023,0.2677,222157539.0,829909481.0,0,Made money,0,"Hca Florida Ocala Hospital (Ocala, FL)",29,176,0.1092,0.0446
100213,Hca Fl Blake Hospital,Bradenton,FL,Florida,General hospital,For-profit,Urban,355.0,2023,0.2345,76003096.0,324096094.0,0,Made money,0,"Hca Fl Blake Hospital (Bradenton, FL)",37,176,0.1092,0.0446
100217,Sebastian River Medical Center,Sebastian,FL,Florida,General hospital,For-profit,Urban,145.0,2023,0.0795,10304784.0,129591909.0,0,Made money,0,"Sebastian River Medical Center (Sebastian, FL)",103,176,0.1092,0.0446
100220,Gulf Coast Medical Center,Fort Myers,FL,Florida,General hospital,For-profit,Urban,624.0,2023,0.1993,144985842.0,727483519.0,0,Made money,0,"Gulf Coast Medical Center (Fort Myers, FL)",46,176,0.1092,0.0446
100223,Hca Fl Ft Walton-Destin Hosp,Fort Walton Beach,FL,Florida,General hospital,For-profit,Urban,217.0,2023,0.4168,155102472.0,372085336.0,0,Made money,0,"Hca Fl Ft Walton-Destin Hosp (Fort Walton Beach, FL)",9,176,0.1092,0.0446
100224,Hca Florida Woodmont Hospital,Tamarac,FL,Florida,General hospital,For-profit,Urban,194.0,2023,0.4088,86709387.0,212083730.0,0,Made money,0,"Hca Florida Woodmont Hospital (Tamarac, FL)",11,176,0.1092,0.0446
100226,Hca Florida Orange Park Hospital,Orange Park,FL,Florida,General hospital,For-profit,Urban,316.0,2023,0.3149,154154507.0,489468508.0,0,Made money,0,"Hca Florida Orange Park Hospital (Orange Park, FL)",21,176,0.1092,0.0446
100228,Hca Florida Westside Hospital,Plantation,FL,Florida,General hospital,For-profit,Urban,250.0,2023,0.4234,144121397.0,340353158.0,0,Made money,0,"Hca Florida Westside Hospital (Plantation, FL)",7,176,0.1092,0.0446
100230,Memorial Hospital Pembroke,Pembroke Pines,FL,Florida,General hospital,Government,Urban,195.0,2023,0.101,22870406.0,226347057.0,0,Made money,0,"Memorial Hospital Pembroke (Pembroke Pines, FL)",94,176,0.1092,0.0446
100231,West Florida Hospital,Pensacola,FL,Florida,General hospital,For-profit,Urban,354.0,2023,0.3672,168752883.0,459618277.0,0,Made money,0,"West Florida Hospital (Pensacola, FL)",16,176,0.1092,0.0446
100232,Hca Florida Putnam Hospital,Palatka,FL,Florida,General hospital,For-profit,Rural,82.0,2023,0.1858,17091319.0,91973436.0,0,Made money,0,"Hca Florida Putnam Hospital (Palatka, FL)",54,176,0.1092,0.0446
100236,Hca Fl Fawcett Hospital,Port Charlotte,FL,Florida,General hospital,For-profit,Urban,233.0,2023,0.0795,19640306.0,247189636.0,0,Made money,0,"Hca Fl Fawcett Hospital (Port Charlotte, FL)",103,176,0.1092,0.0446
100238,Hca Florida Northside Hospital,St Petersburg,FL,Florida,General hospital,For-profit,Urban,202.0,2023,0.1419,26421890.0,186246739.0,0,Made money,0,"Hca Florida Northside Hospital (St Petersburg, FL)",69,176,0.1092,0.0446
100242,Hca Florida Gulf Coast Hospital,Panama City,FL,Florida,General hospital,For-profit,Urban,261.0,2023,0.2848,102000523.0,358208496.0,0,Made money,0,"Hca Florida Gulf Coast Hospital (Panama City, FL)",23,176,0.1092,0.0446
100243,Hca Florida Brandon Hospital,Brandon,FL,Florida,General hospital,For-profit,Urban,404.0,2023,0.4667,265345341.0,568607537.0,0,Made money,0,"Hca Florida Brandon Hospital (Brandon, FL)",5,176,0.1092,0.0446
100244,Cape Coral Hospital,Cape Coral,FL,Florida,General hospital,Government,Urban,289.0,2023,0.2934,114962831.0,391882882.0,0,Made money,0,"Cape Coral Hospital (Cape Coral, FL)",22,176,0.1092,0.0446
100246,Hca Fl Lawnwood Hospital,Ft. Pierce,FL,Florida,General hospital,For-profit,Urban,361.0,2023,0.3693,198860116.0,538453282.0,0,Made money,0,"Hca Fl Lawnwood Hospital (Ft. Pierce, FL)",15,176,0.1092,0.0446
100248,Hca Florida Largo Hospital,Largo,FL,Florida,General hospital,For-profit,Urban,263.0,2023,0.278,110799037.0,398570878.0,0,Made money,0,"Hca Florida Largo Hospital (Largo, FL)",25,176,0.1092,0.0446
100249,Seven Rivers Regional Medical Center,Crystal River,FL,Florida,General hospital,For-profit,Urban,121.0,2022,0.1353,16890892.0,124816420.0,0,Made money,0,"Seven Rivers Regional Medical Center (Crystal River, FL)",1,3,0.1092,0.0446
100252,Raulerson Hospital,Okeechobee,FL,Florida,General hospital,For-profit,Rural,100.0,2023,0.5991,61456280.0,102589350.0,0,Made money,0,"Raulerson Hospital (Okeechobee, FL)",1,176,0.1092,0.0446
100253,Jupiter Medical Center,Jupiter,FL,Florida,General hospital,Nonprofit,Urban,242.0,2023,0.0277,11686429.0,421319426.0,0,Made money,0,"Jupiter Medical Center (Jupiter, FL)",124,176,0.1092,0.0446
100254,Hca Florida Capital Hospital,Tallahassee,FL,Florida,General hospital,For-profit,Urban,256.0,2023,0.4029,161064104.0,399751297.0,0,Made money,0,"Hca Florida Capital Hospital (Tallahassee, FL)",14,176,0.1092,0.0446
100256,Hca Florida Bayonet Point Hospital,Hudson,FL,Florida,General hospital,For-profit,Urban,330.0,2023,0.34,128300742.0,377362311.0,0,Made money,0,"Hca Florida Bayonet Point Hospital (Hudson, FL)",19,176,0.1092,0.0446
100258,Delray Medical Center,Delray Beach,FL,Florida,General hospital,For-profit,Urban,351.0,2023,0.1194,56325015.0,471891335.0,0,Made money,0,"Delray Medical Center (Delray Beach, FL)",80,176,0.1092,0.0446
100259,Hca Florida South Shore Hospital,Sun City Center,FL,Florida,General hospital,For-profit,Urban,138.0,2023,-0.0611,-6062217.0,99297507.0,3,3-4 years,3,"Hca Florida South Shore Hospital (Sun City Center, FL)",156,176,0.1092,0.0446
100260,Hca Florida St. Lucie Hospital,Port St. Lucie,FL,Florida,General hospital,For-profit,Urban,222.0,2023,0.576,172600151.0,299628824.0,0,Made money,0,"Hca Florida St. Lucie Hospital (Port St. Lucie, FL)",2,176,0.1092,0.0446
100264,Hca Florida Oak Hill Hospital,Spring Hill,FL,Florida,General hospital,For-profit,Urban,350.0,2023,0.3611,140001781.0,387760368.0,0,Made money,0,"Hca Florida Oak Hill Hospital (Spring Hill, FL)",18,176,0.1092,0.0446
100265,Mease Hospital Countryside,Safety Harbor,FL,Florida,General hospital,Nonprofit,Urban,361.0,2023,0.1295,57792332.0,446168727.0,0,Made money,0,"Mease Hospital Countryside (Safety Harbor, FL)",74,176,0.1092,0.0446
100266,Gulf Breeze Hospital,Gulf Breeze,FL,Florida,General hospital,Nonprofit,Urban,65.0,2023,0.1202,14840840.0,123460118.0,0,Made money,0,"Gulf Breeze Hospital (Gulf Breeze, FL)",77,176,0.1092,0.0446
100267,Englewood Community Hospital,Englewood,FL,Florida,General hospital,For-profit,Urban,100.0,2023,0.1926,16193936.0,84102252.0,0,Made money,0,"Englewood Community Hospital (Englewood, FL)",51,176,0.1092,0.0446
100268,West Boca Medical Center,Boca Raton,FL,Florida,General hospital,For-profit,Urban,195.0,2023,0.2125,51355011.0,241665537.0,0,Made money,0,"West Boca Medical Center (Boca Raton, FL)",42,176,0.1092,0.0446
100269,Hca Florida Palms West Hospital,Loxahatchee,FL,Florida,General hospital,For-profit,Urban,206.0,2023,0.4054,111844561.0,275867389.0,0,Made money,0,"Hca Florida Palms West Hospital (Loxahatchee, FL)",13,176,0.1092,0.0446
100271,Moffitt Cancer Center,Tampa,FL,Florida,General hospital,Nonprofit,Urban,314.0,2023,0.1791,401976072.0,2244266436.0,0,Made money,0,"Moffitt Cancer Center (Tampa, FL)",56,176,0.1092,0.0446
100275,Wellington Regl Medical Center,West Palm Beach,FL,Florida,General hospital,For-profit,Urban,235.0,2023,0.0269,7132681.0,264940879.0,0,Made money,0,"Wellington Regl Medical Center (West Palm Beach, FL)",125,176,0.1092,0.0446
100276,Broward Health Coral Springs,Coral Springs,FL,Florida,General hospital,Government,Urban,101.0,2023,0.1996,58949524.0,295372334.0,0,Made money,0,"Broward Health Coral Springs (Coral Springs, FL)",45,176,0.1092,0.0446
100277,Miami Jewish Health Systems  Inc.,Miami,FL,Florida,General hospital,Nonprofit,Urban,32.0,2023,-0.4027,-16488040.0,40944367.0,10,5+ years,4,"Miami Jewish Health Systems  Inc. (Miami, FL)",175,176,0.1092,0.0446
100281,Memorial Hospital West,Pembroke Pines,FL,Florida,General hospital,Government,Urban,486.0,2023,0.1348,119933005.0,889802687.0,0,Made money,0,"Memorial Hospital West (Pembroke Pines, FL)",71,176,0.1092,0.0446
100284,Westchester General Hospital,Miami,FL,Florida,General hospital,For-profit,Urban,98.0,2023,-0.1383,-7902092.0,57120793.0,7,5+ years,4,"Westchester General Hospital (Miami, FL)",168,176,0.1092,0.0446
100285,Memorial Hospital Miramar,Miramar,FL,Florida,General hospital,Government,Urban,178.0,2023,0.2287,71281121.0,311651653.0,0,Made money,0,"Memorial Hospital Miramar (Miramar, FL)",39,176,0.1092,0.0446
100286,Physicians Regional Medical Center,Naples,FL,Florida,General hospital,For-profit,Urban,327.0,2023,0.11,46345749.0,421384803.0,0,Made money,0,"Physicians Regional Medical Center (Naples, FL)",87,176,0.1092,0.0446
100287,Good Samaritan Hospital,West Palm Beach,FL,Florida,General hospital,For-profit,Urban,333.0,2023,0.0954,25392098.0,266245475.0,0,Made money,0,"Good Samaritan Hospital (West Palm Beach, FL)",95,176,0.1092,0.0446
100288,St Marys Medical Center,West Palm Beach,FL,Florida,General hospital,For-profit,Urban,388.0,2023,0.1817,90647137.0,498812360.0,0,Made money,0,"St Marys Medical Center (West Palm Beach, FL)",55,176,0.1092,0.0446
100289,Ccf Hospital - Weston,Weston,FL,Florida,General hospital,Nonprofit,Urban,260.0,2023,0.0677,39927763.0,589874037.0,0,Made money,0,"Ccf Hospital - Weston (Weston, FL)",108,176,0.1092,0.0446
100290,The Villages Regional Hospital,The Villages,FL,Florida,General hospital,Nonprofit,Urban,277.0,2023,0.042,10023450.0,238546930.0,0,Made money,0,"The Villages Regional Hospital (The Villages, FL)",119,176,0.1092,0.0446
100291,Melbourne Regional Medical Center,Melbourne,FL,Florida,General hospital,For-profit,Urban,96.0,2023,0.2366,31946866.0,135015325.0,0,Made money,0,"Melbourne Regional Medical Center (Melbourne, FL)",36,176,0.1092,0.0446
100292,Ascension Sacred Heart Emerald Coast,Destin,FL,Florida,General hospital,Nonprofit,Urban,80.0,2023,0.1727,34314431.0,198670289.0,0,Made money,0,"Ascension Sacred Heart Emerald Coast (Destin, FL)",60,176,0.1092,0.0446
100296,Doctors Hospital,Coral Gables,FL,Florida,General hospital,Nonprofit,Urban,126.0,2023,0.0262,6901043.0,263582344.0,0,Made money,0,"Doctors Hospital (Coral Gables, FL)",126,176,0.1092,0.0446
100299,Lakewood Ranch Medical Center,Bradenton,FL,Florida,General hospital,For-profit,Urban,120.0,2023,0.1195,22416409.0,187640581.0,0,Made money,0,"Lakewood Ranch Medical Center (Bradenton, FL)",79,176,0.1092,0.0446
100302,St. Cloud Regional Medical Center,St. Cloud,FL,Florida,General hospital,Nonprofit,Urban,84.0,2023,0.1107,13729167.0,123971071.0,0,Made money,0,"St. Cloud Regional Medical Center (St. Cloud, FL)",86,176,0.1092,0.0446
100307,Ascension St. Vincents Southside Ho,Jacksonville,FL,Florida,General hospital,Nonprofit,Urban,230.0,2023,-0.0549,-14375286.0,261837898.0,3,3-4 years,3,"Ascension St. Vincents Southside Ho (Jacksonville, FL)",153,176,0.1092,0.0446
100313,Ascension Sacred Heart Gulf,Port Saint Joe,FL,Florida,General hospital,Nonprofit,Rural,19.0,2023,-0.1238,-2899102.0,23419731.0,1,1 year,1,"Ascension Sacred Heart Gulf (Port Saint Joe, FL)",165,176,0.1092,0.0446
100314,West Kendall Baptist Hospital,Miami,FL,Florida,General hospital,Nonprofit,Urban,168.0,2023,0.2381,101455549.0,426148096.0,0,Made money,0,"West Kendall Baptist Hospital (Miami, FL)",34,176,0.1092,0.0446
100315,Viera Hospital Inc,Viera,FL,Florida,General hospital,Nonprofit,Urban,84.0,2023,0.1941,35640470.0,183607398.0,0,Made money,0,"Viera Hospital Inc (Viera, FL)",48,176,0.1092,0.0446
100316,Palm Bay Hospital,Palm Bay,FL,Florida,General hospital,Nonprofit,Urban,120.0,2023,0.0951,16204454.0,170450811.0,0,Made money,0,"Palm Bay Hospital (Palm Bay, FL)",96,176,0.1092,0.0446
100319,Adventhealth Wesley Chapel,Wesley Chapel,FL,Florida,General hospital,Nonprofit,Urban,169.0,2023,0.2307,99859524.0,432898563.0,0,Made money,0,"Adventhealth Wesley Chapel (Wesley Chapel, FL)",38,176,0.1092,0.0446
100320,Hca Florida Poinciana Hospital,Kissimmmee,FL,Florida,General hospital,For-profit,Urban,94.0,2023,0.2649,36370362.0,137280975.0,0,Made money,0,"Hca Florida Poinciana Hospital (Kissimmmee, FL)",30,176,0.1092,0.0446
100321,Ascension St. Vincents Clay County,Middleburg,FL,Florida,General hospital,Nonprofit,Urban,134.0,2023,0.0509,7857449.0,154342862.0,0,Made money,0,"Ascension St. Vincents Clay County (Middleburg, FL)",113,176,0.1092,0.0446
100329,Oviedo Medical Center,Oviedo,FL,Florida,General hospital,For-profit,Urban,58.0,2023,0.0672,8489399.0,126296074.0,0,Made money,0,"Oviedo Medical Center (Oviedo, FL)",109,176,0.1092,0.0446
100330,Medical Center Of Deltona,Deltona,FL,Florida,General hospital,Government,Urban,43.0,2023,-0.2858,-14140024.0,49478716.0,3,3-4 years,3,"Medical Center Of Deltona (Deltona, FL)",173,176,0.1092,0.0446
100350,Ucf Lake Nona Hospital,Orlando,FL,Florida,General hospital,For-profit,Urban,64.0,2023,0.0845,8479277.0,100311290.0,0,Made money,0,"Ucf Lake Nona Hospital (Orlando, FL)",99,176,0.1092,0.0446
100359,Sarasota Memorial Hospital Venice,North Venice,FL,Florida,General hospital,Government,Urban,110.0,2023,0.0421,9504144.0,225938674.0,0,Made money,0,"Sarasota Memorial Hospital Venice (North Venice, FL)",118,176,0.1092,0.0446
100360,Hca Florida University Hospital,Davie,FL,Florida,General hospital,For-profit,Urban,155.0,2023,0.04,6304325.0,157447948.0,0,Made money,0,"Hca Florida University Hospital (Davie, FL)",120,176,0.1092,0.0446
100361,Ascension St. Vincents St. Johns Cou,St. Johns,FL,Florida,General hospital,Nonprofit,Urban,56.0,2023,-0.0772,-5051165.0,65389573.0,2,2 years,2,"Ascension St. Vincents St. Johns Cou (St. Johns, FL)",158,176,0.1092,0.0446
100363,Adventhealth Palm Coast Parkway,Palm Coast,FL,Florida,General hospital,Nonprofit,Urban,100.0,2023,-0.1186,-11794391.0,99487894.0,1,1 year,1,"Adventhealth Palm Coast Parkway (Palm Coast, FL)",163,176,0.1092,0.0446
101300,Adventhealth Wauchula,Wauchula,FL,Florida,Critical access hospital (small rural),Nonprofit,Rural,25.0,2023,0.1741,6865901.0,39425938.0,0,Made money,0,"Adventhealth Wauchula (Wauchula, FL)",58,176,0.1092,0.0446
101303,Lake Butler Hospital,Lake Butler,FL,Florida,Critical access hospital (small rural),For-profit,Rural,25.0,2023,0.2041,3207830.0,15713137.0,0,Made money,0,"Lake Butler Hospital (Lake Butler, FL)",43,176,0.1092,0.0446
101304,Calhoun-Liberty Hospital Assn,Blountstown,FL,Florida,Critical access hospital (small rural),Nonprofit,Rural,10.0,2023,0.0637,956664.0,15019818.0,0,Made money,0,"Calhoun-Liberty Hospital Assn (Blountstown, FL)",111,176,0.1092,0.0446
101305,George E. Weems Memorial Hospital,Apalachicola,FL,Florida,Critical access hospital (small rural),Government,Rural,25.0,2023,-0.0599,-659156.0,10997471.0,2,2 years,2,"George E. Weems Memorial Hospital (Apalachicola, FL)",155,176,0.1092,0.0446
101307,Doctors Memorial Hospital,Bonifay,FL,Florida,Critical access hospital (small rural),Nonprofit,Rural,20.0,2023,0.0204,456309.0,22384539.0,0,Made money,0,"Doctors Memorial Hospital (Bonifay, FL)",131,176,0.1092,0.0446
101308,Northwest Florida Community Hospital,Chipley,FL,Florida,Critical access hospital (small rural),For-profit,Rural,25.0,2023,0.0389,1574703.0,40525972.0,0,Made money,0,"Northwest Florida Community Hospital (Chipley, FL)",121,176,0.1092,0.0446
101309,Hendry Regional Medical Center,Clewiston,FL,Florida,Critical access hospital (small rural),Government,Rural,25.0,2023,0.0224,992033.0,44254700.0,0,Made money,0,"Hendry Regional Medical Center (Clewiston, FL)",128,176,0.1092,0.0446
101311,Madison Memorial Hospital,Madison,FL,Florida,Critical access hospital (small rural),Government,Rural,25.0,2023,-0.1077,-1471266.0,13664059.0,1,1 year,1,"Madison Memorial Hospital (Madison, FL)",162,176,0.1092,0.0446
101312,Fishermens Hospital,Marathon,FL,Florida,Critical access hospital (small rural),Nonprofit,Rural,8.0,2023,0.2728,13691685.0,50187661.0,0,Made money,0,"Fishermens Hospital (Marathon, FL)",28,176,0.1092,0.0446
101313,Mariners Hospital,Tavernier,FL,Florida,Critical access hospital (small rural),Nonprofit,Rural,16.0,2023,0.2375,19581659.0,82432856.0,0,Made money,0,"Mariners Hospital (Tavernier, FL)",35,176,0.1092,0.0446
110001,Hamilton Medical Center,Dalton,GA,Georgia,General hospital,Nonprofit,Urban,239.0,2023,0.1602,68443496.0,427191830.0,0,Made money,0,"Hamilton Medical Center (Dalton, GA)",30,124,0.0827,0.0446
110002,Upson Regional Medical Center,Thomaston,GA,Georgia,General hospital,Nonprofit,Rural,81.0,2023,0.1909,28126783.0,147356557.0,0,Made money,0,"Upson Regional Medical Center (Thomaston, GA)",21,124,0.0827,0.0446
110003,Memorial Satilla Health,Waycross,GA,Georgia,General hospital,For-profit,Rural,130.0,2023,-0.006,-755855.0,125742280.0,2,2 years,2,"Memorial Satilla Health (Waycross, GA)",96,124,0.0827,0.0446
110005,Northside Hospital Forsyth,Cumming,GA,Georgia,General hospital,Nonprofit,Urban,376.0,2023,-0.0085,-6469754.0,757995722.0,1,1 year,1,"Northside Hospital Forsyth (Cumming, GA)",97,124,0.0827,0.0446
110006,St Marys Health Care System  Inc,Athens,GA,Georgia,General hospital,Nonprofit,Urban,161.0,2023,0.1387,37365781.0,269476508.0,0,Made money,0,"St Marys Health Care System  Inc (Athens, GA)",35,124,0.0827,0.0446
110007,Phoebe Putney Memorial Hospital,Albany,GA,Georgia,General hospital,Nonprofit,Urban,360.0,2023,0.1242,106737125.0,859415602.0,0,Made money,0,"Phoebe Putney Memorial Hospital (Albany, GA)",43,124,0.0827,0.0446
110008,Northside Hospital-Cherokee  Inc.,Canton,GA,Georgia,General hospital,Nonprofit,Urban,325.0,2023,0.021,15016167.0,715147440.0,0,Made money,0,"Northside Hospital-Cherokee  Inc. (Canton, GA)",84,124,0.0827,0.0446
110010,Emory University Hospital,Atlanta,GA,Georgia,General hospital,Nonprofit,Urban,666.0,2023,0.1183,199726285.0,1688613627.0,0,Made money,0,"Emory University Hospital (Atlanta, GA)",46,124,0.0827,0.0446
110011,Tanner Medical Center,Carrollton,GA,Georgia,General hospital,Nonprofit,Urban,196.0,2023,-0.0714,-31926740.0,447401387.0,3,3-4 years,3,"Tanner Medical Center (Carrollton, GA)",111,124,0.0827,0.0446
110015,Tanner Medical Center-Villa Rica,Villa Rica,GA,Georgia,General hospital,Nonprofit,Urban,60.0,2023,0.4039,140180482.0,347047764.0,0,Made money,0,"Tanner Medical Center-Villa Rica (Villa Rica, GA)",4,124,0.0827,0.0446
110016,West Georgia Medical Center,Lagrange,GA,Georgia,General hospital,Government,Rural,276.0,2023,0.0757,23782193.0,314181411.0,0,Made money,0,"West Georgia Medical Center (Lagrange, GA)",64,124,0.0827,0.0446
110018,Piedmont Newton Hospital,Covington,GA,Georgia,General hospital,Nonprofit,Urban,94.0,2023,0.1772,32944859.0,185908154.0,0,Made money,0,"Piedmont Newton Hospital (Covington, GA)",26,124,0.0827,0.0446
110023,Adventhealth Gordon,Calhoun,GA,Georgia,General hospital,Nonprofit,Rural,69.0,2022,-0.0994,-17628789.0,177300785.0,1,1 year,1,"Adventhealth Gordon (Calhoun, GA)",2,5,0.0827,0.0446
110024,Candler Hospital  Inc,Savannah,GA,Georgia,General hospital,Nonprofit,Urban,263.0,2023,0.1296,75319674.0,581178738.0,0,Made money,0,"Candler Hospital  Inc (Savannah, GA)",40,124,0.0827,0.0446
110025,Sghs - Brunswick Campus,Brunswick,GA,Georgia,General hospital,Nonprofit,Urban,300.0,2023,0.0046,1543178.0,338070342.0,0,Made money,0,"Sghs - Brunswick Campus (Brunswick, GA)",93,124,0.0827,0.0446
110027,St. Marys Sacred Heart Hospital,Lavonia,GA,Georgia,General hospital,Nonprofit,Rural,56.0,2023,-0.0646,-2719098.0,42079657.0,2,2 years,2,"St. Marys Sacred Heart Hospital (Lavonia, GA)",109,124,0.0827,0.0446
110028,University Health Services  Inc.,Augusta,GA,Georgia,General hospital,Government,Urban,502.0,2023,-0.0281,-14533454.0,516367571.0,2,2 years,2,"University Health Services  Inc. (Augusta, GA)",102,124,0.0827,0.0446
110029,Northeast Georgia Medical Center,Gainesville,GA,Georgia,General hospital,Nonprofit,Urban,657.0,2023,0.196,382684706.0,1952905897.0,0,Made money,0,"Northeast Georgia Medical Center (Gainesville, GA)",19,124,0.0827,0.0446
110030,Piedmont Cartersville Medical Center,Cartersville,GA,Georgia,General hospital,Nonprofit,Urban,130.0,2023,0.1068,22113427.0,206959163.0,0,Made money,0,"Piedmont Cartersville Medical Center (Cartersville, GA)",55,124,0.0827,0.0446
110031,Spalding Regional Hospital,Griffin,GA,Georgia,General hospital,Nonprofit,Urban,170.0,2023,-0.0087,-1685885.0,194376240.0,3,3-4 years,3,"Spalding Regional Hospital (Griffin, GA)",98,124,0.0827,0.0446
110032,Stephens County Hospital,Toccoa,GA,Georgia,General hospital,Government,Rural,40.0,2023,-0.1064,-5207334.0,48921111.0,2,2 years,2,"Stephens County Hospital (Toccoa, GA)",118,124,0.0827,0.0446
110034,Au Medical Center  Inc,Augusta,GA,Georgia,General hospital,Nonprofit,Urban,498.0,2023,0.1735,237054196.0,1366227213.0,0,Made money,0,"Au Medical Center  Inc (Augusta, GA)",27,124,0.0827,0.0446
110035,Kennestone Hospital,Marietta,GA,Georgia,General hospital,Government,Urban,642.0,2023,0.204,382399531.0,1874482314.0,0,Made money,0,"Kennestone Hospital (Marietta, GA)",18,124,0.0827,0.0446
110036,Memorial Health Univ Med Center,Savannah,GA,Georgia,General hospital,Government,Urban,594.0,2023,0.184,175414690.0,953314322.0,0,Made money,0,"Memorial Health Univ Med Center (Savannah, GA)",24,124,0.0827,0.0446
110038,John D. Archbold Memorial Hospital,Thomasville,GA,Georgia,General hospital,Nonprofit,Rural,199.0,2023,0.1619,62098304.0,383635949.0,0,Made money,0,"John D. Archbold Memorial Hospital (Thomasville, GA)",29,124,0.0827,0.0446
110041,Ngmc Habersham,Demorest,GA,Georgia,General hospital,Nonprofit,Rural,53.0,2022,-0.101,-5667066.0,56098683.0,1,1 year,1,"Ngmc Habersham (Demorest, GA)",3,5,0.0827,0.0446
110042,Paulding Medical Center,Hiram,GA,Georgia,General hospital,Government,Urban,112.0,2023,0.0831,27056478.0,325446230.0,0,Made money,0,"Paulding Medical Center (Hiram, GA)",62,124,0.0827,0.0446
110043,St. Josephs Hospital  Inc.,Savannah,GA,Georgia,General hospital,Nonprofit,Urban,231.0,2023,0.0603,22140992.0,366925807.0,0,Made money,0,"St. Josephs Hospital  Inc. (Savannah, GA)",71,124,0.0827,0.0446
110044,Phoebe Sumter Medical Center  Inc,Americus,GA,Georgia,General hospital,Nonprofit,Rural,54.0,2023,0.1325,17384209.0,131168309.0,0,Made money,0,"Phoebe Sumter Medical Center  Inc (Americus, GA)",38,124,0.0827,0.0446
110045,Ngmc Barrow,Winder,GA,Georgia,General hospital,Nonprofit,Urban,38.0,2023,0.0614,3396366.0,55307102.0,0,Made money,0,"Ngmc Barrow (Winder, GA)",70,124,0.0827,0.0446
110046,Piedmont Walton Hospital,Monroe,GA,Georgia,General hospital,Nonprofit,Urban,76.0,2023,0.3085,43759430.0,141833088.0,0,Made money,0,"Piedmont Walton Hospital (Monroe, GA)",8,124,0.0827,0.0446
110050,Adventhealth Murray,Chatsworth,GA,Georgia,General hospital,Nonprofit,Urban,29.0,2023,0.1096,4798532.0,43774100.0,0,Made money,0,"Adventhealth Murray (Chatsworth, GA)",53,124,0.0827,0.0446
110051,Union General Hospital,Blairsville,GA,Georgia,General hospital,Nonprofit,Rural,39.0,2023,0.1569,21285238.0,135628998.0,0,Made money,0,"Union General Hospital (Blairsville, GA)",31,124,0.0827,0.0446
110054,Floyd Medical Center,Rome,GA,Georgia,General hospital,Nonprofit,Urban,227.0,2023,0.1128,56957164.0,505095801.0,0,Made money,0,"Floyd Medical Center (Rome, GA)",49,124,0.0827,0.0446
110064,Piedmont Columbus Regional Midtown,Columbus,GA,Georgia,General hospital,Nonprofit,Urban,372.0,2023,0.1131,63216412.0,558982088.0,0,Made money,0,"Piedmont Columbus Regional Midtown (Columbus, GA)",48,124,0.0827,0.0446
110069,Houston Healthcare,Warner Robins,GA,Georgia,General hospital,Government,Urban,254.0,2023,-0.0487,-14226097.0,291881770.0,2,2 years,2,"Houston Healthcare (Warner Robins, GA)",105,124,0.0827,0.0446
110071,Appling General Hospital,Baxley,GA,Georgia,General hospital,Government,Rural,34.0,2023,-0.0959,-3039816.0,31686572.0,3,3-4 years,3,"Appling General Hospital (Baxley, GA)",117,124,0.0827,0.0446
110073,Dorminy Medical Center,Fitzgerald,GA,Georgia,General hospital,Government,Rural,48.0,2023,-0.1483,-4213310.0,28411443.0,2,2 years,2,"Dorminy Medical Center (Fitzgerald, GA)",120,124,0.0827,0.0446
110074,Piedmont Athens Regional Medical Ce,Athens,GA,Georgia,General hospital,Government,Urban,395.0,2023,0.0824,67588811.0,820460727.0,0,Made money,0,"Piedmont Athens Regional Medical Ce (Athens, GA)",63,124,0.0827,0.0446
110075,East Georgia Regional Medical Center,Statesboro,GA,Georgia,General hospital,For-profit,Rural,142.0,2023,0.216,44432365.0,205752931.0,0,Made money,0,"East Georgia Regional Medical Center (Statesboro, GA)",14,124,0.0827,0.0446
110076,Emory Decatur Hospital,Decatur,GA,Georgia,General hospital,Government,Urban,401.0,2023,-0.0619,-28670751.0,463453887.0,3,3-4 years,3,"Emory Decatur Hospital (Decatur, GA)",108,124,0.0827,0.0446
110078,Emory University Hospital Midtown,Atlanta,GA,Georgia,General hospital,Nonprofit,Urban,548.0,2023,0.1344,278605729.0,2073688998.0,0,Made money,0,"Emory University Hospital Midtown (Atlanta, GA)",37,124,0.0827,0.0446
110079,Grady Memorial Hospital,Atlanta,GA,Georgia,General hospital,Government,Urban,707.0,2023,0.085,173087246.0,2036932304.0,0,Made money,0,"Grady Memorial Hospital (Atlanta, GA)",61,124,0.0827,0.0446
110082,St. Josephs Of Atlanta,Atlanta,GA,Georgia,General hospital,Nonprofit,Urban,355.0,2023,0.0029,1957993.0,681051283.0,0,Made money,0,"St. Josephs Of Atlanta (Atlanta, GA)",94,124,0.0827,0.0446
110083,Piedmont Hospital Inc.,Atlanta,GA,Georgia,General hospital,Nonprofit,Urban,574.0,2023,0.1125,172962266.0,1537257222.0,0,Made money,0,"Piedmont Hospital Inc. (Atlanta, GA)",50,124,0.0827,0.0446
110086,Washington Co Reg Med Ctr,Sandersville,GA,Georgia,General hospital,Government,Rural,49.0,2023,0.0468,1816913.0,38818854.0,0,Made money,0,"Washington Co Reg Med Ctr (Sandersville, GA)",75,124,0.0827,0.0446
110087,Northside Hospital - Gwinnett,Lawrenceville,GA,Georgia,General hospital,Nonprofit,Urban,440.0,2023,0.0105,13823085.0,1314822894.0,0,Made money,0,"Northside Hospital - Gwinnett (Lawrenceville, GA)",90,124,0.0827,0.0446
110089,Coffee Regional Medical Center,Douglas,GA,Georgia,General hospital,Nonprofit,Rural,82.0,2023,0.0217,3604617.0,165752598.0,0,Made money,0,"Coffee Regional Medical Center (Douglas, GA)",83,124,0.0827,0.0446
110091,Piedmont Rockdale Hospital,Conyers,GA,Georgia,General hospital,Nonprofit,Urban,181.0,2023,0.0433,10376053.0,239749952.0,0,Made money,0,"Piedmont Rockdale Hospital (Conyers, GA)",78,124,0.0827,0.0446
110092,Dodge County Hospital,Eastman,GA,Georgia,General hospital,Government,Rural,41.0,2023,-0.0118,-300553.0,25510811.0,1,1 year,1,"Dodge County Hospital (Eastman, GA)",99,124,0.0827,0.0446
110095,Tift Regional Medical Center,Tifton,GA,Georgia,General hospital,Nonprofit,Rural,181.0,2023,0.0243,10635051.0,436964308.0,0,Made money,0,"Tift Regional Medical Center (Tifton, GA)",82,124,0.0827,0.0446
110100,Jefferson Hospital,Louisville,GA,Georgia,General hospital,Government,Rural,37.0,2023,-0.0828,-1534246.0,18521303.0,1,1 year,1,"Jefferson Hospital (Louisville, GA)",112,124,0.0827,0.0446
110101,Southwell Medical,Adel,GA,Georgia,General hospital,Nonprofit,Rural,8.0,2023,-0.1577,-9146107.0,57988833.0,2,2 years,2,"Southwell Medical (Adel, GA)",121,124,0.0827,0.0446
110104,Crisp Regional Hospital  Inc.,Cordele,GA,Georgia,General hospital,Nonprofit,Rural,68.0,2023,0.0117,1505972.0,128463916.0,0,Made money,0,"Crisp Regional Hospital  Inc. (Cordele, GA)",88,124,0.0827,0.0446
110105,Colquitt Regional Medical Center,Moultrie,GA,Georgia,General hospital,Government,Rural,100.0,2023,0.1146,29687430.0,259050666.0,0,Made money,0,"Colquitt Regional Medical Center (Moultrie, GA)",47,124,0.0827,0.0446
110107,Ahn The Medical Center,Macon,GA,Georgia,General hospital,Government,Urban,636.0,2023,0.1085,100185246.0,923485722.0,0,Made money,0,"Ahn The Medical Center (Macon, GA)",54,124,0.0827,0.0446
110109,Emanuel Medical Center,Swainsboro,GA,Georgia,General hospital,Government,Rural,24.0,2023,-0.0498,-2138112.0,42911765.0,1,1 year,1,"Emanuel Medical Center (Swainsboro, GA)",106,124,0.0827,0.0446
110111,University Hospital Mcduffie,Thomson,GA,Georgia,General hospital,Government,Urban,25.0,2023,-0.0201,-594851.0,29543018.0,1,1 year,1,"University Hospital Mcduffie (Thomson, GA)",100,124,0.0827,0.0446
110113,Burke Medical Center,Waynesboro,GA,Georgia,General hospital,Nonprofit,Urban,40.0,2023,0.1226,9204033.0,75052164.0,0,Made money,0,"Burke Medical Center (Waynesboro, GA)",45,124,0.0827,0.0446
110115,Atlanta Medical Center,Atlanta,GA,Georgia,General hospital,Nonprofit,Urban,466.0,2021,-0.2439,-88659057.0,363510873.0,1,1 year,1,"Atlanta Medical Center (Atlanta, GA)",1,1,0.0827,0.0446
110121,Grady General Hospital,Cairo,GA,Georgia,General hospital,Nonprofit,Rural,44.0,2023,-0.0891,-2770108.0,31098528.0,1,1 year,1,"Grady General Hospital (Cairo, GA)",113,124,0.0827,0.0446
110122,South Georgia Medical Center,Valdosta,GA,Georgia,General hospital,Government,Urban,261.0,2023,0.1101,51200552.0,464834283.0,0,Made money,0,"South Georgia Medical Center (Valdosta, GA)",52,124,0.0827,0.0446
110124,Wayne Memorial Hospital,Jesup,GA,Georgia,General hospital,Government,Rural,88.0,2023,-0.1104,-8565917.0,77608359.0,1,1 year,1,"Wayne Memorial Hospital (Jesup, GA)",119,124,0.0827,0.0446
110125,Fairview Park Hospital,Dublin,GA,Georgia,General hospital,For-profit,Rural,123.0,2023,0.2562,46539347.0,181655234.0,0,Made money,0,"Fairview Park Hospital (Dublin, GA)",10,124,0.0827,0.0446
110128,Meadows Regional Medical Center,Vidalia,GA,Georgia,General hospital,Nonprofit,Rural,57.0,2023,0.2077,28251778.0,136039521.0,0,Made money,0,"Meadows Regional Medical Center (Vidalia, GA)",17,124,0.0827,0.0446
110129,St. Francis Hospital  Inc.,Columbus,GA,Georgia,General hospital,For-profit,Urban,312.0,2023,0.1065,39780726.0,373528835.0,0,Made money,0,"St. Francis Hospital  Inc. (Columbus, GA)",56,124,0.0827,0.0446
110130,Irwin County Hospital,Ocilla,GA,Georgia,General hospital,Government,Rural,34.0,2022,-0.1145,-1959477.0,17107408.0,4,3-4 years,3,"Irwin County Hospital (Ocilla, GA)",4,5,0.0827,0.0446
110132,Memorial Hospital,Bainbridge,GA,Georgia,General hospital,Government,Rural,80.0,2023,0.0857,5353389.0,62468120.0,0,Made money,0,"Memorial Hospital (Bainbridge, GA)",60,124,0.0827,0.0446
110135,Taylor Regional Hospital,Hawkinsville,GA,Georgia,General hospital,Nonprofit,Rural,49.0,2023,-0.2609,-6603182.0,25308823.0,1,1 year,1,"Taylor Regional Hospital (Hawkinsville, GA)",124,124,0.0827,0.0446
110142,Evans Memorial Hospital,Claxton,GA,Georgia,General hospital,Government,Rural,49.0,2023,0.0572,1196896.0,20928789.0,0,Made money,0,"Evans Memorial Hospital (Claxton, GA)",72,124,0.0827,0.0446
110143,Cobb Hospital And Medical Center,Austell,GA,Georgia,General hospital,Government,Urban,367.0,2023,0.1785,208919439.0,1170292774.0,0,Made money,0,"Cobb Hospital And Medical Center (Austell, GA)",25,124,0.0827,0.0446
110146,Sghs - Camden Campus,St. Marys,GA,Georgia,General hospital,Nonprofit,Rural,40.0,2023,0.1538,11762138.0,76484867.0,0,Made money,0,"Sghs - Camden Campus (St. Marys, GA)",33,124,0.0827,0.0446
110150,Atrium Health Navicent Baldwin,Milledgeville,GA,Georgia,General hospital,Nonprofit,Rural,86.0,2023,-0.0895,-5643726.0,63080731.0,2,2 years,2,"Atrium Health Navicent Baldwin (Milledgeville, GA)",114,124,0.0827,0.0446
110153,Perry Hospital,Perry,GA,Georgia,General hospital,For-profit,Urban,39.0,2022,-0.0305,-1016070.0,33270092.0,8,5+ years,4,"Perry Hospital (Perry, GA)",1,5,0.0827,0.0446
110161,Northside Hospital,Atlanta,GA,Georgia,General hospital,Nonprofit,Urban,673.0,2023,0.0917,306972377.0,3349350509.0,0,Made money,0,"Northside Hospital (Atlanta, GA)",58,124,0.0827,0.0446
110164,Piedmont Macon Medical Center,Macon,GA,Georgia,General hospital,Nonprofit,Urban,199.0,2023,0.0385,10218132.0,265283207.0,0,Made money,0,"Piedmont Macon Medical Center (Macon, GA)",79,124,0.0827,0.0446
110165,Southern Regional Medical Center,Riverdale,GA,Georgia,General hospital,Nonprofit,Urban,233.0,2023,0.062,8818086.0,142269296.0,0,Made money,0,"Southern Regional Medical Center (Riverdale, GA)",68,124,0.0827,0.0446
110168,Adventhealth Redmond,Redmond,GA,Georgia,General hospital,Nonprofit,Urban,210.0,2023,-0.1588,-53785738.0,338732109.0,3,3-4 years,3,"Adventhealth Redmond (Redmond, GA)",122,124,0.0827,0.0446
110177,Doctors Hospital Of Augusta,Augusta,GA,Georgia,General hospital,For-profit,Urban,291.0,2023,0.3341,174333923.0,521849985.0,0,Made money,0,"Doctors Hospital Of Augusta (Augusta, GA)",7,124,0.0827,0.0446
110184,Douglas Hospital,Douglasville,GA,Georgia,General hospital,Government,Urban,112.0,2023,0.0184,4455502.0,241797030.0,0,Made money,0,"Douglas Hospital (Douglasville, GA)",85,124,0.0827,0.0446
110189,Fannin Regional Hospital,Blue Ridge,GA,Georgia,General hospital,For-profit,Rural,50.0,2022,-0.2249,-6505892.0,28925375.0,5,5+ years,4,"Fannin Regional Hospital (Blue Ridge, GA)",5,5,0.0827,0.0446
110190,Flint River Community Hospital,Montezuma,GA,Georgia,General hospital,For-profit,Rural,22.0,2023,0.0071,72698.0,10256673.0,0,Made money,0,"Flint River Community Hospital (Montezuma, GA)",91,124,0.0827,0.0446
110191,Piedmont Henry Hospital  Inc.,Stockbridge,GA,Georgia,General hospital,Government,Urban,294.0,2023,0.1951,97593482.0,500315386.0,0,Made money,0,"Piedmont Henry Hospital  Inc. (Stockbridge, GA)",20,124,0.0827,0.0446
110192,Piedmont Eastside Medical Center,Snellville,GA,Georgia,General hospital,Nonprofit,Urban,218.0,2023,0.0724,21896033.0,302483446.0,0,Made money,0,"Piedmont Eastside Medical Center (Snellville, GA)",65,124,0.0827,0.0446
110194,Donalsonville Hospital,Donalsonville,GA,Georgia,General hospital,Nonprofit,Rural,41.0,2023,-0.0701,-2188339.0,31234364.0,3,3-4 years,3,"Donalsonville Hospital (Donalsonville, GA)",110,124,0.0827,0.0446
110198,North Fulton Regional Hospital,Roswell,GA,Georgia,General hospital,Nonprofit,Urban,178.0,2023,0.0883,34260265.0,388166010.0,0,Made money,0,"North Fulton Regional Hospital (Roswell, GA)",59,124,0.0827,0.0446
110200,Piedmont Columbus Regional Northside,Columbus,GA,Georgia,General hospital,Nonprofit,Urban,95.0,2023,0.217,31427419.0,144830523.0,0,Made money,0,"Piedmont Columbus Regional Northside (Columbus, GA)",13,124,0.0827,0.0446
110201,Piedmont Macon North Hospital,Macon,GA,Georgia,General hospital,Nonprofit,Urban,61.0,2023,0.1292,8979144.0,69499132.0,0,Made money,0,"Piedmont Macon North Hospital (Macon, GA)",41,124,0.0827,0.0446
110209,Turning Point Hospital,Moultree,GA,Georgia,General hospital,For-profit,Rural,53.0,2023,0.1274,3520148.0,27635256.0,0,Made money,0,"Turning Point Hospital (Moultree, GA)",42,124,0.0827,0.0446
110215,Piedmont Fayette Hospital Inc.,Fayetteville,GA,Georgia,General hospital,Nonprofit,Urban,299.0,2023,0.2505,155243405.0,619706438.0,0,Made money,0,"Piedmont Fayette Hospital Inc. (Fayetteville, GA)",11,124,0.0827,0.0446
110225,Piedmont Mountainside Hospital  Inc.,Jasper,GA,Georgia,General hospital,Nonprofit,Urban,62.0,2023,0.1682,24829097.0,147600747.0,0,Made money,0,"Piedmont Mountainside Hospital  Inc. (Jasper, GA)",28,124,0.0827,0.0446
110226,Emory Hillandale Hospital,Lithonia,GA,Georgia,General hospital,Government,Urban,90.0,2023,0.0445,5558875.0,124940078.0,0,Made money,0,"Emory Hillandale Hospital (Lithonia, GA)",76,124,0.0827,0.0446
110229,Piedmont Newnan Hospital Inc.,Newnan,GA,Georgia,General hospital,Nonprofit,Urban,213.0,2023,0.2142,83043638.0,387682266.0,0,Made money,0,"Piedmont Newnan Hospital Inc. (Newnan, GA)",16,124,0.0827,0.0446
110230,Emory Johns Creek Hospital,Johns Creek,GA,Georgia,General hospital,Nonprofit,Urban,163.0,2023,0.2155,77209944.0,358243713.0,0,Made money,0,"Emory Johns Creek Hospital (Johns Creek, GA)",15,124,0.0827,0.0446
110233,Southeastern Regional Medical Center,Newnan,GA,Georgia,General hospital,For-profit,Urban,50.0,2023,0.8606,1345024759.0,1562940708.0,0,Made money,0,"Southeastern Regional Medical Center (Newnan, GA)",1,124,0.0827,0.0446
110234,Sgmc Berrien Campus,Nashville,GA,Georgia,General hospital,Government,Rural,10.0,2023,-0.0457,-450706.0,9867529.0,1,1 year,1,"Sgmc Berrien Campus (Nashville, GA)",104,124,0.0827,0.0446
110236,Chi Memorial Hospital - Georgia,Ft Oglethorpe,GA,Georgia,General hospital,Nonprofit,Urban,35.0,2023,-0.1893,-4227551.0,22337099.0,7,5+ years,4,"Chi Memorial Hospital - Georgia (Ft Oglethorpe, GA)",123,124,0.0827,0.0446
110237,Ngmc Lumpkin  Llc,Dahlonega,GA,Georgia,General hospital,Nonprofit,Rural,23.0,2023,0.2372,6582796.0,27752105.0,0,Made money,0,"Ngmc Lumpkin  Llc (Dahlonega, GA)",12,124,0.0827,0.0446
110252,Northside Hospital - Duluth,Duluth,GA,Georgia,General hospital,Nonprofit,Urban,94.0,2023,0.006,1298949.0,217887524.0,0,Made money,0,"Northside Hospital - Duluth (Duluth, GA)",92,124,0.0827,0.0446
110779,Irwin County Reh,Ocilla,GA,Georgia,General hospital,Government,Rural,,2023,0.3751,8390357.0,22368110.0,0,Made money,0,"Irwin County Reh (Ocilla, GA)",5,124,0.0827,0.0446
111302,Bleckley Memorial Hospital,Cochran,GA,Georgia,Critical access hospital (small rural),Government,Rural,25.0,2023,0.1877,2800996.0,14923787.0,0,Made money,0,"Bleckley Memorial Hospital (Cochran, GA)",22,124,0.0827,0.0446
111303,Jasper Memorial Hospital,Monticello,GA,Georgia,Critical access hospital (small rural),Government,Urban,12.0,2023,0.0618,991625.0,16045291.0,0,Made money,0,"Jasper Memorial Hospital (Monticello, GA)",69,124,0.0827,0.0446
111304,Morgan Medical Center,Madison,GA,Georgia,Critical access hospital (small rural),Government,Urban,25.0,2023,0.0715,2994513.0,41909796.0,0,Made money,0,"Morgan Medical Center (Madison, GA)",66,124,0.0827,0.0446
111305,Miller County Hospital,Colquitt,GA,Georgia,Critical access hospital (small rural),Government,Rural,25.0,2023,0.07,6458275.0,92295866.0,0,Made money,0,"Miller County Hospital (Colquitt, GA)",67,124,0.0827,0.0446
111306,Effingham Hospital,Springfield,GA,Georgia,Critical access hospital (small rural),Government,Urban,25.0,2023,0.0173,1358406.0,78545583.0,0,Made money,0,"Effingham Hospital (Springfield, GA)",86,124,0.0827,0.0446
111308,Clinch Memorial Hospital,Homerville,GA,Georgia,Critical access hospital (small rural),Government,Rural,15.0,2023,0.1302,3023549.0,23214412.0,0,Made money,0,"Clinch Memorial Hospital (Homerville, GA)",39,124,0.0827,0.0446
111310,Atrium Health Navicent Peach,Byron,GA,Georgia,Critical access hospital (small rural),Nonprofit,Urban,25.0,2023,0.0519,1758531.0,33883462.0,0,Made money,0,"Atrium Health Navicent Peach (Byron, GA)",73,124,0.0827,0.0446
111311,Jenkins County Medical Center,Millen,GA,Georgia,Critical access hospital (small rural),For-profit,Rural,15.0,2023,0.1517,1989895.0,13116371.0,0,Made money,0,"Jenkins County Medical Center (Millen, GA)",34,124,0.0827,0.0446
111312,Screven County Hospital,Sylvania,GA,Georgia,Critical access hospital (small rural),For-profit,Rural,25.0,2023,0.1844,3221447.0,17472875.0,0,Made money,0,"Screven County Hospital (Sylvania, GA)",23,124,0.0827,0.0446
111313,Putnam General Hospital,Eatonton,GA,Georgia,Critical access hospital (small rural),Government,Rural,25.0,2023,0.0517,1216023.0,23520969.0,0,Made money,0,"Putnam General Hospital (Eatonton, GA)",74,124,0.0827,0.0446
111314,Lifebrite Community Hospital Of Earl,Blakely,GA,Georgia,Critical access hospital (small rural),For-profit,Rural,25.0,2023,-0.0229,-453885.0,19803663.0,3,3-4 years,3,"Lifebrite Community Hospital Of Earl (Blakely, GA)",101,124,0.0827,0.0446
111316,Warm Springs Medical Center,Warm Springs,GA,Georgia,Critical access hospital (small rural),For-profit,Urban,25.0,2023,0.1371,2789623.0,20352691.0,0,Made money,0,"Warm Springs Medical Center (Warm Springs, GA)",36,124,0.0827,0.0446
111318,Monroe County Hospital,Forsyth,GA,Georgia,Critical access hospital (small rural),Government,Urban,25.0,2023,0.0123,190205.0,15504335.0,0,Made money,0,"Monroe County Hospital (Forsyth, GA)",87,124,0.0827,0.0446
111319,Sylvan Grove Hospital,Jackson,GA,Georgia,Critical access hospital (small rural),Government,Urban,25.0,2023,0.1121,2582930.0,23046455.0,0,Made money,0,"Sylvan Grove Hospital (Jackson, GA)",51,124,0.0827,0.0446
111320,Higgins General Hospital,Bremen,GA,Georgia,Critical access hospital (small rural),Nonprofit,Urban,23.0,2023,0.3606,21541442.0,59734471.0,0,Made money,0,"Higgins General Hospital (Bremen, GA)",6,124,0.0827,0.0446
111323,Tattnall Hospital Company  Llc,Reidsville,GA,Georgia,Critical access hospital (small rural),For-profit,Rural,25.0,2023,0.4324,48225625.0,111539369.0,0,Made money,0,"Tattnall Hospital Company  Llc (Reidsville, GA)",3,124,0.0827,0.0446
111324,Chatuge Regional Hospital,Hiwassee,GA,Georgia,Critical access hospital (small rural),Nonprofit,Rural,25.0,2023,0.029,1036804.0,35795483.0,0,Made money,0,"Chatuge Regional Hospital (Hiwassee, GA)",81,124,0.0827,0.0446
111325,Wills Memorial Hospital,Washington,GA,Georgia,Critical access hospital (small rural),Government,Rural,25.0,2023,0.0438,809488.0,18501844.0,0,Made money,0,"Wills Memorial Hospital (Washington, GA)",77,124,0.0827,0.0446
111326,Sgmc  Lanier Campus,Lakeland,GA,Georgia,Critical access hospital (small rural),Government,Urban,25.0,2023,-0.0911,-1611942.0,17702673.0,1,1 year,1,"Sgmc  Lanier Campus (Lakeland, GA)",115,124,0.0827,0.0446
111327,Bacon County Hospital,Alma,GA,Georgia,Critical access hospital (small rural),Nonprofit,Rural,25.0,2023,0.0339,1782465.0,52632702.0,0,Made money,0,"Bacon County Hospital (Alma, GA)",80,124,0.0827,0.0446
111328,Phoebe Worth Medical Center,Sylvester,GA,Georgia,Critical access hospital (small rural),Nonprofit,Urban,25.0,2023,0.1569,4031393.0,25694169.0,0,Made money,0,"Phoebe Worth Medical Center (Sylvester, GA)",31,124,0.0827,0.0446
111329,St Marys Good Samaritan,Greensboro,GA,Georgia,Critical access hospital (small rural),Nonprofit,Rural,25.0,2023,0.2593,10945724.0,42214725.0,0,Made money,0,"St Marys Good Samaritan (Greensboro, GA)",9,124,0.0827,0.0446
111330,Polk Medical Center,Cedartown,GA,Georgia,Critical access hospital (small rural),Nonprofit,Rural,25.0,2023,0.5188,25783756.0,49697461.0,0,Made money,0,"Polk Medical Center (Cedartown, GA)",2,124,0.0827,0.0446
111331,Mitchell County Hospital,Camilla,GA,Georgia,Critical access hospital (small rural),Nonprofit,Rural,25.0,2023,0.0109,410447.0,37730043.0,0,Made money,0,"Mitchell County Hospital (Camilla, GA)",89,124,0.0827,0.0446
111332,Brooks County Hospital,Quitman,GA,Georgia,Critical access hospital (small rural),Nonprofit,Urban,25.0,2023,-0.0566,-648825.0,11454652.0,2,2 years,2,"Brooks County Hospital (Quitman, GA)",107,124,0.0827,0.0446
111333,Jeff Davis,Hazlehurst,GA,Georgia,Critical access hospital (small rural),Government,Rural,25.0,2023,-0.0289,-711669.0,24641218.0,1,1 year,1,"Jeff Davis (Hazlehurst, GA)",103,124,0.0827,0.0446
111334,Candler County Hospital,Metter,GA,Georgia,Critical access hospital (small rural),Government,Rural,25.0,2023,0.0968,3894325.0,40229949.0,0,Made money,0,"Candler County Hospital (Metter, GA)",57,124,0.0827,0.0446
111335,Liberty Regional Medical Center,Hinesville,GA,Georgia,Critical access hospital (small rural),Government,Urban,25.0,2023,0.1239,7821682.0,63136770.0,0,Made money,0,"Liberty Regional Medical Center (Hinesville, GA)",44,124,0.0827,0.0446
111336,Mountain Lakes Medical Center,Clayton,GA,Georgia,Critical access hospital (small rural),For-profit,Rural,25.0,2023,-0.0953,-1704986.0,17882689.0,2,2 years,2,"Mountain Lakes Medical Center (Clayton, GA)",116,124,0.0827,0.0446
111337,Elbert Memorial Hospital,Elberton,GA,Georgia,Critical access hospital (small rural),Government,Rural,25.0,2023,0.002,41963.0,20940552.0,0,Made money,0,"Elbert Memorial Hospital (Elberton, GA)",95,124,0.0827,0.0446
120001,The Queens Medical Center,Honolulu,HI,Hawaii,General hospital,Nonprofit,Urban,674.0,2023,0.1408,249201002.0,1770115622.0,0,Made money,0,"The Queens Medical Center (Honolulu, HI)",4,20,0.0782,0.0446
120002,Maui Memorial Medical Center,Wailuku,HI,Hawaii,General hospital,Nonprofit,Urban,219.0,2023,-0.0079,-2775447.0,351387627.0,1,1 year,1,"Maui Memorial Medical Center (Wailuku, HI)",15,20,0.0782,0.0446
120004,Wahiawa General Hospital,Wahiawa,HI,Hawaii,General hospital,Nonprofit,Urban,19.0,2022,-0.0504,-1840636.0,36544542.0,4,3-4 years,3,"Wahiawa General Hospital (Wahiawa, HI)",1,1,0.0782,0.0446
120005,Hilo Medical Center,Hilo,HI,Hawaii,General hospital,Government,Rural,194.0,2023,0.1012,40055833.0,395684736.0,0,Made money,0,"Hilo Medical Center (Hilo, HI)",8,20,0.0782,0.0446
120006,Adventist Health Castle,Kailua,HI,Hawaii,General hospital,Nonprofit,Urban,142.0,2023,-0.0085,-2086346.0,245630301.0,2,2 years,2,"Adventist Health Castle (Kailua, HI)",16,20,0.0782,0.0446
120007,Kuakini Medical Center,Honolulu,HI,Hawaii,General hospital,Nonprofit,Urban,170.0,2023,-0.0032,-567484.0,177390708.0,5,5+ years,4,"Kuakini Medical Center (Honolulu, HI)",14,20,0.0782,0.0446
120011,Kfh-Hawaii,Honolulu,HI,Hawaii,General hospital,Nonprofit,Urban,276.0,2023,0.0899,47595880.0,529413596.0,0,Made money,0,"Kfh-Hawaii (Honolulu, HI)",10,20,0.0782,0.0446
120014,Wilcox Memorial Hosptial,Lihue,HI,Hawaii,General hospital,Nonprofit,Rural,72.0,2023,0.0903,15384836.0,170382433.0,0,Made money,0,"Wilcox Memorial Hosptial (Lihue, HI)",9,20,0.0782,0.0446
120019,Kona Community Hospital,Kealakekua,HI,Hawaii,General hospital,Government,Rural,83.0,2023,-0.0017,-302901.0,174575600.0,3,3-4 years,3,"Kona Community Hospital (Kealakekua, HI)",12,20,0.0782,0.0446
120022,Straub Clinic & Hospital,Honolulu,HI,Hawaii,General hospital,Nonprofit,Urban,159.0,2023,0.2702,202012924.0,747700073.0,0,Made money,0,"Straub Clinic & Hospital (Honolulu, HI)",2,20,0.0782,0.0446
120026,Pali Momi Medical Center,Aiea,HI,Hawaii,General hospital,Nonprofit,Urban,118.0,2023,0.1333,49377336.0,370324999.0,0,Made money,0,"Pali Momi Medical Center (Aiea, HI)",6,20,0.0782,0.0446
120028,Queens North Hawaii Community Hospi,Kamuela,HI,Hawaii,General hospital,Nonprofit,Rural,33.0,2023,0.0666,7236875.0,108668599.0,0,Made money,0,"Queens North Hawaii Community Hospi (Kamuela, HI)",11,20,0.0782,0.0446
121300,Kauai Veterans Memorial Hospital,Waimea Kauai,HI,Hawaii,Critical access hospital (small rural),Government,Rural,25.0,2023,0.1547,11608642.0,75054708.0,0,Made money,0,"Kauai Veterans Memorial Hospital (Waimea Kauai, HI)",3,20,0.0782,0.0446
121301,Kau Hospital,Pahala,HI,Hawaii,Critical access hospital (small rural),Government,Rural,21.0,2023,-0.1338,-7269612.0,54335767.0,2,2 years,2,"Kau Hospital (Pahala, HI)",18,20,0.0782,0.0446
121302,Kohala Hospital,Kapaau,HI,Hawaii,Critical access hospital (small rural),Government,Rural,25.0,2023,0.1338,3007993.0,22485305.0,0,Made money,0,"Kohala Hospital (Kapaau, HI)",5,20,0.0782,0.0446
121303,Molokai General Hospital,Kaunakakai,HI,Hawaii,Critical access hospital (small rural),Nonprofit,Urban,15.0,2023,0.1181,2876597.0,24350514.0,0,Made money,0,"Molokai General Hospital (Kaunakakai, HI)",7,20,0.0782,0.0446
121304,Kahuku Medical Center,Kahuku,HI,Hawaii,Critical access hospital (small rural),Government,Urban,21.0,2023,-0.0524,-1427149.0,27225116.0,1,1 year,1,"Kahuku Medical Center (Kahuku, HI)",17,20,0.0782,0.0446
121305,Lanai Community Hospital,Lanai,HI,Hawaii,Critical access hospital (small rural),Nonprofit,Urban,4.0,2023,-0.5058,-2532839.0,5007568.0,6,5+ years,4,"Lanai Community Hospital (Lanai, HI)",20,20,0.0782,0.0446
121306,Samuel Mahelona Memorial Hospital,Kapaa  Kauai,HI,Hawaii,Critical access hospital (small rural),Government,Rural,5.0,2023,-0.0019,-90937.0,47095069.0,1,1 year,1,"Samuel Mahelona Memorial Hospital (Kapaa  Kauai, HI)",13,20,0.0782,0.0446
121307,Hale Hoola Hamakua,Honokaa,HI,Hawaii,Critical access hospital (small rural),Government,Rural,11.0,2023,0.2877,10515593.0,36546276.0,0,Made money,0,"Hale Hoola Hamakua (Honokaa, HI)",1,20,0.0782,0.0446
121308,Kula Hospital,Kula,HI,Hawaii,Critical access hospital (small rural),Nonprofit,Urban,9.0,2023,-0.2576,-8060700.0,31288853.0,3,3-4 years,3,"Kula Hospital (Kula, HI)",19,20,0.0782,0.0446
130002,St Lukes Magic Valley Reg Med Ctr,Twin Falls,ID,Idaho,General hospital,Nonprofit,Urban,175.0,2023,-0.023,-12263574.0,533168602.0,1,1 year,1,"St Lukes Magic Valley Reg Med Ctr (Twin Falls, ID)",35,43,0.041,0.0446
130003,St Joseph Regional Medical Center,Lewiston,ID,Idaho,General hospital,For-profit,Urban,108.0,2023,-0.1335,-21717155.0,162714397.0,3,3-4 years,3,"St Joseph Regional Medical Center (Lewiston, ID)",42,43,0.041,0.0446
130006,St. Lukes Regional Medical Center,Boise,ID,Idaho,General hospital,Nonprofit,Urban,560.0,2023,0.053,124716608.0,2352232843.0,0,Made money,0,"St. Lukes Regional Medical Center (Boise, ID)",19,43,0.041,0.0446
130007,St. Alphonsus Regional Med Center,Boise,ID,Idaho,General hospital,Nonprofit,Urban,374.0,2023,0.061,58486389.0,958171209.0,0,Made money,0,"St. Alphonsus Regional Med Center (Boise, ID)",15,43,0.041,0.0446
130013,St. Alphonsus Medical Center - Namp,Nampa,ID,Idaho,General hospital,Nonprofit,Urban,96.0,2023,0.3093,110552573.0,357414109.0,0,Made money,0,"St. Alphonsus Medical Center - Namp (Nampa, ID)",3,43,0.041,0.0446
130014,West Valley Medical Center,Caldwell,ID,Idaho,General hospital,For-profit,Urban,112.0,2023,0.3345,42143105.0,125971182.0,0,Made money,0,"West Valley Medical Center (Caldwell, ID)",2,43,0.041,0.0446
130018,Eastern Idaho Regional Medical Cente,Idaho Falls,ID,Idaho,General hospital,For-profit,Urban,246.0,2023,0.5597,220423607.0,393801374.0,0,Made money,0,"Eastern Idaho Regional Medical Cente (Idaho Falls, ID)",1,43,0.041,0.0446
130025,Madison Memorial Hospital,Rexburg,ID,Idaho,General hospital,Government,Rural,53.0,2023,0.066,6807961.0,103074097.0,0,Made money,0,"Madison Memorial Hospital (Rexburg, ID)",13,43,0.041,0.0446
130028,Portneuf Medical Center,Pocatello,ID,Idaho,General hospital,For-profit,Urban,141.0,2023,0.1384,59771424.0,431844509.0,0,Made money,0,"Portneuf Medical Center (Pocatello, ID)",6,43,0.041,0.0446
130049,Kootenai Hospital District,Coeur Dalene,ID,Idaho,General hospital,Nonprofit,Urban,326.0,2023,0.0619,56528094.0,912834210.0,0,Made money,0,"Kootenai Hospital District (Coeur Dalene, ID)",14,43,0.041,0.0446
130063,Treasure Valley Hospital,Boise,ID,Idaho,General hospital,For-profit,Urban,28.0,2023,0.2834,34724312.0,122541198.0,0,Made money,0,"Treasure Valley Hospital (Boise, ID)",4,43,0.041,0.0446
130065,Mountain View Hospital,Idaho Falls,ID,Idaho,General hospital,For-profit,Urban,43.0,2023,0.1751,84274956.0,481269551.0,0,Made money,0,"Mountain View Hospital (Idaho Falls, ID)",5,43,0.041,0.0446
130066,Northwest Specialty Hospital,Post Falls,ID,Idaho,General hospital,For-profit,Urban,31.0,2023,0.0366,5311356.0,144972969.0,0,Made money,0,"Northwest Specialty Hospital (Post Falls, ID)",24,43,0.041,0.0446
130071,St. Lukes Nampa Medical Center,Nampa,ID,Idaho,General hospital,Nonprofit,Urban,87.0,2023,0.0396,9749214.0,246218242.0,0,Made money,0,"St. Lukes Nampa Medical Center (Nampa, ID)",23,43,0.041,0.0446
130073,Grove Creek Medical Center,Blackfoot,ID,Idaho,General hospital,For-profit,Rural,8.0,2023,-0.1797,-552119.0,3071829.0,1,1 year,1,"Grove Creek Medical Center (Blackfoot, ID)",43,43,0.041,0.0446
130074,Idaho Falls Community Hospital,Idaho Falls,ID,Idaho,General hospital,For-profit,Urban,88.0,2023,-0.1295,-15058657.0,116266479.0,4,3-4 years,3,"Idaho Falls Community Hospital (Idaho Falls, ID)",41,43,0.041,0.0446
131301,Boundary Community Hospital,Bonners Ferry,ID,Idaho,Critical access hospital (small rural),Government,Rural,20.0,2023,0.041,868658.0,21178918.0,0,Made money,0,"Boundary Community Hospital (Bonners Ferry, ID)",22,43,0.041,0.0446
131302,North Canyon Medical Center,Gooding,ID,Idaho,Critical access hospital (small rural),Nonprofit,Rural,16.0,2023,0.0583,3734375.0,64076385.0,0,Made money,0,"North Canyon Medical Center (Gooding, ID)",16,43,0.041,0.0446
131303,Oneida County Hospital,Malad City,ID,Idaho,Critical access hospital (small rural),Government,Rural,11.0,2023,0.036,601188.0,16682410.0,0,Made money,0,"Oneida County Hospital (Malad City, ID)",25,43,0.041,0.0446
131304,Power County Hospital District,American Falls,ID,Idaho,Critical access hospital (small rural),Government,Urban,10.0,2023,-0.011,-152353.0,13861510.0,1,1 year,1,"Power County Hospital District (American Falls, ID)",32,43,0.041,0.0446
131305,Steele Memorial Medical Center,Salmon,ID,Idaho,Critical access hospital (small rural),Government,Rural,18.0,2023,-0.0348,-1128918.0,32438208.0,2,2 years,2,"Steele Memorial Medical Center (Salmon, ID)",36,43,0.041,0.0446
131307,Memorial Hospital,Weiser,ID,Idaho,Critical access hospital (small rural),Government,Rural,24.0,2023,-0.1283,-3274317.0,25529057.0,2,2 years,2,"Memorial Hospital (Weiser, ID)",40,43,0.041,0.0446
131308,Cascade Medical Center,Cascade,ID,Idaho,Critical access hospital (small rural),Government,Rural,8.0,2023,0.0581,500794.0,8624953.0,0,Made money,0,"Cascade Medical Center (Cascade, ID)",17,43,0.041,0.0446
131309,Caribou Memorial Hospital,Soda Springs,ID,Idaho,Critical access hospital (small rural),Nonprofit,Rural,25.0,2023,-0.0353,-903886.0,25602962.0,2,2 years,2,"Caribou Memorial Hospital (Soda Springs, ID)",37,43,0.041,0.0446
131310,St. Lukes Jerome Ltd,Jerome,ID,Idaho,Critical access hospital (small rural),Nonprofit,Urban,15.0,2023,-0.0211,-430817.0,20416257.0,1,1 year,1,"St. Lukes Jerome Ltd (Jerome, ID)",34,43,0.041,0.0446
131311,St. Lukes Elmore Medical Center,Mountain Home,ID,Idaho,Critical access hospital (small rural),Nonprofit,Rural,20.0,2023,0.0748,3937470.0,52622142.0,0,Made money,0,"St. Lukes Elmore Medical Center (Mountain Home, ID)",12,43,0.041,0.0446
131312,St. Lukes Mccall,Mccall,ID,Idaho,Critical access hospital (small rural),Nonprofit,Rural,15.0,2023,0.0447,2385982.0,53425027.0,0,Made money,0,"St. Lukes Mccall (Mccall, ID)",21,43,0.041,0.0446
131313,Teton Valley Hospital,Driggs,ID,Idaho,Critical access hospital (small rural),Nonprofit,Rural,13.0,2023,-0.0372,-1049814.0,28189372.0,2,2 years,2,"Teton Valley Hospital (Driggs, ID)",38,43,0.041,0.0446
131314,Shoshone Medical Center,Kellogg,ID,Idaho,Critical access hospital (small rural),Nonprofit,Rural,25.0,2023,0.0889,1869782.0,21034692.0,0,Made money,0,"Shoshone Medical Center (Kellogg, ID)",9,43,0.041,0.0446
131315,Syringa General Hospital,Grangeville,ID,Idaho,Critical access hospital (small rural),Government,Rural,15.0,2023,-0.0109,-261430.0,23942862.0,2,2 years,2,"Syringa General Hospital (Grangeville, ID)",31,43,0.041,0.0446
131316,Bear Lake Memorial Hospital,Montpelier,ID,Idaho,Critical access hospital (small rural),Government,Rural,21.0,2023,0.0125,435784.0,34823529.0,0,Made money,0,"Bear Lake Memorial Hospital (Montpelier, ID)",29,43,0.041,0.0446
131317,Benewah Community Hospital,St Maries,ID,Idaho,Critical access hospital (small rural),Government,Rural,19.0,2023,0.0514,1191560.0,23182433.0,0,Made money,0,"Benewah Community Hospital (St Maries, ID)",20,43,0.041,0.0446
131318,Walter Knox Memorial Hospital,Emmett,ID,Idaho,Critical access hospital (small rural),Government,Urban,13.0,2023,0.0982,2648697.0,26965431.0,0,Made money,0,"Walter Knox Memorial Hospital (Emmett, ID)",8,43,0.041,0.0446
131319,Minidoka Memorial Hospital,Rupert,ID,Idaho,Critical access hospital (small rural),Government,Rural,22.0,2023,-0.0445,-2315988.0,52067560.0,1,1 year,1,"Minidoka Memorial Hospital (Rupert, ID)",39,43,0.041,0.0446
131320,Clearwater Valley Health,Orofino,ID,Idaho,Critical access hospital (small rural),Nonprofit,Rural,23.0,2023,0.0884,2257314.0,25545492.0,0,Made money,0,"Clearwater Valley Health (Orofino, ID)",10,43,0.041,0.0446
131321,St. Marys Health,Cottonwood,ID,Idaho,Critical access hospital (small rural),Nonprofit,Rural,25.0,2023,0.0833,2273538.0,27283579.0,0,Made money,0,"St. Marys Health (Cottonwood, ID)",11,43,0.041,0.0446
131322,Franklin County Medical Center,Preston,ID,Idaho,Critical access hospital (small rural),Government,Urban,20.0,2023,-0.013,-487840.0,37463504.0,2,2 years,2,"Franklin County Medical Center (Preston, ID)",33,43,0.041,0.0446
131323,St. Lukes Wood River Medical Center,Ketchum,ID,Idaho,Critical access hospital (small rural),Nonprofit,Rural,25.0,2023,0.1137,11322463.0,99560273.0,0,Made money,0,"St. Lukes Wood River Medical Center (Ketchum, ID)",7,43,0.041,0.0446
131324,Lost Rivers Hospital,Arco,ID,Idaho,Critical access hospital (small rural),Government,Urban,14.0,2023,0.058,801679.0,13816562.0,0,Made money,0,"Lost Rivers Hospital (Arco, ID)",18,43,0.041,0.0446
131325,Bingham Memorial Hospital,Blackfoot,ID,Idaho,Critical access hospital (small rural),Nonprofit,Rural,25.0,2023,0.0246,4437093.0,180173538.0,0,Made money,0,"Bingham Memorial Hospital (Blackfoot, ID)",28,43,0.041,0.0446
131326,Cassia Regional Hospital,Burley,ID,Idaho,Critical access hospital (small rural),Nonprofit,Rural,25.0,2023,0.0281,1839020.0,65473839.0,0,Made money,0,"Cassia Regional Hospital (Burley, ID)",26,43,0.041,0.0446
131327,Gritman Medical Center,Moscow,ID,Idaho,Critical access hospital (small rural),Nonprofit,Rural,25.0,2023,0.0274,3117320.0,113868721.0,0,Made money,0,"Gritman Medical Center (Moscow, ID)",27,43,0.041,0.0446
131328,Bonner General Hospital,Sandpoint,ID,Idaho,Critical access hospital (small rural),Nonprofit,Rural,25.0,2023,0.0094,614273.0,65066035.0,0,Made money,0,"Bonner General Hospital (Sandpoint, ID)",30,43,0.041,0.0446
140001,Graham Hospital Association,Canton,IL,Illinois,General hospital,Nonprofit,Urban,43.0,2023,0.0378,5124436.0,135715339.0,0,Made money,0,"Graham Hospital Association (Canton, IL)",88,162,0.0403,0.0446
140002,Alton Memorial Hospital,Alton,IL,Illinois,General hospital,Nonprofit,Urban,121.0,2023,-0.0678,-13023409.0,192098219.0,7,5+ years,4,"Alton Memorial Hospital (Alton, IL)",133,162,0.0403,0.0446
140007,Presence St. Joseph Medical Center,Joliet,IL,Illinois,General hospital,Nonprofit,Urban,425.0,2023,-0.2972,-95631500.0,321750940.0,3,3-4 years,3,"Presence St. Joseph Medical Center (Joliet, IL)",157,162,0.0403,0.0446
140008,Gottlieb Memorial Hospital,Melrose Park,IL,Illinois,General hospital,Nonprofit,Urban,135.0,2023,-0.0456,-6330940.0,138970671.0,3,3-4 years,3,"Gottlieb Memorial Hospital (Melrose Park, IL)",127,162,0.0403,0.0446
140010,Northshore University Healthsystem,Evanston,IL,Illinois,General hospital,Nonprofit,Urban,674.0,2023,0.1726,412444192.0,2389549486.0,0,Made money,0,"Northshore University Healthsystem (Evanston, IL)",34,162,0.0403,0.0446
140011,Herrin Hospital,Herrin,IL,Illinois,General hospital,Nonprofit,Urban,85.0,2023,0.0383,7483842.0,195391345.0,0,Made money,0,"Herrin Hospital (Herrin, IL)",86,162,0.0403,0.0446
140012,Katherine Shaw Bethea Hospital,Dixon,IL,Illinois,General hospital,Nonprofit,Rural,80.0,2023,-0.0355,-5252628.0,147902438.0,5,5+ years,4,"Katherine Shaw Bethea Hospital (Dixon, IL)",124,162,0.0403,0.0446
140013,Proctor Hospital,Peoria,IL,Illinois,General hospital,Nonprofit,Urban,72.0,2023,0.0831,11326417.0,136256967.0,0,Made money,0,"Proctor Hospital (Peoria, IL)",60,162,0.0403,0.0446
140015,Blessing Hospital,Quincy,IL,Illinois,General hospital,Nonprofit,Rural,309.0,2023,0.04,25728233.0,642554550.0,0,Made money,0,"Blessing Hospital (Quincy, IL)",83,162,0.0403,0.0446
140018,Mount Sinai Hospital Medical Center,Chicago,IL,Illinois,General hospital,Nonprofit,Urban,236.0,2023,-0.0467,-20940590.0,448784562.0,1,1 year,1,"Mount Sinai Hospital Medical Center (Chicago, IL)",128,162,0.0403,0.0446
140019,Hshs Good Shepherd Hospital,Shelbyville,IL,Illinois,General hospital,Nonprofit,Rural,30.0,2022,-0.0544,-980275.0,18027446.0,2,2 years,2,"Hshs Good Shepherd Hospital (Shelbyville, IL) #140019",3,8,0.0403,0.0446
140029,Copley Memorial Hospital,Aurora,IL,Illinois,General hospital,Nonprofit,Urban,192.0,2023,0.1415,67328478.0,475748280.0,0,Made money,0,"Copley Memorial Hospital (Aurora, IL)",40,162,0.0403,0.0446
140030,Advocate Sherman Hospital,Elgin,IL,Illinois,General hospital,Nonprofit,Urban,255.0,2023,0.0376,13939276.0,370761841.0,0,Made money,0,"Advocate Sherman Hospital (Elgin, IL)",89,162,0.0403,0.0446
140032,St. Anthonys Memorial Hospital,Effingham,IL,Illinois,General hospital,Nonprofit,Rural,133.0,2023,0.2139,40119936.0,187591290.0,0,Made money,0,"St. Anthonys Memorial Hospital (Effingham, IL)",24,162,0.0403,0.0446
140034,Ssm Health St. Marys Hospital,Centralia,IL,Illinois,General hospital,Nonprofit,Rural,92.0,2023,0.217,28426713.0,131014460.0,0,Made money,0,"Ssm Health St. Marys Hospital (Centralia, IL)",23,162,0.0403,0.0446
140043,Cgh Medical Center,Sterling,IL,Illinois,General hospital,Government,Rural,95.0,2023,0.0515,15138064.0,293881034.0,0,Made money,0,"Cgh Medical Center (Sterling, IL)",77,162,0.0403,0.0446
140046,Ssm Health Good Samaritan Hospital,Mt. Vernon,IL,Illinois,General hospital,Nonprofit,Rural,111.0,2023,0.175,43682704.0,249600090.0,0,Made money,0,"Ssm Health Good Samaritan Hospital (Mt. Vernon, IL)",31,162,0.0403,0.0446
140048,Advocate Southland Health Network,Chicago,IL,Illinois,General hospital,Nonprofit,Urban,438.0,2023,-0.0526,-23811346.0,452821166.0,8,5+ years,4,"Advocate Southland Health Network (Chicago, IL)",130,162,0.0403,0.0446
140049,West Suburban Hosp Med Ctr,Oak Park,IL,Illinois,General hospital,For-profit,Urban,135.0,2022,-0.0659,-10111879.0,153373468.0,4,3-4 years,3,"West Suburban Hosp Med Ctr (Oak Park, IL)",4,8,0.0403,0.0446
140052,Osf Saint Anthonys Health Center,Alton,IL,Illinois,General hospital,Nonprofit,Urban,49.0,2023,-0.0382,-3690141.0,96495463.0,10,5+ years,4,"Osf Saint Anthonys Health Center (Alton, IL)",125,162,0.0403,0.0446
140053,St. Johns Hospital,Springfield,IL,Illinois,General hospital,Nonprofit,Urban,442.0,2023,-0.1153,-69862043.0,605816993.0,1,1 year,1,"St. Johns Hospital (Springfield, IL)",144,162,0.0403,0.0446
140054,Macneal Hospital,Berwyn,IL,Illinois,General hospital,Nonprofit,Urban,247.0,2023,0.2566,98041819.0,382069426.0,0,Made money,0,"Macneal Hospital (Berwyn, IL)",10,162,0.0403,0.0446
140058,Jacksonville Memorial Hospital,Jacksonville,IL,Illinois,General hospital,Nonprofit,Rural,106.0,2021,0.2714,34492957.0,127102426.0,0,Made money,0,"Jacksonville Memorial Hospital (Jacksonville, IL) #140058",1,3,0.0403,0.0446
140059,Jersey Community Hospital Dist,Jerseyville,IL,Illinois,General hospital,Government,Urban,46.0,2022,-0.0087,-501973.0,57867598.0,1,1 year,1,"Jersey Community Hospital Dist (Jerseyville, IL)",2,8,0.0403,0.0446
140062,Palos Community Hospital,Orland Park,IL,Illinois,General hospital,Nonprofit,Urban,326.0,2023,-0.0968,-46833307.0,484047432.0,6,5+ years,4,"Palos Community Hospital (Orland Park, IL)",138,162,0.0403,0.0446
140063,Oak Park Hospital,Oak Park,IL,Illinois,General hospital,Nonprofit,Urban,185.0,2023,0.0674,14652172.0,217521111.0,0,Made money,0,"Oak Park Hospital (Oak Park, IL)",71,162,0.0403,0.0446
140064,St. Mary Medical Center,Galesburg,IL,Illinois,General hospital,Nonprofit,Rural,81.0,2023,0.116,16911088.0,145792718.0,0,Made money,0,"St. Mary Medical Center (Galesburg, IL)",48,162,0.0403,0.0446
140065,Adventist Lagrange Memorial Hospital,Lagrange,IL,Illinois,General hospital,Nonprofit,Urban,159.0,2023,-0.0174,-3761017.0,216436501.0,2,2 years,2,"Adventist Lagrange Memorial Hospital (Lagrange, IL)",119,162,0.0403,0.0446
140067,Saint Francis Medical Center,Peoria,IL,Illinois,General hospital,Nonprofit,Urban,642.0,2023,0.1683,248595188.0,1476858789.0,0,Made money,0,"Saint Francis Medical Center (Peoria, IL)",35,162,0.0403,0.0446
140068,Roseland Community Hospital,Chicago,IL,Illinois,General hospital,Nonprofit,Urban,134.0,2023,-0.0185,-1347553.0,72668219.0,1,1 year,1,"Roseland Community Hospital (Chicago, IL)",120,162,0.0403,0.0446
140077,Touchette Regional Hospital,Centreville,IL,Illinois,General hospital,Nonprofit,Urban,127.0,2023,-0.0011,-77051.0,71579401.0,2,2 years,2,"Touchette Regional Hospital (Centreville, IL)",107,162,0.0403,0.0446
140080,Presence Saint Francis Hospital,Evanston,IL,Illinois,General hospital,Nonprofit,Urban,146.0,2023,-0.0512,-10886752.0,212617053.0,6,5+ years,4,"Presence Saint Francis Hospital (Evanston, IL)",129,162,0.0403,0.0446
140082,Louis A. Weiss Memorial Hospital,Chicago,IL,Illinois,General hospital,For-profit,Urban,119.0,2022,-0.3614,-32190831.0,89083163.0,4,3-4 years,3,"Louis A. Weiss Memorial Hospital (Chicago, IL)",7,8,0.0403,0.0446
140083,Loretto Hospital,Chicago,IL,Illinois,General hospital,Nonprofit,Urban,122.0,2023,-0.0298,-2246185.0,75326012.0,1,1 year,1,"Loretto Hospital (Chicago, IL)",121,162,0.0403,0.0446
140084,Vista Medical Center - East,Waukegan,IL,Illinois,General hospital,For-profit,Urban,190.0,2023,-0.1354,-18991067.0,140301785.0,3,3-4 years,3,"Vista Medical Center - East (Waukegan, IL)",147,162,0.0403,0.0446
140088,University Of Chicago Hospitals,Chicago,IL,Illinois,General hospital,Nonprofit,Urban,737.0,2023,0.0245,73600000.0,2999415531.0,0,Made money,0,"University Of Chicago Hospitals (Chicago, IL)",95,162,0.0403,0.0446
140089,Mcdonough District Hospital,Macomb,IL,Illinois,General hospital,Government,Rural,45.0,2023,-0.0109,-916225.0,84300257.0,2,2 years,2,"Mcdonough District Hospital (Macomb, IL)",118,162,0.0403,0.0446
140091,Carle Foundation Hospital,Urbana,IL,Illinois,General hospital,Nonprofit,Urban,469.0,2023,0.2099,295935767.0,1409939307.0,0,Made money,0,"Carle Foundation Hospital (Urbana, IL)",25,162,0.0403,0.0446
140093,Osf Sacred Heart Medical Center,Danville,IL,Illinois,General hospital,Nonprofit,Urban,100.0,2023,-0.1359,-12524027.0,92162143.0,5,5+ years,4,"Osf Sacred Heart Medical Center (Danville, IL)",148,162,0.0403,0.0446
140095,Saint Anthony Hospital,Chicago,IL,Illinois,General hospital,Nonprofit,Urban,109.0,2023,-0.0021,-325000.0,155810465.0,1,1 year,1,"Saint Anthony Hospital (Chicago, IL)",109,162,0.0403,0.0446
140100,Midwestern Regional Medical Center,Zion,IL,Illinois,General hospital,For-profit,Urban,73.0,2023,0.8271,954812214.0,1154442948.0,0,Made money,0,"Midwestern Regional Medical Center (Zion, IL)",1,162,0.0403,0.0446
140101,Morris Hospital,Morris,IL,Illinois,General hospital,Nonprofit,Urban,89.0,2023,0.0777,19434188.0,250122541.0,0,Made money,0,"Morris Hospital (Morris, IL)",64,162,0.0403,0.0446
140103,St. Bernard Hospital,Chicago,IL,Illinois,General hospital,Nonprofit,Urban,114.0,2023,-0.3464,-33676920.0,97225294.0,3,3-4 years,3,"St. Bernard Hospital (Chicago, IL)",159,162,0.0403,0.0446
140110,Ottawa Regional Hospital & Healthcar,Ottawa,IL,Illinois,General hospital,Nonprofit,Rural,89.0,2023,0.2892,56635183.0,195817813.0,0,Made money,0,"Ottawa Regional Hospital & Healthcar (Ottawa, IL)",9,162,0.0403,0.0446
140113,Osf Heart Of Mary Medical Center,Urbana,IL,Illinois,General hospital,Nonprofit,Urban,97.0,2023,-0.2544,-25197592.0,99030053.0,5,5+ years,4,"Osf Heart Of Mary Medical Center (Urbana, IL)",156,162,0.0403,0.0446
140114,Swedish Covenant Health,Chicago,IL,Illinois,General hospital,Nonprofit,Urban,172.0,2023,0.0444,15642910.0,352475728.0,0,Made money,0,"Swedish Covenant Health (Chicago, IL)",80,162,0.0403,0.0446
140115,Thorek Memorial Hospital,Chicago,IL,Illinois,General hospital,Nonprofit,Urban,156.0,2023,0.4626,67141694.0,145137806.0,0,Made money,0,"Thorek Memorial Hospital (Chicago, IL)",2,162,0.0403,0.0446
140116,Northern Illinois Medical Center,Mchenry,IL,Illinois,General hospital,Nonprofit,Urban,293.0,2023,-0.003,-2157820.0,714131748.0,6,5+ years,4,"Northern Illinois Medical Center (Mchenry, IL)",110,162,0.0403,0.0446
140117,Presence Resurrection Medical Center,Chicago,IL,Illinois,General hospital,Nonprofit,Urban,221.0,2023,-0.0643,-21046615.0,327345866.0,2,2 years,2,"Presence Resurrection Medical Center (Chicago, IL)",132,162,0.0403,0.0446
140119,Rush University Medical Center,Chicago,IL,Illinois,General hospital,Nonprofit,Urban,608.0,2023,0.0145,42519566.0,2942039500.0,0,Made money,0,"Rush University Medical Center (Chicago, IL)",98,162,0.0403,0.0446
140120,Pekin Memorial Hospital,Pekin,IL,Illinois,General hospital,Nonprofit,Urban,39.0,2023,-0.0085,-463766.0,54823439.0,1,1 year,1,"Pekin Memorial Hospital (Pekin, IL)",114,162,0.0403,0.0446
140122,Adventist Hinsdale Hospital,Hinsdale,IL,Illinois,General hospital,Nonprofit,Urban,244.0,2023,-0.0016,-520256.0,328982499.0,2,2 years,2,"Adventist Hinsdale Hospital (Hinsdale, IL)",108,162,0.0403,0.0446
140124,John H. Stroger Jr. Hosp Of Cook Cty,Chicago,IL,Illinois,General hospital,Government,Urban,429.0,2023,0.3085,492876862.0,1597775392.0,0,Made money,0,"John H. Stroger Jr. Hosp Of Cook Cty (Chicago, IL)",6,162,0.0403,0.0446
140125,Gateway Regional,Granite City,IL,Illinois,General hospital,For-profit,Urban,288.0,2022,-0.071,-7371499.0,103778104.0,1,1 year,1,"Gateway Regional (Granite City, IL)",5,8,0.0403,0.0446
140127,Carle  Bromenn Medical Center,Normal,IL,Illinois,General hospital,Nonprofit,Urban,206.0,2023,0.033,8201331.0,248317738.0,0,Made money,0,"Carle  Bromenn Medical Center (Normal, IL)",93,162,0.0403,0.0446
140130,Northwestern Lake Forest Hospital,Lake Forest,IL,Illinois,General hospital,Nonprofit,Urban,126.0,2023,-0.0031,-1801266.0,582934716.0,8,5+ years,4,"Northwestern Lake Forest Hospital (Lake Forest, IL)",112,162,0.0403,0.0446
140133,Holy Cross Hospital,Chicago,IL,Illinois,General hospital,Nonprofit,Urban,153.0,2023,-0.1301,-14205732.0,109209871.0,3,3-4 years,3,"Holy Cross Hospital (Chicago, IL)",146,162,0.0403,0.0446
140135,Decatur Memorial Hospital,Decatur,IL,Illinois,General hospital,Nonprofit,Urban,178.0,2023,-0.1909,-58632392.0,307135969.0,2,2 years,2,"Decatur Memorial Hospital (Decatur, IL)",152,162,0.0403,0.0446
140137,Greenville Regional Hospital,Greenville,IL,Illinois,General hospital,Nonprofit,Urban,28.0,2023,-0.0719,-1745422.0,24272657.0,3,3-4 years,3,"Greenville Regional Hospital (Greenville, IL)",134,162,0.0403,0.0446
140143,St. Margarets Health - Spring Valley,Spring Valley,IL,Illinois,General hospital,Nonprofit,Rural,44.0,2023,-0.1084,-7581521.0,69931021.0,3,3-4 years,3,"St. Margarets Health - Spring Valley (Spring Valley, IL)",141,162,0.0403,0.0446
140145,St. Josephs Hospital,Breese,IL,Illinois,General hospital,Nonprofit,Urban,46.0,2023,0.2944,24252842.0,82390676.0,0,Made money,0,"St. Josephs Hospital (Breese, IL)",7,162,0.0403,0.0446
140147,Richland Memorial Hospital,Olney,IL,Illinois,General hospital,Nonprofit,Rural,47.0,2023,-0.1454,-9976802.0,68631852.0,6,5+ years,4,"Richland Memorial Hospital (Olney, IL)",150,162,0.0403,0.0446
140148,Springfield Memorial Hospital,Springfield,IL,Illinois,General hospital,Nonprofit,Urban,407.0,2023,0.0044,3564942.0,802857116.0,0,Made money,0,"Springfield Memorial Hospital (Springfield, IL)",103,162,0.0403,0.0446
140150,Board Of Trustees Of The University,Chicago,IL,Illinois,General hospital,Government,Urban,401.0,2023,0.0374,56883964.0,1519672337.0,0,Made money,0,"Board Of Trustees Of The University (Chicago, IL)",90,162,0.0403,0.0446
140155,Presence St. Marys Hospital,Kankakee,IL,Illinois,General hospital,Nonprofit,Urban,169.0,2023,-0.0825,-12555141.0,152224285.0,2,2 years,2,"Presence St. Marys Hospital (Kankakee, IL)",136,162,0.0403,0.0446
140158,Insights Hospital And Medical Center,Chicago,IL,Illinois,General hospital,Nonprofit,Urban,52.0,2023,-0.3551,-40562891.0,114242856.0,1,1 year,1,"Insights Hospital And Medical Center (Chicago, IL)",160,162,0.0403,0.0446
140160,Fhn Memorial Hospital,Freeport,IL,Illinois,General hospital,Nonprofit,Rural,100.0,2023,0.1328,22376160.0,168452380.0,0,Made money,0,"Fhn Memorial Hospital (Freeport, IL)",42,162,0.0403,0.0446
140161,Saint James Hospital,Pontiac,IL,Illinois,General hospital,Nonprofit,Rural,42.0,2023,0.078,6387723.0,81868160.0,0,Made money,0,"Saint James Hospital (Pontiac, IL)",63,162,0.0403,0.0446
140162,St. Joseph Medical Center,Bloomington,IL,Illinois,General hospital,Nonprofit,Urban,124.0,2023,0.1425,33972489.0,238379111.0,0,Made money,0,"St. Joseph Medical Center (Bloomington, IL)",39,162,0.0403,0.0446
140164,Memorial Hospital Of Carbondale,Carbondale,IL,Illinois,General hospital,Nonprofit,Urban,175.0,2023,0.0259,10141778.0,391015557.0,0,Made money,0,"Memorial Hospital Of Carbondale (Carbondale, IL)",94,162,0.0403,0.0446
140166,St Marys Hospital,Decatur,IL,Illinois,General hospital,Nonprofit,Urban,131.0,2023,-0.2465,-30731742.0,124648764.0,3,3-4 years,3,"St Marys Hospital (Decatur, IL)",155,162,0.0403,0.0446
140167,Iroquois Memorial Hospital,Watseka,IL,Illinois,General hospital,Nonprofit,Rural,25.0,2022,0.0796,2950475.0,37088635.0,0,Made money,0,"Iroquois Memorial Hospital (Watseka, IL)",1,8,0.0403,0.0446
140172,Franciscan St. James Health,Olympia Fields,IL,Illinois,General hospital,Nonprofit,Urban,129.0,2023,-0.3379,-96188627.0,284660252.0,8,5+ years,4,"Franciscan St. James Health (Olympia Fields, IL)",158,162,0.0403,0.0446
140174,Presence Mercy Medical Center,Aurora,IL,Illinois,General hospital,Nonprofit,Urban,190.0,2023,0.0592,11212002.0,189508342.0,0,Made money,0,"Presence Mercy Medical Center (Aurora, IL)",76,162,0.0403,0.0446
140177,Jackson Park Hospital,Chicago,IL,Illinois,General hospital,Nonprofit,Urban,109.0,2023,-0.0309,-2639981.0,85531040.0,1,1 year,1,"Jackson Park Hospital (Chicago, IL)",123,162,0.0403,0.0446
140179,Little Company Of Mary,Evergreen Park,IL,Illinois,General hospital,Nonprofit,Urban,222.0,2023,-0.1718,-44258454.0,257690723.0,3,3-4 years,3,"Little Company Of Mary (Evergreen Park, IL)",151,162,0.0403,0.0446
140180,Presence Saints Mary & Elizabeth Med,Chicago,IL,Illinois,General hospital,Nonprofit,Urban,296.0,2023,0.0337,12840645.0,380515450.0,0,Made money,0,"Presence Saints Mary & Elizabeth Med (Chicago, IL)",91,162,0.0403,0.0446
140181,South Shore Hospital Corporation,Chicago,IL,Illinois,General hospital,Nonprofit,Urban,122.0,2023,-0.0086,-420840.0,49201130.0,1,1 year,1,"South Shore Hospital Corporation (Chicago, IL)",115,162,0.0403,0.0446
140182,Advocate North Side Health Network,Chicago,IL,Illinois,General hospital,Nonprofit,Urban,237.0,2023,0.2329,196278247.0,842579034.0,0,Made money,0,"Advocate North Side Health Network (Chicago, IL)",21,162,0.0403,0.0446
140184,Heartland Regional Medical Center,Marion,IL,Illinois,General hospital,Nonprofit,Urban,94.0,2021,0.1805,17689635.0,98002190.0,0,Made money,0,"Heartland Regional Medical Center (Marion, IL)",2,3,0.0403,0.0446
140185,Memorial Hospital,Belleville,IL,Illinois,General hospital,Nonprofit,Urban,300.0,2023,-0.1402,-58017651.0,413866746.0,8,5+ years,4,"Memorial Hospital (Belleville, IL)",149,162,0.0403,0.0446
140186,Riverside Medical Center,Kankakee,IL,Illinois,General hospital,Nonprofit,Urban,256.0,2023,0.1172,56497505.0,481993127.0,0,Made money,0,"Riverside Medical Center (Kankakee, IL)",46,162,0.0403,0.0446
140187,St. Elizabeth Hospital,Ofallon,IL,Illinois,General hospital,Nonprofit,Urban,144.0,2023,0.0053,1611181.0,306766801.0,0,Made money,0,"St. Elizabeth Hospital (Ofallon, IL)",102,162,0.0403,0.0446
140189,Sarah Bush Lincoln Health Center,Mattoon,IL,Illinois,General hospital,Nonprofit,Rural,100.0,2023,0.1031,67559612.0,655106767.0,0,Made money,0,"Sarah Bush Lincoln Health Center (Mattoon, IL)",52,162,0.0403,0.0446
140191,Ingalls Memorial Hospital,Harvey,IL,Illinois,General hospital,Nonprofit,Urban,165.0,2023,0.0677,27641843.0,408061114.0,0,Made money,0,"Ingalls Memorial Hospital (Harvey, IL)",70,162,0.0403,0.0446
140197,Methodist Hospital Of Chicago,Chicago,IL,Illinois,General hospital,Nonprofit,Urban,141.0,2023,0.3256,11637690.0,35740136.0,0,Made money,0,"Methodist Hospital Of Chicago (Chicago, IL)",4,162,0.0403,0.0446
140200,Elmhurst Memorial Hospital,Elmhurst,IL,Illinois,General hospital,Nonprofit,Urban,258.0,2023,0.2553,162916013.0,638076140.0,0,Made money,0,"Elmhurst Memorial Hospital (Elmhurst, IL)",12,162,0.0403,0.0446
140202,Condell Medical Center,Libertyville,IL,Illinois,General hospital,Nonprofit,Urban,257.0,2023,0.1058,46208603.0,436880799.0,0,Made money,0,"Condell Medical Center (Libertyville, IL)",49,162,0.0403,0.0446
140206,Norwegian American Hospital,Chicago,IL,Illinois,General hospital,Nonprofit,Urban,173.0,2023,0.0628,9548685.0,152053048.0,0,Made money,0,"Norwegian American Hospital (Chicago, IL)",73,162,0.0403,0.0446
140208,Advocate Christ Hospital,Oak Lawn,IL,Illinois,General hospital,Nonprofit,Urban,725.0,2023,0.0955,144893201.0,1517181849.0,0,Made money,0,"Advocate Christ Hospital (Oak Lawn, IL)",56,162,0.0403,0.0446
140209,Methodist Medical Ctr Of Illinois,Peoria,IL,Illinois,General hospital,Nonprofit,Urban,203.0,2023,-0.1216,-66029819.0,542822534.0,2,2 years,2,"Methodist Medical Ctr Of Illinois (Peoria, IL)",145,162,0.0403,0.0446
140210,Harrisburg Medical Center  Inc.,Harrisburg,IL,Illinois,General hospital,Nonprofit,Rural,40.0,2023,-0.2444,-11888590.0,48638197.0,2,2 years,2,"Harrisburg Medical Center  Inc. (Harrisburg, IL)",154,162,0.0403,0.0446
140211,Delnor-Community Hospital,Geneva,IL,Illinois,General hospital,Nonprofit,Urban,145.0,2023,0.1044,51674599.0,495179919.0,0,Made money,0,"Delnor-Community Hospital (Geneva, IL)",50,162,0.0403,0.0446
140213,Silver Cross Hospital,New Lenox,IL,Illinois,General hospital,Nonprofit,Urban,320.0,2023,0.0474,25771414.0,543290099.0,0,Made money,0,"Silver Cross Hospital (New Lenox, IL)",79,162,0.0403,0.0446
140217,Presence Saint Joseph Hospital Elgin,Elgin,IL,Illinois,General hospital,Nonprofit,Urban,144.0,2023,-0.1115,-15837307.0,142051880.0,6,5+ years,4,"Presence Saint Joseph Hospital Elgin (Elgin, IL)",143,162,0.0403,0.0446
140223,Advocate Lutheran General Hospital,Park Ridge,IL,Illinois,General hospital,Nonprofit,Urban,562.0,2023,0.1887,229150167.0,1214609137.0,0,Made money,0,"Advocate Lutheran General Hospital (Park Ridge, IL)",29,162,0.0403,0.0446
140224,Presence Saint Joseph Hosp-Chicago,Chicago,IL,Illinois,General hospital,Nonprofit,Urban,231.0,2023,-0.2071,-42487420.0,205146558.0,7,5+ years,4,"Presence Saint Joseph Hosp-Chicago (Chicago, IL)",153,162,0.0403,0.0446
140228,Swedishamerican Hospital,Rockford,IL,Illinois,General hospital,Nonprofit,Urban,323.0,2023,0.0908,82302865.0,906094492.0,0,Made money,0,"Swedishamerican Hospital (Rockford, IL)",58,162,0.0403,0.0446
140231,Edward Hospital,Naperville,IL,Illinois,General hospital,Nonprofit,Urban,294.0,2023,0.2526,212562351.0,841522285.0,0,Made money,0,"Edward Hospital (Naperville, IL)",14,162,0.0403,0.0446
140233,Saint Anthony Medical Center,Rockford,IL,Illinois,General hospital,Nonprofit,Urban,230.0,2023,0.0615,27077184.0,440146386.0,0,Made money,0,"Saint Anthony Medical Center (Rockford, IL)",74,162,0.0403,0.0446
140234,St. Margarets Health - Peru,Peru,IL,Illinois,General hospital,Nonprofit,Rural,49.0,2023,-0.9107,-20073694.0,22042721.0,2,2 years,2,"St. Margarets Health - Peru (Peru, IL)",162,162,0.0403,0.0446
140239,Javon Bea Hospital,Rockford,IL,Illinois,General hospital,Nonprofit,Urban,178.0,2023,0.0989,38827390.0,392461616.0,0,Made money,0,"Javon Bea Hospital (Rockford, IL)",55,162,0.0403,0.0446
140242,Central Dupage Hospital,Winfield,IL,Illinois,General hospital,Nonprofit,Urban,342.0,2023,0.1854,266157567.0,1435444711.0,0,Made money,0,"Central Dupage Hospital (Winfield, IL)",30,162,0.0403,0.0446
140251,Community First Medical Center,Chicago,IL,Illinois,General hospital,For-profit,Urban,213.0,2023,-0.0762,-7388333.0,96938794.0,6,5+ years,4,"Community First Medical Center (Chicago, IL)",135,162,0.0403,0.0446
140252,Northwest Community Hospital,Arlington Heights,IL,Illinois,General hospital,Nonprofit,Urban,424.0,2023,0.0707,43839509.0,619706953.0,0,Made money,0,"Northwest Community Hospital (Arlington Heights, IL)",69,162,0.0403,0.0446
140258,Alexian Brothers Medical Center,Elk Grove Village,IL,Illinois,General hospital,Nonprofit,Urban,282.0,2023,-0.0604,-29090749.0,481278815.0,3,3-4 years,3,"Alexian Brothers Medical Center (Elk Grove Village, IL)",131,162,0.0403,0.0446
140275,Genesis Medical Center - Silvis,Silvis,IL,Illinois,General hospital,Nonprofit,Urban,145.0,2023,0.0388,4252232.0,109694722.0,0,Made money,0,"Genesis Medical Center - Silvis (Silvis, IL)",85,162,0.0403,0.0446
140276,Loyola University Medical Center,Maywood,IL,Illinois,General hospital,Nonprofit,Urban,516.0,2023,0.002,3193414.0,1599466287.0,0,Made money,0,"Loyola University Medical Center (Maywood, IL)",105,162,0.0403,0.0446
140280,Trinity Rock Island,Rock Island,IL,Illinois,General hospital,Nonprofit,Urban,249.0,2023,0.0401,14928929.0,372094240.0,0,Made money,0,"Trinity Rock Island (Rock Island, IL)",82,162,0.0403,0.0446
140281,Northwestern Memorial Hospital,Chicago,IL,Illinois,General hospital,Nonprofit,Urban,944.0,2023,0.0896,296290011.0,3305096449.0,0,Made money,0,"Northwestern Memorial Hospital (Chicago, IL)",59,162,0.0403,0.0446
140286,Kishwaukee Community Hospital,Dekalb,IL,Illinois,General hospital,Nonprofit,Urban,98.0,2023,0.2926,115831858.0,395864375.0,0,Made money,0,"Kishwaukee Community Hospital (Dekalb, IL)",8,162,0.0403,0.0446
140288,Advocate Good Samaritan Hospital,Downers Grove,IL,Illinois,General hospital,Nonprofit,Urban,293.0,2023,0.1615,77549981.0,480301928.0,0,Made money,0,"Advocate Good Samaritan Hospital (Downers Grove, IL)",36,162,0.0403,0.0446
140289,Anderson Hospital,Maryville,IL,Illinois,General hospital,Nonprofit,Urban,144.0,2023,0.1341,27033671.0,201567132.0,0,Made money,0,"Anderson Hospital (Maryville, IL)",41,162,0.0403,0.0446
140290,St. Alexius Medical Center,Hoffman Estates,IL,Illinois,General hospital,Nonprofit,Urban,313.0,2023,-0.1076,-40638945.0,377691024.0,2,2 years,2,"St. Alexius Medical Center (Hoffman Estates, IL)",140,162,0.0403,0.0446
140291,Good Shepherd Hospital,Barrington,IL,Illinois,General hospital,Nonprofit,Urban,176.0,2023,0.1929,74523276.0,386283437.0,0,Made money,0,"Good Shepherd Hospital (Barrington, IL)",27,162,0.0403,0.0446
140292,Ucm Adventhealth Glenoaks,Glendale Heights,IL,Illinois,General hospital,Nonprofit,Urban,122.0,2023,-0.0098,-1225295.0,124880990.0,2,2 years,2,"Ucm Adventhealth Glenoaks (Glendale Heights, IL)",117,162,0.0403,0.0446
140294,Crossroads Community Hospital,Mt Vernon,IL,Illinois,General hospital,Nonprofit,Rural,47.0,2022,-0.2236,-12353717.0,55238438.0,1,1 year,1,"Crossroads Community Hospital (Mt Vernon, IL)",6,8,0.0403,0.0446
140300,Provident Hospital,Chicago,IL,Illinois,General hospital,Government,Urban,31.0,2023,-0.5087,-28719384.0,56459620.0,1,1 year,1,"Provident Hospital (Chicago, IL)",161,162,0.0403,0.0446
140304,Ucm Adventhealth Bolingbrook,Bolingbrook,IL,Illinois,General hospital,Nonprofit,Urban,110.0,2023,0.0383,9366146.0,244742523.0,0,Made money,0,"Ucm Adventhealth Bolingbrook (Bolingbrook, IL)",86,162,0.0403,0.0446
140308,Mercy Crystal Lake Hosp And Med Ctr,Crystal Lake,IL,Illinois,General hospital,Nonprofit,Urban,13.0,2023,-0.0984,-3114613.0,31643828.0,1,1 year,1,"Mercy Crystal Lake Hosp And Med Ctr (Crystal Lake, IL)",139,162,0.0403,0.0446
141300,Thomas H Boyd Critical Acc Hospital,Carrollton,IL,Illinois,Critical access hospital (small rural),Nonprofit,Rural,25.0,2023,-0.0882,-1395682.0,15815331.0,1,1 year,1,"Thomas H Boyd Critical Acc Hospital (Carrollton, IL)",137,162,0.0403,0.0446
141301,Kirby Hospital,Monticello,IL,Illinois,Critical access hospital (small rural),Nonprofit,Urban,16.0,2023,0.1733,14224787.0,82101117.0,0,Made money,0,"Kirby Hospital (Monticello, IL)",32,162,0.0403,0.0446
141302,Midwest Medical Center,Galena,IL,Illinois,Critical access hospital (small rural),Nonprofit,Rural,25.0,2023,0.0406,1536160.0,37845101.0,0,Made money,0,"Midwest Medical Center (Galena, IL)",81,162,0.0403,0.0446
141303,Warner Hospital And Health Services,Clinton,IL,Illinois,Critical access hospital (small rural),Government,Rural,15.0,2023,0.0991,2408200.0,24293331.0,0,Made money,0,"Warner Hospital And Health Services (Clinton, IL)",54,162,0.0403,0.0446
141304,Genesis Medical Center - Aledo,Aledo,IL,Illinois,Critical access hospital (small rural),Nonprofit,Urban,22.0,2023,0.0712,1419391.0,19946930.0,0,Made money,0,"Genesis Medical Center - Aledo (Aledo, IL)",67,162,0.0403,0.0446
141305,Memorial Hospital Association,Carthage,IL,Illinois,Critical access hospital (small rural),Nonprofit,Rural,18.0,2023,0.0515,2620277.0,50830374.0,0,Made money,0,"Memorial Hospital Association (Carthage, IL)",77,162,0.0403,0.0446
141306,Community Hospital Of Staunton,Staunton,IL,Illinois,Critical access hospital (small rural),Nonprofit,Urban,25.0,2023,0.1264,2972283.0,23513106.0,0,Made money,0,"Community Hospital Of Staunton (Staunton, IL)",44,162,0.0403,0.0446
141307,Pinckneyville Community Hospital,Pinckneyville,IL,Illinois,Critical access hospital (small rural),Government,Rural,20.0,2023,0.0756,3483241.0,46082349.0,0,Made money,0,"Pinckneyville Community Hospital (Pinckneyville, IL)",65,162,0.0403,0.0446
141308,Washington County Hospital,Nashville,IL,Illinois,Critical access hospital (small rural),Government,Rural,22.0,2023,0.2378,5311043.0,22331510.0,0,Made money,0,"Washington County Hospital (Nashville, IL)",19,162,0.0403,0.0446
141309,Carle Eureka Hospital,Eureka,IL,Illinois,Critical access hospital (small rural),Nonprofit,Urban,25.0,2023,0.0594,1773287.0,29843967.0,0,Made money,0,"Carle Eureka Hospital (Eureka, IL)",75,162,0.0403,0.0446
141310,Mendota Community Hospital,Mendota,IL,Illinois,Critical access hospital (small rural),Nonprofit,Rural,25.0,2023,0.1032,4332153.0,41973507.0,0,Made money,0,"Mendota Community Hospital (Mendota, IL)",51,162,0.0403,0.0446
141311,Fairfield Memorial Hospital,Fairfield,IL,Illinois,Critical access hospital (small rural),Nonprofit,Rural,25.0,2023,-0.1093,-5311316.0,48587953.0,2,2 years,2,"Fairfield Memorial Hospital (Fairfield, IL)",142,162,0.0403,0.0446
141312,Rochelle Community Hospital,Rochelle,IL,Illinois,Critical access hospital (small rural),Nonprofit,Rural,17.0,2023,0.1161,6199377.0,53418322.0,0,Made money,0,"Rochelle Community Hospital (Rochelle, IL)",47,162,0.0403,0.0446
141313,Mason District Hospital,Havana,IL,Illinois,Critical access hospital (small rural),Government,Rural,25.0,2023,0.0176,589106.0,33519303.0,0,Made money,0,"Mason District Hospital (Havana, IL)",96,162,0.0403,0.0446
141315,Bcc Dba Illini Community Hospital,Pittsfield,IL,Illinois,Critical access hospital (small rural),Nonprofit,Rural,25.0,2023,0.1209,4748826.0,39282683.0,0,Made money,0,"Bcc Dba Illini Community Hospital (Pittsfield, IL)",45,162,0.0403,0.0446
141316,Hoopeston Community Memorial Hospita,Hoopseton,IL,Illinois,Critical access hospital (small rural),Nonprofit,Urban,22.0,2023,0.0071,534323.0,75622110.0,0,Made money,0,"Hoopeston Community Memorial Hospita (Hoopseton, IL)",100,162,0.0403,0.0446
141317,Gibson Area Hospital And Health Svcs,Gibson City,IL,Illinois,Critical access hospital (small rural),Nonprofit,Rural,25.0,2023,0.0096,1506765.0,156362508.0,0,Made money,0,"Gibson Area Hospital And Health Svcs (Gibson City, IL)",99,162,0.0403,0.0446
141318,Osf Holy Family Med Ctr,Monmouth,IL,Illinois,Critical access hospital (small rural),Nonprofit,Rural,15.0,2023,0.3487,18048667.0,51757494.0,0,Made money,0,"Osf Holy Family Med Ctr (Monmouth, IL)",3,162,0.0403,0.0446
141319,Hammond-Henry Hospital,Geneseo,IL,Illinois,Critical access hospital (small rural),Government,Urban,23.0,2023,0.0824,5117280.0,62069411.0,0,Made money,0,"Hammond-Henry Hospital (Geneseo, IL)",61,162,0.0403,0.0446
141320,Paris Community Hospital,Paris,IL,Illinois,Critical access hospital (small rural),Nonprofit,Rural,25.0,2023,-0.0096,-1211596.0,125823676.0,1,1 year,1,"Paris Community Hospital (Paris, IL)",116,162,0.0403,0.0446
141321,Franklin Hospital,Benton,IL,Illinois,Critical access hospital (small rural),Government,Rural,16.0,2023,0.0156,472177.0,30260108.0,0,Made money,0,"Franklin Hospital (Benton, IL)",97,162,0.0403,0.0446
141322,Lincoln Memorial Hospital,Lincoln,IL,Illinois,Critical access hospital (small rural),Nonprofit,Rural,25.0,2023,0.3256,26346866.0,80919414.0,0,Made money,0,"Lincoln Memorial Hospital (Lincoln, IL)",4,162,0.0403,0.0446
141323,Massac Memorial Hospital,Metropolis,IL,Illinois,Critical access hospital (small rural),Government,Rural,25.0,2023,0.0065,223533.0,34280512.0,0,Made money,0,"Massac Memorial Hospital (Metropolis, IL)",101,162,0.0403,0.0446
141324,Ferrell Hospital,El Dorado,IL,Illinois,Critical access hospital (small rural),Nonprofit,Rural,25.0,2023,-0.0055,-319683.0,58565051.0,2,2 years,2,"Ferrell Hospital (El Dorado, IL)",113,162,0.0403,0.0446
141325,Osf Saint Luke Medical Center,Kewanee,IL,Illinois,Critical access hospital (small rural),Nonprofit,Urban,25.0,2023,0.1941,9410247.0,48479463.0,0,Made money,0,"Osf Saint Luke Medical Center (Kewanee, IL)",26,162,0.0403,0.0446
141326,Hamilton Memorial Hospital,Mcleansboro,IL,Illinois,Critical access hospital (small rural),Government,Rural,25.0,2023,-0.0302,-643415.0,21329049.0,1,1 year,1,"Hamilton Memorial Hospital (Mcleansboro, IL)",122,162,0.0403,0.0446
141327,Wabash General Hospital District,Mt. Carmel,IL,Illinois,Critical access hospital (small rural),Government,Rural,25.0,2023,0.1014,9072482.0,89501774.0,0,Made money,0,"Wabash General Hospital District (Mt. Carmel, IL)",53,162,0.0403,0.0446
141328,Hardin County General Hospital,Rosiclare,IL,Illinois,Critical access hospital (small rural),Nonprofit,Rural,25.0,2023,-0.0437,-666979.0,15254056.0,2,2 years,2,"Hardin County General Hospital (Rosiclare, IL)",126,162,0.0403,0.0446
141329,Morrison Community Hospital,Morrison,IL,Illinois,Critical access hospital (small rural),Government,Rural,25.0,2023,0.2395,14116419.0,58941285.0,0,Made money,0,"Morrison Community Hospital (Morrison, IL)",18,162,0.0403,0.0446
141330,Hopedale Medical Complex,Hopedale,IL,Illinois,Critical access hospital (small rural),Nonprofit,Urban,25.0,2023,0.1731,8488831.0,49040306.0,0,Made money,0,"Hopedale Medical Complex (Hopedale, IL)",33,162,0.0403,0.0446
141331,Marshall Browning Hospital,Duquoin,IL,Illinois,Critical access hospital (small rural),Nonprofit,Rural,25.0,2023,0.0399,1519540.0,38094278.0,0,Made money,0,"Marshall Browning Hospital (Duquoin, IL)",84,162,0.0403,0.0446
141332,Hillsboro Area Hospital,Hillsboro,IL,Illinois,Critical access hospital (small rural),Nonprofit,Rural,25.0,2023,0.1284,5433038.0,42305397.0,0,Made money,0,"Hillsboro Area Hospital (Hillsboro, IL)",43,162,0.0403,0.0446
141333,Sarah D Culbertson,Rushville,IL,Illinois,Critical access hospital (small rural),Government,Rural,22.0,2023,0.1483,4402943.0,29697331.0,0,Made money,0,"Sarah D Culbertson (Rushville, IL)",37,162,0.0403,0.0446
141334,Saint Joseph Memorial Hospital,Murphysboro,IL,Illinois,Critical access hospital (small rural),Nonprofit,Urban,25.0,2023,0.0811,7186824.0,88588298.0,0,Made money,0,"Saint Joseph Memorial Hospital (Murphysboro, IL)",62,162,0.0403,0.0446
141335,Harvard Memorial Hospital,Harvard,IL,Illinois,Critical access hospital (small rural),Nonprofit,Urban,13.0,2023,0.0709,1962386.0,27683184.0,0,Made money,0,"Harvard Memorial Hospital (Harvard, IL)",68,162,0.0403,0.0446
141336,St. Josephs Hospital-Highland Il,Highland,IL,Illinois,Critical access hospital (small rural),Nonprofit,Urban,25.0,2023,0.1916,10331407.0,53912462.0,0,Made money,0,"St. Josephs Hospital-Highland Il (Highland, IL)",28,162,0.0403,0.0446
141337,Osf Saint Clare Medical Center,Princeton,IL,Illinois,Critical access hospital (small rural),Nonprofit,Rural,25.0,2023,0.2333,13113164.0,56197455.0,0,Made money,0,"Osf Saint Clare Medical Center (Princeton, IL)",20,162,0.0403,0.0446
141338,Memorial Hospital,Chester,IL,Illinois,Critical access hospital (small rural),Government,Rural,25.0,2023,0.0337,1257073.0,37263220.0,0,Made money,0,"Memorial Hospital (Chester, IL)",91,162,0.0403,0.0446
141339,Taylorville Memorial Hospital,Taylorville,IL,Illinois,Critical access hospital (small rural),Nonprofit,Rural,25.0,2023,0.244,17251166.0,70711016.0,0,Made money,0,"Taylorville Memorial Hospital (Taylorville, IL)",16,162,0.0403,0.0446
141340,Valley West Community Hospital,Sandwich,IL,Illinois,Critical access hospital (small rural),Nonprofit,Urban,19.0,2023,0.2542,16545943.0,65086259.0,0,Made money,0,"Valley West Community Hospital (Sandwich, IL)",13,162,0.0403,0.0446
141341,Pana Community Hospital,Pana,IL,Illinois,Critical access hospital (small rural),Nonprofit,Rural,22.0,2023,0.1445,6168031.0,42676305.0,0,Made money,0,"Pana Community Hospital (Pana, IL)",38,162,0.0403,0.0446
141342,Union County Hospital District,Anna,IL,Illinois,Critical access hospital (small rural),Nonprofit,Rural,25.0,2022,-0.3666,-10265451.0,28002293.0,3,3-4 years,3,"Union County Hospital District (Anna, IL)",8,8,0.0403,0.0446
141343,Crawford Memorial Hospital,Robinson,IL,Illinois,Critical access hospital (small rural),Government,Rural,25.0,2023,0.0738,5852987.0,79290160.0,0,Made money,0,"Crawford Memorial Hospital (Robinson, IL)",66,162,0.0403,0.0446
150018,Elkhart General Hospital,Elkhart,IN,Indiana,General hospital,Nonprofit,Urban,202.0,2023,0.1271,44513000.0,350285000.0,0,Made money,0,"Elkhart General Hospital (Elkhart, IN)",38,115,0.0521,0.0446
141344,Lawrence County Memorial Hospital,Lawrenceville,IL,Illinois,Critical access hospital (small rural),Nonprofit,Rural,25.0,2023,0.0034,105260.0,31414120.0,0,Made money,0,"Lawrence County Memorial Hospital (Lawrenceville, IL)",104,162,0.0403,0.0446
141345,Salem Township Hospital,Salem,IL,Illinois,Critical access hospital (small rural),Government,Rural,25.0,2023,0.2558,15144528.0,59199168.0,0,Made money,0,"Salem Township Hospital (Salem, IL)",11,162,0.0403,0.0446
141346,Fayette County Hospital,Vandalia,IL,Illinois,Critical access hospital (small rural),Nonprofit,Rural,25.0,2023,-0.003,-132229.0,44168018.0,2,2 years,2,"Fayette County Hospital (Vandalia, IL)",110,162,0.0403,0.0446
141347,Carlinville Area Hospital,Carlinville,IL,Illinois,Critical access hospital (small rural),Nonprofit,Urban,25.0,2023,0.0001,5566.0,53010273.0,0,Made money,0,"Carlinville Area Hospital (Carlinville, IL)",106,162,0.0403,0.0446
141348,Red Bud Regional Hospital,Red Bud,IL,Illinois,Critical access hospital (small rural),Nonprofit,Rural,25.0,2021,0.0053,189525.0,35687109.0,0,Made money,0,"Red Bud Regional Hospital (Red Bud, IL)",3,3,0.0403,0.0446
141349,Sparta Community Hospital,Sparta,IL,Illinois,Critical access hospital (small rural),Government,Rural,25.0,2023,0.0637,3167013.0,49725260.0,0,Made money,0,"Sparta Community Hospital (Sparta, IL)",72,162,0.0403,0.0446
141350,St. Francis Hospital,Litchfield,IL,Illinois,Critical access hospital (small rural),Nonprofit,Rural,25.0,2023,0.2223,14193211.0,63858408.0,0,Made money,0,"St. Francis Hospital (Litchfield, IL)",22,162,0.0403,0.0446
141351,Clay County Hospital,Flora,IL,Illinois,Critical access hospital (small rural),Government,Rural,20.0,2023,0.2486,11708378.0,47103389.0,0,Made money,0,"Clay County Hospital (Flora, IL)",15,162,0.0403,0.0446
141352,Jacksonville Memorial Hospital,Jacksonville,IL,Illinois,Critical access hospital (small rural),Nonprofit,Rural,25.0,2023,0.242,37933719.0,156750949.0,0,Made money,0,"Jacksonville Memorial Hospital (Jacksonville, IL) #141352",17,162,0.0403,0.0446
141354,Hshs Good Shepherd Hospital,Shelbyville,IL,Illinois,Critical access hospital (small rural),Nonprofit,Rural,25.0,2023,0.0915,1575580.0,17214624.0,0,Made money,0,"Hshs Good Shepherd Hospital (Shelbyville, IL) #141354",57,162,0.0403,0.0446
150001,Johnson Memorial Hospital,Franklin,IN,Indiana,General hospital,Government,Urban,58.0,2023,-0.4296,-32576697.0,75834005.0,1,1 year,1,"Johnson Memorial Hospital (Franklin, IN)",115,115,0.0521,0.0446
150002,Methodist Hospitals  Inc,Gary,IN,Indiana,General hospital,Nonprofit,Urban,405.0,2023,-0.0224,-9643242.0,430832488.0,2,2 years,2,"Methodist Hospitals  Inc (Gary, IN)",87,115,0.0521,0.0446
150004,Franciscan Health Hammond,Hammond,IN,Indiana,General hospital,Nonprofit,Urban,10.0,2022,0.0004,47613.0,122724849.0,0,Made money,0,"Franciscan Health Hammond (Hammond, IN)",1,2,0.0521,0.0446
150005,Hendricks Regional Health,Danville,IN,Indiana,General hospital,Government,Urban,130.0,2023,0.0493,24424949.0,495089646.0,0,Made money,0,"Hendricks Regional Health (Danville, IN)",60,115,0.0521,0.0446
150006,Laporte Hospital,Laporte,IN,Indiana,General hospital,For-profit,Urban,84.0,2023,0.1502,27324112.0,181893600.0,0,Made money,0,"Laporte Hospital (Laporte, IN)",35,115,0.0521,0.0446
150007,Community Howard Regional Health,Kokomo,IN,Indiana,General hospital,Nonprofit,Urban,107.0,2023,0.1517,33466459.0,220551038.0,0,Made money,0,"Community Howard Regional Health (Kokomo, IN)",32,115,0.0521,0.0446
150008,St. Catherine Hospital,East Chicago,IN,Indiana,General hospital,Nonprofit,Urban,122.0,2023,0.0433,7855644.0,181424540.0,0,Made money,0,"St. Catherine Hospital (East Chicago, IN)",68,115,0.0521,0.0446
150009,Clark Memorial Hospital,Jeffersonville,IN,Indiana,General hospital,For-profit,Urban,153.0,2023,-0.2308,-39160116.0,169656947.0,3,3-4 years,3,"Clark Memorial Hospital (Jeffersonville, IN)",112,115,0.0521,0.0446
150010,Ascension St. Vincent Kokomo,Kokomo,IN,Indiana,General hospital,Nonprofit,Urban,111.0,2023,0.0628,10467744.0,166639011.0,0,Made money,0,"Ascension St. Vincent Kokomo (Kokomo, IN)",54,115,0.0521,0.0446
150011,Marion General Hospital,Marion,IN,Indiana,General hospital,Nonprofit,Rural,95.0,2023,0.0407,9232526.0,226654562.0,0,Made money,0,"Marion General Hospital (Marion, IN)",70,115,0.0521,0.0446
150012,St. Josephs Reg Med Center S. Bend,Mishawaka,IN,Indiana,General hospital,Nonprofit,Urban,253.0,2023,-0.0245,-9147880.0,374051009.0,3,3-4 years,3,"St. Josephs Reg Med Center S. Bend (Mishawaka, IN)",89,115,0.0521,0.0446
150015,Franciscan Health Michigan City,Michigan City,IN,Indiana,General hospital,Nonprofit,Urban,133.0,2023,0.0666,23745332.0,356509160.0,0,Made money,0,"Franciscan Health Michigan City (Michigan City, IN)",52,115,0.0521,0.0446
150017,Lutheran Hospital Of Indiana,Ft Wayne,IN,Indiana,General hospital,For-profit,Urban,353.0,2023,0.0639,36341767.0,568621169.0,0,Made money,0,"Lutheran Hospital Of Indiana (Ft Wayne, IN)",53,115,0.0521,0.0446
150021,Parkview Hospital,Fort Wayne,IN,Indiana,General hospital,Nonprofit,Urban,784.0,2023,0.0452,87392371.0,1933183020.0,0,Made money,0,"Parkview Hospital (Fort Wayne, IN)",65,115,0.0521,0.0446
150022,Franciscan Health Crawfordsville,Crawfordsville,IN,Indiana,General hospital,Nonprofit,Rural,29.0,2023,0.0278,1560581.0,56229794.0,0,Made money,0,"Franciscan Health Crawfordsville (Crawfordsville, IN)",76,115,0.0521,0.0446
150023,Union Hospital  Inc.,Terre Haute,IN,Indiana,General hospital,Nonprofit,Urban,260.0,2023,0.1506,105603363.0,701124233.0,0,Made money,0,"Union Hospital  Inc. (Terre Haute, IN)",34,115,0.0521,0.0446
150024,Eskenazi Health,Indianapolis,IN,Indiana,General hospital,Government,Urban,314.0,2023,-0.0991,-86125445.0,869051059.0,2,2 years,2,"Eskenazi Health (Indianapolis, IN)",103,115,0.0521,0.0446
150026,Goshen Hospital,Goshen,IN,Indiana,General hospital,Nonprofit,Urban,105.0,2023,-0.052,-14335823.0,275719005.0,2,2 years,2,"Goshen Hospital (Goshen, IN)",96,115,0.0521,0.0446
150030,Henry County Memorial Hospital,New Castle,IN,Indiana,General hospital,Government,Rural,48.0,2023,0.0235,3558165.0,151263739.0,0,Made money,0,"Henry County Memorial Hospital (New Castle, IN)",78,115,0.0521,0.0446
150034,St. Mary Medical Center  Inc.,Hobart,IN,Indiana,General hospital,Nonprofit,Urban,180.0,2023,0.1062,36422246.0,342935170.0,0,Made money,0,"St. Mary Medical Center  Inc. (Hobart, IN)",44,115,0.0521,0.0446
150035,Porter Regional Hospital,Valparaiso,IN,Indiana,General hospital,For-profit,Urban,198.0,2023,0.1076,41620579.0,386831951.0,0,Made money,0,"Porter Regional Hospital (Valparaiso, IN)",43,115,0.0521,0.0446
150037,Hancock Regional Hospital,Greenfield,IN,Indiana,General hospital,Government,Urban,113.0,2023,0.0455,9363059.0,205875354.0,0,Made money,0,"Hancock Regional Hospital (Greenfield, IN)",64,115,0.0521,0.0446
150042,Good Samaritan Hospital,Vincennes,IN,Indiana,General hospital,Government,Rural,99.0,2023,-0.0058,-1584746.0,271498678.0,2,2 years,2,"Good Samaritan Hospital (Vincennes, IN)",86,115,0.0521,0.0446
150044,Baptist Health Floyd,New Albany,IN,Indiana,General hospital,Nonprofit,Urban,254.0,2023,-0.1211,-49698915.0,410471993.0,6,5+ years,4,"Baptist Health Floyd (New Albany, IN)",105,115,0.0521,0.0446
150045,Parkview - Dekalb Health,Auburn,IN,Indiana,General hospital,Nonprofit,Rural,48.0,2023,0.0446,3299458.0,73983091.0,0,Made money,0,"Parkview - Dekalb Health (Auburn, IN)",66,115,0.0521,0.0446
150046,Terre Haute Regional,Terre Haute,IN,Indiana,General hospital,For-profit,Urban,141.0,2023,0.2909,33074772.0,113703359.0,0,Made money,0,"Terre Haute Regional (Terre Haute, IN)",6,115,0.0521,0.0446
150047,Lutheran Downtown Hospital,Fort Wayne,IN,Indiana,General hospital,For-profit,Urban,60.0,2023,-0.1675,-9146615.0,54611850.0,8,5+ years,4,"Lutheran Downtown Hospital (Fort Wayne, IN)",110,115,0.0521,0.0446
150048,Reid Hospital & Health Care Services,Richmond,IN,Indiana,General hospital,Nonprofit,Rural,183.0,2023,0.3829,216438187.0,565198306.0,0,Made money,0,"Reid Hospital & Health Care Services (Richmond, IN)",1,115,0.0521,0.0446
150051,Iu Health Bloomington Hospital,Bloomington,IN,Indiana,General hospital,Nonprofit,Urban,190.0,2023,0.2105,131146117.0,622949642.0,0,Made money,0,"Iu Health Bloomington Hospital (Bloomington, IN)",19,115,0.0521,0.0446
150056,Indiana University Health,Indianapolis,IN,Indiana,General hospital,Nonprofit,Urban,1274.0,2023,0.2026,1333517864.0,6583120138.0,0,Made money,0,"Indiana University Health (Indianapolis, IN)",21,115,0.0521,0.0446
150057,Franciscan Health Mooresville,Mooresville,IN,Indiana,General hospital,Nonprofit,Urban,80.0,2023,0.2658,42971310.0,161676796.0,0,Made money,0,"Franciscan Health Mooresville (Mooresville, IN)",8,115,0.0521,0.0446
150058,Memorial Hospital Of South Bend  Inc,South Bend,IN,Indiana,General hospital,Nonprofit,Urban,429.0,2023,0.1972,139873142.0,709260758.0,0,Made money,0,"Memorial Hospital Of South Bend  Inc (South Bend, IN)",23,115,0.0521,0.0446
150059,Riverview Hospital,Noblesville,IN,Indiana,General hospital,Government,Urban,121.0,2023,-0.0867,-23535995.0,271542969.0,6,5+ years,4,"Riverview Hospital (Noblesville, IN)",100,115,0.0521,0.0446
150061,Daviess Community Hospital,Washington,IN,Indiana,General hospital,Government,Rural,42.0,2023,-0.0492,-3359238.0,68215351.0,13,5+ years,4,"Daviess Community Hospital (Washington, IN)",95,115,0.0521,0.0446
150065,Schneck Medical Center,Seymour,IN,Indiana,General hospital,Government,Rural,52.0,2023,0.1158,26148667.0,225727839.0,0,Made money,0,"Schneck Medical Center (Seymour, IN)",40,115,0.0521,0.0446
150069,Kings Daughters Hospital,Madison,IN,Indiana,General hospital,Nonprofit,Rural,70.0,2023,-0.0341,-5388566.0,158023451.0,2,2 years,2,"Kings Daughters Hospital (Madison, IN)",92,115,0.0521,0.0446
150072,Memorial Hospital Logansport,Logansport,IN,Indiana,General hospital,Government,Rural,37.0,2023,-0.0907,-9980942.0,110101463.0,4,3-4 years,3,"Memorial Hospital Logansport (Logansport, IN)",101,115,0.0521,0.0446
150074,Community Health Network  Inc.,Indianapolis,IN,Indiana,General hospital,Nonprofit,Urban,385.0,2023,0.2239,331108639.0,1478796296.0,0,Made money,0,"Community Health Network  Inc. (Indianapolis, IN)",15,115,0.0521,0.0446
150075,Bluffton Regional Medical Center,Bluffton,IN,Indiana,General hospital,For-profit,Rural,45.0,2023,-0.024,-975555.0,40708390.0,1,1 year,1,"Bluffton Regional Medical Center (Bluffton, IN)",88,115,0.0521,0.0446
150076,St. Josephs Reg Med Center Plymouth,Plymouth,IN,Indiana,General hospital,Nonprofit,Rural,45.0,2023,0.003,161837.0,53195306.0,0,Made money,0,"St. Josephs Reg Med Center Plymouth (Plymouth, IN)",83,115,0.0521,0.0446
150082,Deaconess Hospital,Evansville,IN,Indiana,General hospital,Nonprofit,Urban,545.0,2023,0.1696,238933761.0,1408494276.0,0,Made money,0,"Deaconess Hospital (Evansville, IN)",28,115,0.0521,0.0446
150084,Ascension St. Vincent Hospital,Indianapolis,IN,Indiana,General hospital,Nonprofit,Urban,751.0,2023,0.05,75397624.0,1506571578.0,0,Made money,0,"Ascension St. Vincent Hospital (Indianapolis, IN)",59,115,0.0521,0.0446
150086,St Elizabeth Dearborn,Lawrenceburg,IN,Indiana,General hospital,Nonprofit,Urban,50.0,2023,0.0241,2358455.0,97847456.0,0,Made money,0,"St Elizabeth Dearborn (Lawrenceburg, IN)",77,115,0.0521,0.0446
150088,Ascension St. Vincent Anderson,Anderson,IN,Indiana,General hospital,Nonprofit,Urban,136.0,2023,-0.1161,-19871761.0,171093543.0,1,1 year,1,"Ascension St. Vincent Anderson (Anderson, IN)",104,115,0.0521,0.0446
150089,Ball Memorial Hospital,Muncie,IN,Indiana,General hospital,Nonprofit,Urban,301.0,2023,0.1033,59807369.0,578733814.0,0,Made money,0,"Ball Memorial Hospital (Muncie, IN)",46,115,0.0521,0.0446
150090,Franciscan Health- Dyer,Dyer,IN,Indiana,General hospital,Nonprofit,Urban,166.0,2023,0.1104,26327912.0,238373125.0,0,Made money,0,"Franciscan Health- Dyer (Dyer, IN)",41,115,0.0521,0.0446
150091,Huntington Memorial Hospital,Huntington,IN,Indiana,General hospital,Nonprofit,Rural,36.0,2023,0.1395,11454039.0,82133976.0,0,Made money,0,"Huntington Memorial Hospital (Huntington, IN)",36,115,0.0521,0.0446
150097,Major Hospital,Shelbyville,IN,Indiana,General hospital,Government,Urban,46.0,2023,0.2129,50523016.0,237322691.0,0,Made money,0,"Major Hospital (Shelbyville, IN)",17,115,0.0521,0.0446
150100,Ascension St. Vincent Evansville,Evansville,IN,Indiana,General hospital,Nonprofit,Urban,314.0,2023,0.0522,35877980.0,687880098.0,0,Made money,0,"Ascension St. Vincent Evansville (Evansville, IN)",57,115,0.0521,0.0446
150101,Whitley Memorial Hospital,Columbia City,IN,Indiana,General hospital,Nonprofit,Urban,30.0,2023,0.1541,16939239.0,109903922.0,0,Made money,0,"Whitley Memorial Hospital (Columbia City, IN)",31,115,0.0521,0.0446
150102,Starke Memorial Hospital,Knox,IN,Indiana,General hospital,For-profit,Rural,15.0,2023,0.2172,3841123.0,17684713.0,0,Made money,0,"Starke Memorial Hospital (Knox, IN)",16,115,0.0521,0.0446
150104,Witham Memorial Hospital,Lebanon,IN,Indiana,General hospital,Government,Urban,50.0,2023,0.0044,802049.0,181538291.0,0,Made money,0,"Witham Memorial Hospital (Lebanon, IN)",82,115,0.0521,0.0446
150109,Franciscan Health Lafayette,Lafayette,IN,Indiana,General hospital,Nonprofit,Urban,177.0,2023,0.0305,11959252.0,391908895.0,0,Made money,0,"Franciscan Health Lafayette (Lafayette, IN)",72,115,0.0521,0.0446
150112,Columbus Regional Hospital,Columbus,IN,Indiana,General hospital,Government,Urban,213.0,2023,0.0705,29683975.0,421314842.0,0,Made money,0,"Columbus Regional Hospital (Columbus, IN)",51,115,0.0521,0.0446
150113,Community Hospital Anderson,Anderson,IN,Indiana,General hospital,Nonprofit,Urban,117.0,2023,0.0975,24195003.0,248270857.0,0,Made money,0,"Community Hospital Anderson (Anderson, IN)",48,115,0.0521,0.0446
150115,Memorial Hosp & Health Care Ctr,Jasper,IN,Indiana,General hospital,Nonprofit,Rural,96.0,2023,0.3371,98745004.0,292957710.0,0,Made money,0,"Memorial Hosp & Health Care Ctr (Jasper, IN)",3,115,0.0521,0.0446
150125,Community Hospital,Munster,IN,Indiana,General hospital,Nonprofit,Urban,405.0,2023,0.0926,62206917.0,671755087.0,0,Made money,0,"Community Hospital (Munster, IN)",49,115,0.0521,0.0446
150126,Franciscan Health Crown Point,Crown Point,IN,Indiana,General hospital,Nonprofit,Urban,172.0,2023,0.1084,37199872.0,343298494.0,0,Made money,0,"Franciscan Health Crown Point (Crown Point, IN)",42,115,0.0521,0.0446
150128,Community Hospital South,Indianapolis,IN,Indiana,General hospital,Nonprofit,Urban,169.0,2023,0.1327,43923967.0,331057283.0,0,Made money,0,"Community Hospital South (Indianapolis, IN)",37,115,0.0521,0.0446
150133,Kosciusko Community Hospital,Warsaw,IN,Indiana,General hospital,For-profit,Rural,72.0,2023,0.2303,32517687.0,141199410.0,0,Made money,0,"Kosciusko Community Hospital (Warsaw, IN)",12,115,0.0521,0.0446
150146,Community Hospital Of Noble Cty  Inc,Kendallville,IN,Indiana,General hospital,Nonprofit,Rural,31.0,2023,0.1006,7566993.0,75197525.0,0,Made money,0,"Community Hospital Of Noble Cty  Inc (Kendallville, IN)",47,115,0.0521,0.0446
150149,Deaconess Womens Hospital,Newburgh,IN,Indiana,General hospital,For-profit,Urban,74.0,2023,0.1207,17059510.0,141288924.0,0,Made money,0,"Deaconess Womens Hospital (Newburgh, IN)",39,115,0.0521,0.0446
150150,Dupont Hospital,Fort Wayne,IN,Indiana,General hospital,For-profit,Urban,131.0,2023,0.1861,42260672.0,227067480.0,0,Made money,0,"Dupont Hospital (Fort Wayne, IN)",24,115,0.0521,0.0446
150153,St. Vincent Heart Center,Indianapolis,IN,Indiana,General hospital,For-profit,Urban,107.0,2023,0.2117,35110589.0,165824836.0,0,Made money,0,"St. Vincent Heart Center (Indianapolis, IN)",18,115,0.0521,0.0446
150157,Ascension St. Vincent Carmel,Carmel,IN,Indiana,General hospital,Nonprofit,Urban,124.0,2023,0.2794,77492613.0,277329160.0,0,Made money,0,"Ascension St. Vincent Carmel (Carmel, IN)",7,115,0.0521,0.0446
150158,Iu Health West Hospital,Avon,IN,Indiana,General hospital,Nonprofit,Urban,173.0,2023,0.2288,82362778.0,360034413.0,0,Made money,0,"Iu Health West Hospital (Avon, IN)",13,115,0.0521,0.0446
150160,Indiana Orthopaedic Hospital Llc,Indianapolis,IN,Indiana,General hospital,For-profit,Urban,38.0,2023,0.3035,66096411.0,217783756.0,0,Made money,0,"Indiana Orthopaedic Hospital Llc (Indianapolis, IN)",5,115,0.0521,0.0446
150161,Iu Health North Hospital,Carmel,IN,Indiana,General hospital,Nonprofit,Urban,153.0,2023,0.3155,148652333.0,471103440.0,0,Made money,0,"Iu Health North Hospital (Carmel, IN)",4,115,0.0521,0.0446
150162,Franciscan Health Indianapolis,Indianapolis,IN,Indiana,General hospital,Nonprofit,Urban,410.0,2023,0.0844,86936331.0,1030007014.0,0,Made money,0,"Franciscan Health Indianapolis (Indianapolis, IN)",50,115,0.0521,0.0446
150165,Franciscan Health Munster,Munster,IN,Indiana,General hospital,Nonprofit,Urban,78.0,2023,-0.0425,-6651472.0,156534912.0,2,2 years,2,"Franciscan Health Munster (Munster, IN)",93,115,0.0521,0.0446
150166,Pinnacle Hospital,Crown Point,IN,Indiana,General hospital,For-profit,Urban,18.0,2023,-0.0564,-2914961.0,51721275.0,1,1 year,1,"Pinnacle Hospital (Crown Point, IN)",98,115,0.0521,0.0446
150167,Orthopaedic Hospt.At Parkview,Fort Wayne,IN,Indiana,General hospital,For-profit,Urban,37.0,2023,0.3734,70887466.0,189868197.0,0,Made money,0,"Orthopaedic Hospt.At Parkview (Fort Wayne, IN)",2,115,0.0521,0.0446
150168,Lutheran Musculoskeletal Center,Fort Wayne,IN,Indiana,General hospital,For-profit,Urban,38.0,2023,0.2553,50128751.0,196369230.0,0,Made money,0,"Lutheran Musculoskeletal Center (Fort Wayne, IN)",9,115,0.0521,0.0446
150169,Community Hospital Of Indiana  Inc.,Indianapolis,IN,Indiana,General hospital,Nonprofit,Urban,340.0,2023,0.1737,101689192.0,585483186.0,0,Made money,0,"Community Hospital Of Indiana  Inc. (Indianapolis, IN)",27,115,0.0521,0.0446
150172,Physicians Medical Center,New Albany,IN,Indiana,General hospital,For-profit,Urban,10.0,2023,0.1838,10902361.0,59327878.0,0,Made money,0,"Physicians Medical Center (New Albany, IN)",25,115,0.0521,0.0446
150173,Iu Health Arnett Hospital,Lafayette,IN,Indiana,General hospital,Nonprofit,Urban,192.0,2023,0.2492,116075726.0,465725335.0,0,Made money,0,"Iu Health Arnett Hospital (Lafayette, IN)",10,115,0.0521,0.0446
150177,Unity Physicians Hospital,Mishawaka,IN,Indiana,General hospital,For-profit,Urban,29.0,2023,0.0301,2000641.0,66435556.0,0,Made money,0,"Unity Physicians Hospital (Mishawaka, IN)",73,115,0.0521,0.0446
150179,Fairbanks,Indianapolis,IN,Indiana,General hospital,Nonprofit,Urban,52.0,2023,-0.0018,-42612.0,23868023.0,3,3-4 years,3,"Fairbanks (Indianapolis, IN)",84,115,0.0521,0.0446
150181,Ascension St. Vincent Fishers,Fishers,IN,Indiana,General hospital,Nonprofit,Urban,46.0,2023,0.1799,14349554.0,79771014.0,0,Made money,0,"Ascension St. Vincent Fishers (Fishers, IN)",26,115,0.0521,0.0446
150183,Monroe Hospital,Bloomington,IN,Indiana,General hospital,For-profit,Urban,32.0,2023,-0.3365,-10617111.0,31554772.0,8,5+ years,4,"Monroe Hospital (Bloomington, IN)",114,115,0.0521,0.0446
150191,Franciscan Beacon Hospital,Laporte,IN,Indiana,General hospital,Nonprofit,Urban,8.0,2023,-0.252,-2264572.0,8986011.0,2,2 years,2,"Franciscan Beacon Hospital (Laporte, IN)",113,115,0.0521,0.0446
150193,Franciscan Health Orthopedic Carmel,Carmel,IN,Indiana,General hospital,Nonprofit,Urban,20.0,2023,-0.1263,-5288106.0,41871829.0,1,1 year,1,"Franciscan Health Orthopedic Carmel (Carmel, IN)",106,115,0.0521,0.0446
151300,Community Hospital Of Bremen  Inc.,Bremen,IN,Indiana,Critical access hospital (small rural),Government,Rural,24.0,2023,-0.0033,-88724.0,26611340.0,5,5+ years,4,"Community Hospital Of Bremen  Inc. (Bremen, IN)",85,115,0.0521,0.0446
151301,Ascension St. Vincent Randolph,Winchester,IN,Indiana,Critical access hospital (small rural),Nonprofit,Rural,25.0,2023,0.2316,7393656.0,31921357.0,0,Made money,0,"Ascension St. Vincent Randolph (Winchester, IN)",11,115,0.0521,0.0446
151302,Iu Health Blackford Hospital,Hartford City,IN,Indiana,Critical access hospital (small rural),Nonprofit,Rural,15.0,2022,-0.131,-3214139.0,24540394.0,1,1 year,1,"Iu Health Blackford Hospital (Hartford City, IN)",2,2,0.0521,0.0446
151303,Ascension St. Vincent Jennings,North Vernon,IN,Indiana,Critical access hospital (small rural),Nonprofit,Rural,17.0,2023,0.2087,5067925.0,24288029.0,0,Made money,0,"Ascension St. Vincent Jennings (North Vernon, IN)",20,115,0.0521,0.0446
151304,Rush Memorial Hospital,Rushville,IN,Indiana,Critical access hospital (small rural),Government,Rural,25.0,2023,-0.033,-1702278.0,51526629.0,1,1 year,1,"Rush Memorial Hospital (Rushville, IN)",91,115,0.0521,0.0446
151305,Pulaski Memorial Hospital,Winamac,IN,Indiana,Critical access hospital (small rural),Nonprofit,Rural,25.0,2023,0.0488,2181043.0,44652942.0,0,Made money,0,"Pulaski Memorial Hospital (Winamac, IN)",61,115,0.0521,0.0446
151306,Iu Health Paoli Hospital,Paoli,IN,Indiana,Critical access hospital (small rural),Nonprofit,Rural,24.0,2023,0.0521,1854881.0,35611429.0,0,Made money,0,"Iu Health Paoli Hospital (Paoli, IN)",58,115,0.0521,0.0446
151307,Ascension St. Vincent Williamsport,Williamsport,IN,Indiana,Critical access hospital (small rural),Nonprofit,Urban,16.0,2023,0.1663,4975792.0,29924663.0,0,Made money,0,"Ascension St. Vincent Williamsport (Williamsport, IN)",29,115,0.0521,0.0446
151308,Ascension St. Vincent Mercy,Elwood,IN,Indiana,Critical access hospital (small rural),Nonprofit,Urban,18.0,2023,0.0122,313442.0,25709630.0,0,Made money,0,"Ascension St. Vincent Mercy (Elwood, IN)",80,115,0.0521,0.0446
151309,Ascension St. Vincent Clay,Brazil,IN,Indiana,Critical access hospital (small rural),Nonprofit,Urban,25.0,2023,0.0225,442861.0,19648598.0,0,Made money,0,"Ascension St. Vincent Clay (Brazil, IN)",79,115,0.0521,0.0446
151310,Parkview Wabash Hospital  Inc.,Wabash,IN,Indiana,Critical access hospital (small rural),Nonprofit,Rural,18.0,2023,0.0488,3344950.0,68476179.0,0,Made money,0,"Parkview Wabash Hospital  Inc. (Wabash, IN)",61,115,0.0521,0.0446
151311,Iu Health Tipton Hospital,Tipton,IN,Indiana,Critical access hospital (small rural),Nonprofit,Rural,25.0,2023,0.0573,2576007.0,44945043.0,0,Made money,0,"Iu Health Tipton Hospital (Tipton, IN)",56,115,0.0521,0.0446
151312,Iu Health White Hospital,Monticello,IN,Indiana,Critical access hospital (small rural),Nonprofit,Rural,24.0,2023,0.1606,8286451.0,51612244.0,0,Made money,0,"Iu Health White Hospital (Monticello, IN)",30,115,0.0521,0.0446
151313,Woodlawn Hospital,Rochester,IN,Indiana,Critical access hospital (small rural),Government,Rural,25.0,2023,0.044,2916791.0,66235001.0,0,Made money,0,"Woodlawn Hospital (Rochester, IN)",67,115,0.0521,0.0446
151314,Ascension St Vincent Salem,Salem,IN,Indiana,Critical access hospital (small rural),Nonprofit,Urban,25.0,2023,0.0288,574923.0,19984221.0,0,Made money,0,"Ascension St Vincent Salem (Salem, IN)",75,115,0.0521,0.0446
151315,Cameron Memorial Community Hospital,Angola,IN,Indiana,Critical access hospital (small rural),Nonprofit,Rural,25.0,2023,0.0603,6338538.0,105173720.0,0,Made money,0,"Cameron Memorial Community Hospital (Angola, IN)",55,115,0.0521,0.0446
151316,Iu Health Frankfort Hospital,Frankfort,IN,Indiana,Critical access hospital (small rural),Nonprofit,Rural,12.0,2023,-0.169,-4133359.0,24452384.0,1,1 year,1,"Iu Health Frankfort Hospital (Frankfort, IN)",111,115,0.0521,0.0446
151317,Greene County General Hospital,Linton,IN,Indiana,Critical access hospital (small rural),Government,Rural,25.0,2023,-0.0275,-1676038.0,60921163.0,2,2 years,2,"Greene County General Hospital (Linton, IN)",90,115,0.0521,0.0446
151318,Dukes Memorial Hospital,Peru,IN,Indiana,Critical access hospital (small rural),For-profit,Rural,25.0,2023,-0.0429,-1717366.0,40022636.0,1,1 year,1,"Dukes Memorial Hospital (Peru, IN)",94,115,0.0521,0.0446
151319,Deaconess Gibson,Princeton,IN,Indiana,Critical access hospital (small rural),Nonprofit,Rural,25.0,2023,0.2025,10849035.0,53564350.0,0,Made money,0,"Deaconess Gibson (Princeton, IN)",22,115,0.0521,0.0446
151320,Iu Health Jay Hospital,Portland,IN,Indiana,Critical access hospital (small rural),Nonprofit,Rural,21.0,2023,-0.1605,-5803710.0,36170497.0,5,5+ years,4,"Iu Health Jay Hospital (Portland, IN)",109,115,0.0521,0.0446
151322,Perry County Hospital,Tell City,IN,Indiana,Critical access hospital (small rural),Government,Rural,25.0,2023,0.0297,1581623.0,53342125.0,0,Made money,0,"Perry County Hospital (Tell City, IN)",74,115,0.0521,0.0446
151323,Parkview Lagrange Hospital,Lagrange,IN,Indiana,Critical access hospital (small rural),Nonprofit,Rural,25.0,2023,0.0473,1989735.0,42041718.0,0,Made money,0,"Parkview Lagrange Hospital (Lagrange, IN)",63,115,0.0521,0.0446
151324,Franciscan Health Rensselaer,Rensselaer,IN,Indiana,Critical access hospital (small rural),Nonprofit,Urban,25.0,2023,0.0046,175115.0,37933145.0,0,Made money,0,"Franciscan Health Rensselaer (Rensselaer, IN)",81,115,0.0521,0.0446
151325,Ascension St. Vincent Warrick,Booneville,IN,Indiana,Critical access hospital (small rural),Nonprofit,Urban,25.0,2023,-0.0537,-1084904.0,20191896.0,8,5+ years,4,"Ascension St. Vincent Warrick (Booneville, IN)",97,115,0.0521,0.0446
151326,Union Hospital Clinton,Clinton,IN,Indiana,Critical access hospital (small rural),Nonprofit,Urban,25.0,2023,0.151,4687419.0,31032887.0,0,Made money,0,"Union Hospital Clinton (Clinton, IN)",33,115,0.0521,0.0446
151327,Sullivan County Community Hospital,Sullivan,IN,Indiana,Critical access hospital (small rural),Government,Urban,25.0,2023,0.041,2423108.0,59135034.0,0,Made money,0,"Sullivan County Community Hospital (Sullivan, IN)",69,115,0.0521,0.0446
151328,Indiana University Health Bedford,Bedford,IN,Indiana,Critical access hospital (small rural),Nonprofit,Rural,25.0,2023,0.2242,24044000.0,107253949.0,0,Made money,0,"Indiana University Health Bedford (Bedford, IN)",14,115,0.0521,0.0446
151329,Margaret Mary Community Hospital,Batesville,IN,Indiana,Critical access hospital (small rural),Nonprofit,Rural,25.0,2023,0.1041,14754374.0,141720972.0,0,Made money,0,"Margaret Mary Community Hospital (Batesville, IN)",45,115,0.0521,0.0446
151330,Adams Memorial Hospital,Decatur,IN,Indiana,Critical access hospital (small rural),Government,Rural,25.0,2023,-0.0944,-8094543.0,85743134.0,9,5+ years,4,"Adams Memorial Hospital (Decatur, IN)",102,115,0.0521,0.0446
151331,Harrison County Hospital,Corydon,IN,Indiana,Critical access hospital (small rural),Government,Urban,25.0,2023,-0.0615,-3814321.0,61975498.0,9,5+ years,4,"Harrison County Hospital (Corydon, IN)",99,115,0.0521,0.0446
151332,Decatur Co. Memorial Hospital,Greensburg,IN,Indiana,Critical access hospital (small rural),Government,Rural,25.0,2023,0.0374,3674110.0,98193386.0,0,Made money,0,"Decatur Co. Memorial Hospital (Greensburg, IN)",71,115,0.0521,0.0446
151333,Putnam County Hospital,Greencastle,IN,Indiana,Critical access hospital (small rural),Government,Urban,25.0,2023,-0.1385,-8607312.0,62136066.0,2,2 years,2,"Putnam County Hospital (Greencastle, IN)",107,115,0.0521,0.0446
151334,Scott Memorial Hospital,Scottsburg,IN,Indiana,Critical access hospital (small rural),Nonprofit,Rural,25.0,2023,-0.1448,-2861928.0,19764812.0,1,1 year,1,"Scott Memorial Hospital (Scottsburg, IN)",108,115,0.0521,0.0446
151335,Ascension St. Vincent Dunn,Bedford,IN,Indiana,Critical access hospital (small rural),Nonprofit,Rural,25.0,2021,0.054,1403935.0,25988913.0,0,Made money,0,"Ascension St. Vincent Dunn (Bedford, IN)",1,1,0.0521,0.0446
160001,Unitypoint Health-Marshalltown,Marshalltown,IA,Iowa,General hospital,Nonprofit,Rural,16.0,2023,0.0258,1956283.0,75737721.0,0,Made money,0,"Unitypoint Health-Marshalltown (Marshalltown, IA)",90,110,0.0952,0.0446
160005,St. Anthony Regional Hospital,Carroll,IA,Iowa,General hospital,Nonprofit,Rural,49.0,2022,-0.0073,-737626.0,101303463.0,2,2 years,2,"St. Anthony Regional Hospital (Carroll, IA)",2,3,0.0952,0.0446
160008,Keokuk Area Hospital,Keokuk,IA,Iowa,General hospital,Nonprofit,Rural,49.0,2021,0.0104,177430.0,17045389.0,0,Made money,0,"Keokuk Area Hospital (Keokuk, IA)",1,1,0.0952,0.0446
160013,Trinity Muscatine,Muscatine,IA,Iowa,General hospital,Nonprofit,Rural,15.0,2023,0.1869,12892340.0,68977294.0,0,Made money,0,"Trinity Muscatine (Muscatine, IA)",12,110,0.0952,0.0446
160016,Trinity Regional Medical Center,Fort Dodge,IA,Iowa,General hospital,Nonprofit,Rural,44.0,2023,0.098,18231038.0,186100993.0,0,Made money,0,"Trinity Regional Medical Center (Fort Dodge, IA)",53,110,0.0952,0.0446
160028,Chi Health Mercy Council Bluffs,Council Bluffs,IA,Iowa,General hospital,Nonprofit,Urban,141.0,2023,-0.0464,-5576696.0,120248325.0,3,3-4 years,3,"Chi Health Mercy Council Bluffs (Council Bluffs, IA)",102,110,0.0952,0.0446
160029,University Of Iowa Health Care Medic,Iowa City,IA,Iowa,General hospital,Nonprofit,Urban,211.0,2022,-0.2006,-31093011.0,154999344.0,2,2 years,2,"University Of Iowa Health Care Medic (Iowa City, IA) #160029",3,3,0.0952,0.0446
160030,Mary Greeley Medical Center,Ames,IA,Iowa,General hospital,Government,Urban,150.0,2023,0.1287,36037278.0,279958264.0,0,Made money,0,"Mary Greeley Medical Center (Ames, IA)",33,110,0.0952,0.0446
160032,Mercyone - Newton Medical Center,Newton,IA,Iowa,General hospital,Nonprofit,Urban,48.0,2023,-0.0408,-1592565.0,39049920.0,12,5+ years,4,"Mercyone - Newton Medical Center (Newton, IA)",101,110,0.0952,0.0446
160033,Genesis Medical Center - Davenport,Davenport,IA,Iowa,General hospital,Nonprofit,Urban,266.0,2023,0.1827,96072457.0,525809719.0,0,Made money,0,"Genesis Medical Center - Davenport (Davenport, IA)",14,110,0.0952,0.0446
160040,Mercyone Cedar Falls Medical Center,Cedar Falls,IA,Iowa,General hospital,Nonprofit,Urban,35.0,2023,0.1621,6743384.0,41593989.0,0,Made money,0,"Mercyone Cedar Falls Medical Center (Cedar Falls, IA)",17,110,0.0952,0.0446
160045,St. Lukes Methodist Hospital,Cedar Rapids,IA,Iowa,General hospital,Nonprofit,Urban,280.0,2023,0.1008,47945744.0,475687036.0,0,Made money,0,"St. Lukes Methodist Hospital (Cedar Rapids, IA)",50,110,0.0952,0.0446
160047,Jennie Edmundson Memorial,Council Bluffs,IA,Iowa,General hospital,Nonprofit,Urban,127.0,2023,0.1036,15909000.0,153566299.0,0,Made money,0,"Jennie Edmundson Memorial (Council Bluffs, IA)",48,110,0.0952,0.0446
160057,Southeast Iowa Regional Medical Ctr,West Burlington,IA,Iowa,General hospital,Nonprofit,Rural,174.0,2023,-0.0272,-10651819.0,391331437.0,3,3-4 years,3,"Southeast Iowa Regional Medical Ctr (West Burlington, IA)",99,110,0.0952,0.0446
160058,University Of Iowa Health Care Medic,Iowa City,IA,Iowa,General hospital,Government,Urban,740.0,2023,0.1725,545592371.0,3162913789.0,0,Made money,0,"University Of Iowa Health Care Medic (Iowa City, IA) #160058",15,110,0.0952,0.0446
160064,Mercyone North Iowa Medical Center,Mason City,IA,Iowa,General hospital,Nonprofit,Rural,199.0,2023,0.0261,13653518.0,522623757.0,0,Made money,0,"Mercyone North Iowa Medical Center (Mason City, IA)",88,110,0.0952,0.0446
160067,Mercyone Waterloo Medical Center,Waterloo,IA,Iowa,General hospital,Nonprofit,Urban,137.0,2023,-0.163,-56185235.0,344648495.0,3,3-4 years,3,"Mercyone Waterloo Medical Center (Waterloo, IA)",107,110,0.0952,0.0446
160069,Mercyone Dubuque Medical Center,Dubuque,IA,Iowa,General hospital,Nonprofit,Urban,142.0,2023,0.0613,12527494.0,204453661.0,0,Made money,0,"Mercyone Dubuque Medical Center (Dubuque, IA)",75,110,0.0952,0.0446
160079,Mercy Medical Center,Cedar Rapids,IA,Iowa,General hospital,Nonprofit,Urban,216.0,2023,0.0224,10970000.0,489066550.0,0,Made money,0,"Mercy Medical Center (Cedar Rapids, IA)",91,110,0.0952,0.0446
160080,Mercyone Clinton Medical Center,Clinton,IA,Iowa,General hospital,Nonprofit,Rural,107.0,2023,-0.0383,-4979200.0,129962429.0,3,3-4 years,3,"Mercyone Clinton Medical Center (Clinton, IA)",100,110,0.0952,0.0446
160082,Iowa Methodist Medical Center,Des Moines,IA,Iowa,General hospital,Nonprofit,Urban,577.0,2023,0.2409,262021666.0,1087878947.0,0,Made money,0,"Iowa Methodist Medical Center (Des Moines, IA)",7,110,0.0952,0.0446
160083,Mercy Medical Center-Des Moines,Des Moines,IA,Iowa,General hospital,Nonprofit,Urban,519.0,2023,-0.0741,-81848422.0,1104872955.0,1,1 year,1,"Mercy Medical Center-Des Moines (Des Moines, IA)",104,110,0.0952,0.0446
160089,Ottumwa Regional Health Center,Ottumwa,IA,Iowa,General hospital,For-profit,Rural,76.0,2023,-0.1931,-16132114.0,83557529.0,3,3-4 years,3,"Ottumwa Regional Health Center (Ottumwa, IA)",108,110,0.0952,0.0446
160101,Broadlawns Medical Center,Des Moines,IA,Iowa,General hospital,Government,Urban,113.0,2023,0.1082,33232779.0,307253613.0,0,Made money,0,"Broadlawns Medical Center (Des Moines, IA)",45,110,0.0952,0.0446
160104,Trinity Bettendorf,Bettendorf,IA,Iowa,General hospital,Nonprofit,Urban,81.0,2023,0.026,2494854.0,95938410.0,0,Made money,0,"Trinity Bettendorf (Bettendorf, IA)",89,110,0.0952,0.0446
160110,Allen Memorial Hospital,Waterloo,IA,Iowa,General hospital,Nonprofit,Urban,189.0,2023,0.1078,40627930.0,376784661.0,0,Made money,0,"Allen Memorial Hospital (Waterloo, IA)",46,110,0.0952,0.0446
160112,Spencer Municipal Hospital,Spencer,IA,Iowa,General hospital,Government,Rural,49.0,2023,0.0452,5763223.0,127478812.0,0,Made money,0,"Spencer Municipal Hospital (Spencer, IA)",82,110,0.0952,0.0446
160117,The Finley Hospital,Dubuque,IA,Iowa,General hospital,Nonprofit,Urban,66.0,2023,0.067,10180003.0,151959679.0,0,Made money,0,"The Finley Hospital (Dubuque, IA)",73,110,0.0952,0.0446
160124,Lakes Regional Healthcare,Spirit Lake,IA,Iowa,General hospital,Government,Rural,44.0,2023,0.0735,5163513.0,70259317.0,0,Made money,0,"Lakes Regional Healthcare (Spirit Lake, IA)",70,110,0.0952,0.0446
160146,St. Lukes Regl Medical Center,Sioux City,IA,Iowa,General hospital,Nonprofit,Urban,179.0,2023,0.0148,3305854.0,223634255.0,0,Made money,0,"St. Lukes Regl Medical Center (Sioux City, IA)",93,110,0.0952,0.0446
160147,Grinnell Regional Medical Center,Grinnell,IA,Iowa,General hospital,Nonprofit,Rural,34.0,2023,0.0027,176474.0,66204407.0,0,Made money,0,"Grinnell Regional Medical Center (Grinnell, IA)",96,110,0.0952,0.0446
160153,Mercyone Siouxland Medical Center,Sioux City,IA,Iowa,General hospital,Nonprofit,Urban,121.0,2023,-0.215,-38862572.0,180734494.0,9,5+ years,4,"Mercyone Siouxland Medical Center (Sioux City, IA)",109,110,0.0952,0.0446
161300,Mercyone Primghar Medical Center,Primghar,IA,Iowa,Critical access hospital (small rural),Nonprofit,Rural,14.0,2023,-0.0096,-64873.0,6763170.0,3,3-4 years,3,"Mercyone Primghar Medical Center (Primghar, IA)",97,110,0.0952,0.0446
161301,Iowa Specialty Hospital - Belmond,Belmond,IA,Iowa,Critical access hospital (small rural),Government,Rural,22.0,2023,0.0798,4568162.0,57214286.0,0,Made money,0,"Iowa Specialty Hospital - Belmond (Belmond, IA)",67,110,0.0952,0.0446
161302,Iowa Specialty Hospital - Clarion,Clarion,IA,Iowa,Critical access hospital (small rural),Government,Rural,25.0,2023,0.11,10386672.0,94455483.0,0,Made money,0,"Iowa Specialty Hospital - Clarion (Clarion, IA)",42,110,0.0952,0.0446
161303,Grundy County Mem. Hospital,Grundy Center,IA,Iowa,Critical access hospital (small rural),Government,Urban,25.0,2023,0.1375,4875513.0,35457045.0,0,Made money,0,"Grundy County Mem. Hospital (Grundy Center, IA)",30,110,0.0952,0.0446
161304,Chi Health Mercy Corning,Corning,IA,Iowa,Critical access hospital (small rural),Nonprofit,Rural,22.0,2023,0.11,2918090.0,26531585.0,0,Made money,0,"Chi Health Mercy Corning (Corning, IA)",42,110,0.0952,0.0446
161305,Pocahontas Community Hospital,Pocahontas,IA,Iowa,Critical access hospital (small rural),Government,Rural,25.0,2023,0.0587,1023681.0,17442601.0,0,Made money,0,"Pocahontas Community Hospital (Pocahontas, IA)",77,110,0.0952,0.0446
161306,Jones Regional Medical Ctr,Anamosa,IA,Iowa,Critical access hospital (small rural),Nonprofit,Urban,9.0,2023,0.2334,13280239.0,56909130.0,0,Made money,0,"Jones Regional Medical Ctr (Anamosa, IA)",9,110,0.0952,0.0446
161307,Hancock County Health System,Britt,IA,Iowa,Critical access hospital (small rural),Government,Rural,25.0,2023,0.0964,3507785.0,36403767.0,0,Made money,0,"Hancock County Health System (Britt, IA)",54,110,0.0952,0.0446
161308,Franklin General Hospital,Hampton,IA,Iowa,Critical access hospital (small rural),Government,Rural,25.0,2023,0.0885,2756589.0,31130860.0,0,Made money,0,"Franklin General Hospital (Hampton, IA)",60,110,0.0952,0.0446
161309,Chi Health - Missouri Valley,Missouri Valley,IA,Iowa,Critical access hospital (small rural),Nonprofit,Urban,25.0,2023,0.1593,6618382.0,41558521.0,0,Made money,0,"Chi Health - Missouri Valley (Missouri Valley, IA)",19,110,0.0952,0.0446
161310,Adair County Memorial Hospital,Greenfield,IA,Iowa,Critical access hospital (small rural),Government,Rural,25.0,2023,0.2585,6629096.0,25644347.0,0,Made money,0,"Adair County Memorial Hospital (Greenfield, IA)",4,110,0.0952,0.0446
161311,Hawarden Regional Healthcare,Hawarden,IA,Iowa,Critical access hospital (small rural),Government,Rural,25.0,2023,-0.096,-1833989.0,19101340.0,1,1 year,1,"Hawarden Regional Healthcare (Hawarden, IA)",105,110,0.0952,0.0446
161312,Guttenberg Municipal Hospital,Guttenberg,IA,Iowa,Critical access hospital (small rural),Government,Rural,25.0,2023,0.0311,878986.0,28264528.0,0,Made money,0,"Guttenberg Municipal Hospital (Guttenberg, IA)",87,110,0.0952,0.0446
161313,Genesis Medical Center - Dewitt,Dewitt,IA,Iowa,Critical access hospital (small rural),Nonprofit,Rural,13.0,2023,0.234,8137798.0,34770121.0,0,Made money,0,"Genesis Medical Center - Dewitt (Dewitt, IA)",8,110,0.0952,0.0446
161314,Guthrie County Hospital,Guthrie Center,IA,Iowa,Critical access hospital (small rural),Government,Urban,25.0,2023,0.0916,2404647.0,26240763.0,0,Made money,0,"Guthrie County Hospital (Guthrie Center, IA)",58,110,0.0952,0.0446
161315,Keokuk County Health Center,Sigourney,IA,Iowa,Critical access hospital (small rural),Government,Rural,25.0,2023,0.0143,236096.0,16497271.0,0,Made money,0,"Keokuk County Health Center (Sigourney, IA)",94,110,0.0952,0.0446
161316,Palmer Lutheran Health Center,West Union,IA,Iowa,Critical access hospital (small rural),Nonprofit,Rural,25.0,2022,0.0493,1907842.0,38736026.0,0,Made money,0,"Palmer Lutheran Health Center (West Union, IA)",1,3,0.0952,0.0446
161317,Compass Memorial Healthcare,Marengo,IA,Iowa,Critical access hospital (small rural),Government,Rural,25.0,2023,0.1151,5878370.0,51092422.0,0,Made money,0,"Compass Memorial Healthcare (Marengo, IA)",38,110,0.0952,0.0446
161318,Veterans Memorial Hospital,Waukon,IA,Iowa,Critical access hospital (small rural),Government,Rural,25.0,2023,0.041,1121016.0,27373861.0,0,Made money,0,"Veterans Memorial Hospital (Waukon, IA)",84,110,0.0952,0.0446
161319,Mercyone Elkader Medical Center,Elkader,IA,Iowa,Critical access hospital (small rural),Nonprofit,Rural,15.0,2023,0.0349,471233.0,13498387.0,0,Made money,0,"Mercyone Elkader Medical Center (Elkader, IA)",86,110,0.0952,0.0446
161320,Community Memorial Hospital,Sumner,IA,Iowa,Critical access hospital (small rural),Nonprofit,Urban,16.0,2023,-0.0235,-399717.0,17028591.0,2,2 years,2,"Community Memorial Hospital (Sumner, IA)",98,110,0.0952,0.0446
161321,Avera Merrill Pioneer Hospital,Rock Rapids,IA,Iowa,Critical access hospital (small rural),Nonprofit,Rural,11.0,2023,0.0205,242900.0,11828944.0,0,Made money,0,"Avera Merrill Pioneer Hospital (Rock Rapids, IA)",92,110,0.0952,0.0446
161322,Dallas County Hospital,Perry,IA,Iowa,Critical access hospital (small rural),Government,Urban,25.0,2023,0.2795,10714969.0,38329471.0,0,Made money,0,"Dallas County Hospital (Perry, IA)",1,110,0.0952,0.0446
161323,Mitchell County Regional Health Cent,Osage,IA,Iowa,Critical access hospital (small rural),Government,Rural,25.0,2023,0.1553,7066044.0,45503444.0,0,Made money,0,"Mitchell County Regional Health Cent (Osage, IA)",23,110,0.0952,0.0446
161324,Grape Community Hospital - Hamburg,Hamburg,IA,Iowa,Critical access hospital (small rural),Nonprofit,Rural,25.0,2023,-0.1186,-1558106.0,13137375.0,2,2 years,2,"Grape Community Hospital - Hamburg (Hamburg, IA)",106,110,0.0952,0.0446
161325,Greene County Medical Center,Jefferson,IA,Iowa,Critical access hospital (small rural),Government,Rural,25.0,2023,0.1619,6300188.0,38905291.0,0,Made money,0,"Greene County Medical Center (Jefferson, IA)",18,110,0.0952,0.0446
161326,Madison County Memorial Hospital,Winterset,IA,Iowa,Critical access hospital (small rural),Government,Urban,25.0,2023,0.1174,4243258.0,36133792.0,0,Made money,0,"Madison County Memorial Hospital (Winterset, IA)",37,110,0.0952,0.0446
161327,Davis County Hospital,Bloomfield,IA,Iowa,Critical access hospital (small rural),Government,Rural,25.0,2023,0.1051,4006658.0,38113478.0,0,Made money,0,"Davis County Hospital (Bloomfield, IA)",47,110,0.0952,0.0446
161328,Regional Health Services Of Howard C,Cresco,IA,Iowa,Critical access hospital (small rural),Government,Rural,18.0,2023,0.0585,3079687.0,52635591.0,0,Made money,0,"Regional Health Services Of Howard C (Cresco, IA)",78,110,0.0952,0.0446
161329,Jackson County Public Hospital,Maquoketa,IA,Iowa,Critical access hospital (small rural),Government,Rural,25.0,2023,0.2182,6776505.0,31062072.0,0,Made money,0,"Jackson County Public Hospital (Maquoketa, IA)",10,110,0.0952,0.0446
161330,Audubon County Memorial Hospital,Audubon,IA,Iowa,Critical access hospital (small rural),Government,Rural,17.0,2023,0.1091,2176927.0,19959966.0,0,Made money,0,"Audubon County Memorial Hospital (Audubon, IA)",44,110,0.0952,0.0446
161331,Mercy Medical Center - New Hampton,New Hampton,IA,Iowa,Critical access hospital (small rural),Nonprofit,Rural,11.0,2023,0.2428,6800345.0,28006409.0,0,Made money,0,"Mercy Medical Center - New Hampton (New Hampton, IA)",6,110,0.0952,0.0446
161332,Manning Regional Healthcare Center,Manning,IA,Iowa,Critical access hospital (small rural),Nonprofit,Rural,17.0,2023,0.2068,4976235.0,24063839.0,0,Made money,0,"Manning Regional Healthcare Center (Manning, IA)",11,110,0.0952,0.0446
161333,Story County Hospital,Nevada,IA,Iowa,Critical access hospital (small rural),Government,Urban,17.0,2023,0.271,12224155.0,45114784.0,0,Made money,0,"Story County Hospital (Nevada, IA)",2,110,0.0952,0.0446
161334,Humboldt County Memorial Hospital,Humboldt,IA,Iowa,Critical access hospital (small rural),Government,Rural,17.0,2023,0.0715,2371652.0,33165679.0,0,Made money,0,"Humboldt County Memorial Hospital (Humboldt, IA)",72,110,0.0952,0.0446
161335,Peoples Memorial Hospital,Independence,IA,Iowa,Critical access hospital (small rural),Government,Rural,25.0,2023,0.1204,7871699.0,65384547.0,0,Made money,0,"Peoples Memorial Hospital (Independence, IA)",36,110,0.0952,0.0446
161336,Hegg Memorial Health Center,Rock Valley,IA,Iowa,Critical access hospital (small rural),Nonprofit,Rural,25.0,2023,0.0831,2621565.0,31535778.0,0,Made money,0,"Hegg Memorial Health Center (Rock Valley, IA)",65,110,0.0952,0.0446
161337,Van Buren County Hospital,Keosauqua,IA,Iowa,Critical access hospital (small rural),Government,Rural,25.0,2023,0.1713,5285651.0,30863903.0,0,Made money,0,"Van Buren County Hospital (Keosauqua, IA)",16,110,0.0952,0.0446
161338,Mercyone Oelwein Medical Center,Oelwein,IA,Iowa,Critical access hospital (small rural),Nonprofit,Rural,17.0,2023,0.1854,3425199.0,18479071.0,0,Made money,0,"Mercyone Oelwein Medical Center (Oelwein, IA)",13,110,0.0952,0.0446
161339,Waverly Health Center,Waverly,IA,Iowa,Critical access hospital (small rural),Nonprofit,Urban,21.0,2023,0.0595,5162430.0,86814906.0,0,Made money,0,"Waverly Health Center (Waverly, IA)",76,110,0.0952,0.0446
161340,Decatur County Hospital,Leon,IA,Iowa,Critical access hospital (small rural),Government,Rural,11.0,2023,0.1519,4265577.0,28078534.0,0,Made money,0,"Decatur County Hospital (Leon, IA)",26,110,0.0952,0.0446
161341,Lucas County Health Center,Chariton,IA,Iowa,Critical access hospital (small rural),Government,Rural,25.0,2023,0.0844,2820531.0,33427595.0,0,Made money,0,"Lucas County Health Center (Chariton, IA)",64,110,0.0952,0.0446
161342,Monroe County Hospital,Albia,IA,Iowa,Critical access hospital (small rural),Government,Rural,25.0,2023,0.0952,3566039.0,37472606.0,0,Made money,0,"Monroe County Hospital (Albia, IA)",56,110,0.0952,0.0446
161343,Delaware County Memorial Hospital,Manchester,IA,Iowa,Critical access hospital (small rural),Government,Rural,25.0,2023,0.1554,13887762.0,89376603.0,0,Made money,0,"Delaware County Memorial Hospital (Manchester, IA)",22,110,0.0952,0.0446
161344,Washington County Hospital,Washington,IA,Iowa,Critical access hospital (small rural),Government,Urban,22.0,2023,0.0432,2628202.0,60898253.0,0,Made money,0,"Washington County Hospital (Washington, IA)",83,110,0.0952,0.0446
161345,Osceola Regional Health Center,Sibley,IA,Iowa,Critical access hospital (small rural),Nonprofit,Rural,25.0,2023,0.1025,1760547.0,17180815.0,0,Made money,0,"Osceola Regional Health Center (Sibley, IA)",49,110,0.0952,0.0446
161346,Sioux Center Health,Sioux Center,IA,Iowa,Critical access hospital (small rural),Nonprofit,Rural,19.0,2023,0.0849,6578225.0,77441234.0,0,Made money,0,"Sioux Center Health (Sioux Center, IA)",63,110,0.0952,0.0446
161347,Floyd County Hospital,Charles City,IA,Iowa,Critical access hospital (small rural),Government,Rural,25.0,2023,0.1008,5332402.0,52883746.0,0,Made money,0,"Floyd County Hospital (Charles City, IA)",50,110,0.0952,0.0446
161348,Clarke County Public Hospital,Osceola,IA,Iowa,Critical access hospital (small rural),Government,Rural,25.0,2023,0.0729,3126544.0,42911246.0,0,Made money,0,"Clarke County Public Hospital (Osceola, IA)",71,110,0.0952,0.0446
161349,Virginia Gay Hospital,Vinton,IA,Iowa,Critical access hospital (small rural),Nonprofit,Urban,25.0,2023,0.2597,11647084.0,44842466.0,0,Made money,0,"Virginia Gay Hospital (Vinton, IA)",3,110,0.0952,0.0446
161350,Stewart Memorial Hospital,Lake City,IA,Iowa,Critical access hospital (small rural),Nonprofit,Rural,23.0,2023,0.0482,1887393.0,39175654.0,0,Made money,0,"Stewart Memorial Hospital (Lake City, IA)",80,110,0.0952,0.0446
161351,Avera Holy Family Health,Estherville,IA,Iowa,Critical access hospital (small rural),Nonprofit,Rural,22.0,2023,0.2471,9794800.0,39644500.0,0,Made money,0,"Avera Holy Family Health (Estherville, IA)",5,110,0.0952,0.0446
161352,Clarinda Regional Health Center,Clarinda,IA,Iowa,Critical access hospital (small rural),Government,Rural,25.0,2023,0.0048,300871.0,62434665.0,0,Made money,0,"Clarinda Regional Health Center (Clarinda, IA)",95,110,0.0952,0.0446
161353,Kossuth Regional Health Center,Algona,IA,Iowa,Critical access hospital (small rural),Government,Rural,24.0,2023,0.1448,7646404.0,52807784.0,0,Made money,0,"Kossuth Regional Health Center (Algona, IA)",27,110,0.0952,0.0446
161354,Horn Memorial Hospital,Ida Grove,IA,Iowa,Critical access hospital (small rural),Nonprofit,Rural,25.0,2023,-0.0637,-1646454.0,25856481.0,1,1 year,1,"Horn Memorial Hospital (Ida Grove, IA)",103,110,0.0952,0.0446
161355,Knoxville Community Hospital Inc,Knoxville,IA,Iowa,Critical access hospital (small rural),Nonprofit,Rural,25.0,2023,0.1417,8107279.0,57209675.0,0,Made money,0,"Knoxville Community Hospital Inc (Knoxville, IA)",28,110,0.0952,0.0446
161356,Henry County Health Center,Mt. Pleasant,IA,Iowa,Critical access hospital (small rural),Nonprofit,Rural,25.0,2023,0.082,4566165.0,55716344.0,0,Made money,0,"Henry County Health Center (Mt. Pleasant, IA)",66,110,0.0952,0.0446
161357,Palo Alto County Hospital,Emmetsburg,IA,Iowa,Critical access hospital (small rural),Government,Rural,24.0,2023,0.1126,4430133.0,39334657.0,0,Made money,0,"Palo Alto County Hospital (Emmetsburg, IA)",39,110,0.0952,0.0446
161358,Wayne County Hospital,Corydon,IA,Iowa,Critical access hospital (small rural),Government,Rural,25.0,2023,0.1547,7749111.0,50082005.0,0,Made money,0,"Wayne County Hospital (Corydon, IA)",24,110,0.0952,0.0446
161359,Burgess Health Center,Onawa,IA,Iowa,Critical access hospital (small rural),Nonprofit,Rural,25.0,2023,0.0997,4018381.0,40324286.0,0,Made money,0,"Burgess Health Center (Onawa, IA)",52,110,0.0952,0.0446
161360,Orange City Municipal Hospital,Orange City,IA,Iowa,Critical access hospital (small rural),Government,Rural,25.0,2023,0.0383,2823359.0,73760920.0,0,Made money,0,"Orange City Municipal Hospital (Orange City, IA)",85,110,0.0952,0.0446
161361,Van Diest Medical Center,Webster City,IA,Iowa,Critical access hospital (small rural),Government,Rural,25.0,2023,0.0943,4522987.0,47941954.0,0,Made money,0,"Van Diest Medical Center (Webster City, IA)",57,110,0.0952,0.0446
161362,Cherokee Regional Medical Center,Cherokee,IA,Iowa,Critical access hospital (small rural),Nonprofit,Rural,25.0,2023,0.0881,5178639.0,58788809.0,0,Made money,0,"Cherokee Regional Medical Center (Cherokee, IA)",61,110,0.0952,0.0446
161363,Montgomery Cnty Memorial Hospital,Red Oak,IA,Iowa,Critical access hospital (small rural),Government,Rural,25.0,2023,-0.2214,-11260673.0,50868139.0,1,1 year,1,"Montgomery Cnty Memorial Hospital (Red Oak, IA)",110,110,0.0952,0.0446
161364,Jefferson County Hospital,Fairfield,IA,Iowa,Critical access hospital (small rural),Government,Rural,25.0,2023,0.1239,9012046.0,72711825.0,0,Made money,0,"Jefferson County Hospital (Fairfield, IA)",35,110,0.0952,0.0446
161365,Greater Regional Medical Center,Creston,IA,Iowa,Critical access hospital (small rural),Government,Rural,25.0,2023,0.1314,15908811.0,121070928.0,0,Made money,0,"Greater Regional Medical Center (Creston, IA)",31,110,0.0952,0.0446
161366,Shenandoah Medical Center,Shenandoah,IA,Iowa,Critical access hospital (small rural),Nonprofit,Rural,25.0,2023,0.0913,5391050.0,59028561.0,0,Made money,0,"Shenandoah Medical Center (Shenandoah, IA)",59,110,0.0952,0.0446
161367,Pella Regional Health Center,Pella,IA,Iowa,Critical access hospital (small rural),Nonprofit,Rural,25.0,2023,0.1115,17460652.0,156647170.0,0,Made money,0,"Pella Regional Health Center (Pella, IA)",40,110,0.0952,0.0446
161368,Floyd Valley Healthcare,Lemars,IA,Iowa,Critical access hospital (small rural),Government,Rural,25.0,2023,0.1111,6663049.0,59965497.0,0,Made money,0,"Floyd Valley Healthcare (Lemars, IA)",41,110,0.0952,0.0446
161369,Crawford County Memorial Hospital,Denison,IA,Iowa,Critical access hospital (small rural),Government,Rural,25.0,2023,0.1533,7502970.0,48927574.0,0,Made money,0,"Crawford County Memorial Hospital (Denison, IA)",25,110,0.0952,0.0446
161370,Loring Hospital,Sac City,IA,Iowa,Critical access hospital (small rural),Nonprofit,Rural,25.0,2023,0.157,3417313.0,21759818.0,0,Made money,0,"Loring Hospital (Sac City, IA)",21,110,0.0952,0.0446
161371,Winneshiek Medical Center,Decorah,IA,Iowa,Critical access hospital (small rural),Government,Rural,25.0,2023,0.054,5233231.0,96823898.0,0,Made money,0,"Winneshiek Medical Center (Decorah, IA)",79,110,0.0952,0.0446
161372,Boone County Hospital,Boone,IA,Iowa,Critical access hospital (small rural),Government,Urban,25.0,2023,0.0869,5199331.0,59824956.0,0,Made money,0,"Boone County Hospital (Boone, IA)",62,110,0.0952,0.0446
161373,Ringgold County Hospital,Mount Ayr,IA,Iowa,Critical access hospital (small rural),Government,Rural,16.0,2023,0.0755,2253948.0,29854499.0,0,Made money,0,"Ringgold County Hospital (Mount Ayr, IA)",69,110,0.0952,0.0446
161374,Myrtue Medical Center,Harlan,IA,Iowa,Critical access hospital (small rural),Government,Rural,25.0,2023,0.0787,5047250.0,64137011.0,0,Made money,0,"Myrtue Medical Center (Harlan, IA)",68,110,0.0952,0.0446
161375,Buena Vista Regional Medical Center,Storm Lake,IA,Iowa,Critical access hospital (small rural),Government,Rural,25.0,2023,0.1276,10371820.0,81258196.0,0,Made money,0,"Buena Vista Regional Medical Center (Storm Lake, IA)",34,110,0.0952,0.0446
161376,Cass County Memorial Hospital,Atlantic,IA,Iowa,Critical access hospital (small rural),Government,Rural,25.0,2023,0.1376,11867115.0,86231196.0,0,Made money,0,"Cass County Memorial Hospital (Atlantic, IA)",29,110,0.0952,0.0446
161377,Mercy Medical Center-Centerville,Centerville,IA,Iowa,Critical access hospital (small rural),Nonprofit,Rural,20.0,2023,0.1288,6657710.0,51690942.0,0,Made money,0,"Mercy Medical Center-Centerville (Centerville, IA)",32,110,0.0952,0.0446
161378,Mercyone Dyersville Medical Center,Dyersville,IA,Iowa,Critical access hospital (small rural),Nonprofit,Urban,13.0,2023,0.1578,1226662.0,7772846.0,0,Made money,0,"Mercyone Dyersville Medical Center (Dyersville, IA)",20,110,0.0952,0.0446
161379,Mahaska Health Partnership,Oskaloosa,IA,Iowa,Critical access hospital (small rural),Government,Rural,25.0,2023,0.0953,9815747.0,103017009.0,0,Made money,0,"Mahaska Health Partnership (Oskaloosa, IA)",55,110,0.0952,0.0446
161380,Hansen Family Hospital,Iowa Falls,IA,Iowa,Critical access hospital (small rural),Government,Rural,17.0,2023,0.0641,2497579.0,38960760.0,0,Made money,0,"Hansen Family Hospital (Iowa Falls, IA)",74,110,0.0952,0.0446
161381,Sanford Medical Center Sheldon,Sheldon,IA,Iowa,Critical access hospital (small rural),Nonprofit,Rural,25.0,2023,0.0478,1762324.0,36895120.0,0,Made money,0,"Sanford Medical Center Sheldon (Sheldon, IA)",81,110,0.0952,0.0446
170006,Via Christi Hospital Pittsburg  Inc.,Pittsburg,KS,Kansas,General hospital,Nonprofit,Rural,64.0,2023,-0.1783,-15545305.0,87181731.0,2,2 years,2,"Via Christi Hospital Pittsburg  Inc. (Pittsburg, KS)",121,126,-0.0214,0.0446
170009,Saint John Hospital,Leavenworth,KS,Kansas,General hospital,For-profit,Urban,22.0,2023,-0.1758,-4900060.0,27867607.0,2,2 years,2,"Saint John Hospital (Leavenworth, KS)",120,126,-0.0214,0.0446
170012,Salina Regional Health Center,Salina,KS,Kansas,General hospital,Nonprofit,Rural,177.0,2023,0.0557,26115817.0,469189902.0,0,Made money,0,"Salina Regional Health Center (Salina, KS)",25,126,-0.0214,0.0446
170013,Hays Medical Center  Inc.,Hays,KS,Kansas,General hospital,Nonprofit,Rural,121.0,2023,0.0008,207277.0,260057361.0,0,Made money,0,"Hays Medical Center  Inc. (Hays, KS)",54,126,-0.0214,0.0446
170014,Adventhealth Ottawa,Ottawa,KS,Kansas,General hospital,Nonprofit,Rural,36.0,2023,0.0695,4575569.0,65879443.0,0,Made money,0,"Adventhealth Ottawa (Ottawa, KS)",17,126,-0.0214,0.0446
170016,St.Francis Health Center,Topeka,KS,Kansas,General hospital,For-profit,Urban,183.0,2023,-0.0589,-18201279.0,309253803.0,2,2 years,2,"St.Francis Health Center (Topeka, KS)",88,126,-0.0214,0.0446
170017,Susan B. Allen Memorial Hospital,El Dorado,KS,Kansas,General hospital,Nonprofit,Urban,20.0,2023,-0.0227,-849226.0,37371749.0,2,2 years,2,"Susan B. Allen Memorial Hospital (El Dorado, KS)",65,126,-0.0214,0.0446
170020,Hutchinson Regional Medical Center,Hutchinson,KS,Kansas,General hospital,Nonprofit,Rural,142.0,2023,-0.0792,-13571861.0,171377921.0,3,3-4 years,3,"Hutchinson Regional Medical Center (Hutchinson, KS)",97,126,-0.0214,0.0446
170023,St. Catherine - Garden City,Garden City,KS,Kansas,General hospital,Nonprofit,Rural,90.0,2023,-0.0067,-756889.0,112583760.0,2,2 years,2,"St. Catherine - Garden City (Garden City, KS)",57,126,-0.0214,0.0446
170027,Pratt Regional Medical Center,Pratt,KS,Kansas,General hospital,Nonprofit,Rural,35.0,2023,-0.0503,-2887226.0,57382151.0,2,2 years,2,"Pratt Regional Medical Center (Pratt, KS)",81,126,-0.0214,0.0446
170040,University Of Kansas Hospital,Kansas City,KS,Kansas,General hospital,Government,Urban,969.0,2023,0.048,198486324.0,4136204563.0,0,Made money,0,"University Of Kansas Hospital (Kansas City, KS)",28,126,-0.0214,0.0446
170049,Olathe Medical Center,Olathe,KS,Kansas,General hospital,Nonprofit,Urban,248.0,2023,0.0703,25186395.0,358077462.0,0,Made money,0,"Olathe Medical Center (Olathe, KS)",16,126,-0.0214,0.0446
170068,Southwest Medical Center,Liberal,KS,Kansas,General hospital,Government,Rural,67.0,2023,-0.1878,-12510312.0,66615815.0,2,2 years,2,"Southwest Medical Center (Liberal, KS)",122,126,-0.0214,0.0446
170074,Stormont Vail - Flint Hills,Junction City,KS,Kansas,General hospital,Government,Urban,49.0,2021,0.0828,4078601.0,49244835.0,0,Made money,0,"Stormont Vail - Flint Hills (Junction City, KS)",1,2,-0.0214,0.0446
170075,Mercy Hospital  Inc.,Moundridge,KS,Kansas,General hospital,Nonprofit,Rural,15.0,2023,-0.0981,-504758.0,5143376.0,2,2 years,2,"Mercy Hospital  Inc. (Moundridge, KS)",104,126,-0.0214,0.0446
170086,Stormont-Vail Regional Health Center,Topeka,KS,Kansas,General hospital,Nonprofit,Urban,442.0,2023,0.0843,81422157.0,966178514.0,0,Made money,0,"Stormont-Vail Regional Health Center (Topeka, KS)",14,126,-0.0214,0.0446
170103,Newton Medical Center,Newton,KS,Kansas,General hospital,Nonprofit,Urban,76.0,2023,0.0438,4803623.0,109756058.0,0,Made money,0,"Newton Medical Center (Newton, KS)",31,126,-0.0214,0.0446
170104,Adventhealth Shawnee Mission,Shawnee Mission,KS,Kansas,General hospital,Nonprofit,Urban,314.0,2023,0.082,55989546.0,683132956.0,0,Made money,0,"Adventhealth Shawnee Mission (Shawnee Mission, KS)",15,126,-0.0214,0.0446
170105,Mcpherson Hospital  Inc.,Mcpherson,KS,Kansas,General hospital,Nonprofit,Rural,37.0,2023,-0.0138,-621858.0,45046311.0,2,2 years,2,"Mcpherson Hospital  Inc. (Mcpherson, KS)",58,126,-0.0214,0.0446
170109,Miami County Medical Center,Paola,KS,Kansas,General hospital,Nonprofit,Urban,18.0,2023,0.024,890657.0,37134057.0,0,Made money,0,"Miami County Medical Center (Paola, KS)",42,126,-0.0214,0.0446
170110,Bob Wilson Memorial Hospital,Ulysses,KS,Kansas,General hospital,Government,Rural,26.0,2023,-0.57,-4601415.0,8072771.0,7,5+ years,4,"Bob Wilson Memorial Hospital (Ulysses, KS)",125,126,-0.0214,0.0446
170120,Labette County Medical Center,Parsons,KS,Kansas,General hospital,Government,Rural,49.0,2023,-0.0209,-2017838.0,96740764.0,1,1 year,1,"Labette County Medical Center (Parsons, KS)",63,126,-0.0214,0.0446
170122,Via Christi Hospital Wichita,Wichita,KS,Kansas,General hospital,Nonprofit,Urban,641.0,2023,0.0519,39569297.0,762399738.0,0,Made money,0,"Via Christi Hospital Wichita (Wichita, KS)",26,126,-0.0214,0.0446
170123,Wesley Medical Center,Wichita,KS,Kansas,General hospital,For-profit,Urban,597.0,2023,0.3412,282737820.0,828606283.0,0,Made money,0,"Wesley Medical Center (Wichita, KS)",2,126,-0.0214,0.0446
170137,Lawrence Memorial Hospital,Lawrence,KS,Kansas,General hospital,Government,Urban,110.0,2023,0.0035,1285064.0,369512560.0,0,Made money,0,"Lawrence Memorial Hospital (Lawrence, KS)",52,126,-0.0214,0.0446
170142,Mercy Regional Health Center,Manhattan,KS,Kansas,General hospital,Nonprofit,Urban,86.0,2023,0.0427,4301750.0,100781000.0,0,Made money,0,"Mercy Regional Health Center (Manhattan, KS)",32,126,-0.0214,0.0446
170145,Coffeyville Reg Medical Center  Inc.,Coffeyville,KS,Kansas,General hospital,Nonprofit,Rural,47.0,2023,-0.058,-2316073.0,39944599.0,2,2 years,2,"Coffeyville Reg Medical Center  Inc. (Coffeyville, KS)",87,126,-0.0214,0.0446
170146,Providence Medical Center,Kansas City,KS,Kansas,General hospital,For-profit,Urban,176.0,2023,-0.1033,-10914967.0,105697580.0,2,2 years,2,"Providence Medical Center (Kansas City, KS)",105,126,-0.0214,0.0446
170150,South Central Ks Regional Medical Ct,Arkansas City,KS,Kansas,General hospital,Government,Rural,32.0,2022,-0.1377,-3876420.0,28144254.0,2,2 years,2,"South Central Ks Regional Medical Ct (Arkansas City, KS)",2,3,-0.0214,0.0446
170166,Morton County Health System,Elkhart,KS,Kansas,General hospital,Government,Rural,26.0,2022,-0.153,-1135978.0,7422818.0,1,1 year,1,"Morton County Health System (Elkhart, KS)",3,3,-0.0214,0.0446
170175,St. Catherine Hospital - Dodge City,Dodge City,KS,Kansas,General hospital,Nonprofit,Rural,99.0,2023,-0.0665,-2856700.0,42988139.0,1,1 year,1,"St. Catherine Hospital - Dodge City (Dodge City, KS)",93,126,-0.0214,0.0446
170176,Overland Park Regional Med Ctr,Overland Park,KS,Kansas,General hospital,For-profit,Urban,263.0,2023,0.4092,206603557.0,504900310.0,0,Made money,0,"Overland Park Regional Med Ctr (Overland Park, KS)",1,126,-0.0214,0.0446
170182,Amend 2  Menorah Medical Center,Overland Park,KS,Kansas,General hospital,For-profit,Urban,137.0,2023,0.1151,34346485.0,298352237.0,0,Made money,0,"Amend 2  Menorah Medical Center (Overland Park, KS)",10,126,-0.0214,0.0446
170183,Kansas Surgery & Recovery Center,Wichita,KS,Kansas,General hospital,For-profit,Urban,30.0,2023,0.2364,16858378.0,71324392.0,0,Made money,0,"Kansas Surgery & Recovery Center (Wichita, KS)",4,126,-0.0214,0.0446
170185,St. Lukes South,Overland Park,KS,Kansas,General hospital,Nonprofit,Urban,120.0,2023,-0.0354,-8204132.0,231705211.0,5,5+ years,4,"St. Lukes South (Overland Park, KS)",73,126,-0.0214,0.0446
170186,Kansas Heart Hospital,Wichita,KS,Kansas,General hospital,For-profit,Urban,46.0,2023,-0.0468,-2093911.0,44767684.0,2,2 years,2,"Kansas Heart Hospital (Wichita, KS)",79,126,-0.0214,0.0446
170187,Salina Surgical Hospital,Salina,KS,Kansas,General hospital,For-profit,Rural,16.0,2023,0.1847,5655544.0,30624100.0,0,Made money,0,"Salina Surgical Hospital (Salina, KS)",5,126,-0.0214,0.0446
170188,Kansas City Orthopaedic Institute,Leawood,KS,Kansas,General hospital,For-profit,Urban,17.0,2023,0.2474,24388115.0,98586560.0,0,Made money,0,"Kansas City Orthopaedic Institute (Leawood, KS)",3,126,-0.0214,0.0446
170190,Manhattan Surgical Hospital,Manhattan,KS,Kansas,General hospital,For-profit,Urban,13.0,2023,0.1388,6869184.0,49487184.0,0,Made money,0,"Manhattan Surgical Hospital (Manhattan, KS)",9,126,-0.0214,0.0446
170191,Ukhs Great Bend Campus,Great Bend,KS,Kansas,General hospital,Government,Rural,29.0,2023,-0.1365,-8566286.0,62752858.0,5,5+ years,4,"Ukhs Great Bend Campus (Great Bend, KS)",115,126,-0.0214,0.0446
170194,Ascentist Hospital,Leawood,KS,Kansas,General hospital,For-profit,Urban,9.0,2023,-0.1336,-3730278.0,27926896.0,2,2 years,2,"Ascentist Hospital (Leawood, KS)",114,126,-0.0214,0.0446
170196,Kansas Spine & Specialty Hospital,Wichita,KS,Kansas,General hospital,For-profit,Urban,35.0,2023,0.1801,12940518.0,71852030.0,0,Made money,0,"Kansas Spine & Specialty Hospital (Wichita, KS)",6,126,-0.0214,0.0446
170197,Kansas Medical Center,Andover,KS,Kansas,General hospital,For-profit,Urban,58.0,2023,0.0627,4464848.0,71163176.0,0,Made money,0,"Kansas Medical Center (Andover, KS)",20,126,-0.0214,0.0446
170198,Summit Surgical  Llc,Hutchinson,KS,Kansas,General hospital,For-profit,Rural,10.0,2023,0.0164,239700.0,14637897.0,0,Made money,0,"Summit Surgical  Llc (Hutchinson, KS)",48,126,-0.0214,0.0446
170199,Minimally Invasive Surgery Hospital,Lenexa,KS,Kansas,General hospital,For-profit,Urban,9.0,2023,-0.6928,-7487507.0,10806971.0,1,1 year,1,"Minimally Invasive Surgery Hospital (Lenexa, KS)",126,126,-0.0214,0.0446
170200,Via Christi Hosp. Wichita St. Teresa,Wichita,KS,Kansas,General hospital,Nonprofit,Urban,38.0,2023,0.0921,5204104.0,56475229.0,0,Made money,0,"Via Christi Hosp. Wichita St. Teresa (Wichita, KS)",12,126,-0.0214,0.0446
170203,Mercy Specialty Hospital - Southeast,Galena,KS,Kansas,General hospital,Nonprofit,Rural,26.0,2023,0.0234,931212.0,39717753.0,0,Made money,0,"Mercy Specialty Hospital - Southeast (Galena, KS)",43,126,-0.0214,0.0446
170204,Rock Regional Hospital,Derby,KS,Kansas,General hospital,For-profit,Urban,31.0,2023,-0.4333,-11609181.0,26790535.0,4,3-4 years,3,"Rock Regional Hospital (Derby, KS)",124,126,-0.0214,0.0446
170208,Adventhealth South Overland Park,Overland Park,KS,Kansas,General hospital,Nonprofit,Urban,41.0,2023,-0.091,-5936751.0,65227816.0,2,2 years,2,"Adventhealth South Overland Park (Overland Park, KS)",100,126,-0.0214,0.0446
171300,Grisell Memorial Hospital Dist #1,Ransom,KS,Kansas,Critical access hospital (small rural),Government,Rural,25.0,2023,-0.029,-231608.0,8000023.0,1,1 year,1,"Grisell Memorial Hospital Dist #1 (Ransom, KS)",71,126,-0.0214,0.0446
171301,Great Plains Of Ellinwood  Inc.,Ellinwood,KS,Kansas,Critical access hospital (small rural),Government,Rural,23.0,2023,0.0342,367555.0,10751803.0,0,Made money,0,"Great Plains Of Ellinwood  Inc. (Ellinwood, KS)",35,126,-0.0214,0.0446
171303,Lane County Hospital,Dighton,KS,Kansas,Critical access hospital (small rural),Government,Rural,25.0,2023,-0.0238,-178232.0,7482088.0,1,1 year,1,"Lane County Hospital (Dighton, KS)",67,126,-0.0214,0.0446
171304,Ashland Health Center,Ashland,KS,Kansas,Critical access hospital (small rural),Government,Rural,25.0,2023,-0.0891,-1030937.0,11575070.0,1,1 year,1,"Ashland Health Center (Ashland, KS)",98,126,-0.0214,0.0446
171306,Wichita County Health Center,Leoti,KS,Kansas,Critical access hospital (small rural),Government,Rural,25.0,2023,-0.0516,-589091.0,11418632.0,1,1 year,1,"Wichita County Health Center (Leoti, KS)",83,126,-0.0214,0.0446
171307,Rawlins County Health Center,Atwood,KS,Kansas,Critical access hospital (small rural),Government,Rural,15.0,2023,0.0018,20998.0,11518194.0,0,Made money,0,"Rawlins County Health Center (Atwood, KS)",53,126,-0.0214,0.0446
171308,Mercy Hospital Columbus,Columbus,KS,Kansas,Critical access hospital (small rural),Nonprofit,Rural,25.0,2023,0.0331,192717.0,5818068.0,0,Made money,0,"Mercy Hospital Columbus (Columbus, KS)",39,126,-0.0214,0.0446
171309,Jewell County Hospital,Mankato,KS,Kansas,Critical access hospital (small rural),Government,Rural,25.0,2023,0.0981,946663.0,9652088.0,0,Made money,0,"Jewell County Hospital (Mankato, KS)",11,126,-0.0214,0.0446
171310,Great Plains Of Cheyenne County  Inc,St. Francis,KS,Kansas,Critical access hospital (small rural),Government,Rural,16.0,2023,-0.0145,-288489.0,19839377.0,1,1 year,1,"Great Plains Of Cheyenne County  Inc (St. Francis, KS)",59,126,-0.0214,0.0446
171311,Rooks County Health Center,Plainville,KS,Kansas,Critical access hospital (small rural),Government,Rural,22.0,2023,0.0049,104871.0,21501583.0,0,Made money,0,"Rooks County Health Center (Plainville, KS)",51,126,-0.0214,0.0446
171312,Comanche County Hospital,Coldwater,KS,Kansas,Critical access hospital (small rural),Government,Rural,12.0,2023,-0.1888,-1119446.0,5928540.0,2,2 years,2,"Comanche County Hospital (Coldwater, KS)",123,126,-0.0214,0.0446
171313,Kearny County Hospital,Lakin,KS,Kansas,Critical access hospital (small rural),Government,Rural,21.0,2023,0.0684,2084410.0,30461455.0,0,Made money,0,"Kearny County Hospital (Lakin, KS)",18,126,-0.0214,0.0446
171314,Fw Huston Memorial Hospital,Winchester,KS,Kansas,Critical access hospital (small rural),Nonprofit,Urban,25.0,2023,0.1508,1473935.0,9774095.0,0,Made money,0,"Fw Huston Memorial Hospital (Winchester, KS)",7,126,-0.0214,0.0446
171315,Nemaha Valley Community Hospital,Seneca,KS,Kansas,Critical access hospital (small rural),Nonprofit,Rural,24.0,2023,0.0485,1259911.0,25965246.0,0,Made money,0,"Nemaha Valley Community Hospital (Seneca, KS)",27,126,-0.0214,0.0446
171316,Anderson County Hospital,Garnett,KS,Kansas,Critical access hospital (small rural),Nonprofit,Rural,12.0,2023,-0.0601,-1860007.0,30947010.0,2,2 years,2,"Anderson County Hospital (Garnett, KS)",90,126,-0.0214,0.0446
171317,Edwards County Hospital,Kinsley,KS,Kansas,Critical access hospital (small rural),Nonprofit,Rural,12.0,2023,-0.1288,-1372892.0,10655062.0,2,2 years,2,"Edwards County Hospital (Kinsley, KS)",112,126,-0.0214,0.0446
171318,Sedan City Hospital,Sedan,KS,Kansas,Critical access hospital (small rural),Government,Rural,15.0,2023,-0.0444,-238023.0,5361862.0,2,2 years,2,"Sedan City Hospital (Sedan, KS)",76,126,-0.0214,0.0446
171319,Holton Community Hospital,Holton,KS,Kansas,Critical access hospital (small rural),Government,Urban,14.0,2023,-0.0175,-492436.0,28118266.0,2,2 years,2,"Holton Community Hospital (Holton, KS)",61,126,-0.0214,0.0446
171321,Meade District Hospital,Meade,KS,Kansas,Critical access hospital (small rural),Government,Rural,20.0,2023,-0.0545,-804466.0,14767872.0,1,1 year,1,"Meade District Hospital (Meade, KS)",85,126,-0.0214,0.0446
171322,Hamilton County Hospital,Syracuse,KS,Kansas,Critical access hospital (small rural),Government,Rural,25.0,2023,0.025,426615.0,17050186.0,0,Made money,0,"Hamilton County Hospital (Syracuse, KS)",41,126,-0.0214,0.0446
171323,Stafford County Hospital,Stafford,KS,Kansas,Critical access hospital (small rural),Government,Rural,25.0,2023,-0.0246,-321091.0,13070260.0,1,1 year,1,"Stafford County Hospital (Stafford, KS)",68,126,-0.0214,0.0446
171324,Satanta District Hospital,Satanta,KS,Kansas,Critical access hospital (small rural),Government,Rural,23.0,2023,-0.0749,-1158209.0,15467992.0,2,2 years,2,"Satanta District Hospital (Satanta, KS)",94,126,-0.0214,0.0446
171325,Graham County Hospital,Hill City,KS,Kansas,Critical access hospital (small rural),Government,Rural,15.0,2023,0.0476,553075.0,11630632.0,0,Made money,0,"Graham County Hospital (Hill City, KS)",29,126,-0.0214,0.0446
171326,Logan County Hospital,Oakley,KS,Kansas,Critical access hospital (small rural),Government,Rural,25.0,2023,-0.098,-1421289.0,14499636.0,2,2 years,2,"Logan County Hospital (Oakley, KS)",103,126,-0.0214,0.0446
171327,Ellsworth County Medical Center,Ellsworth,KS,Kansas,Critical access hospital (small rural),Government,Rural,19.0,2023,-0.0899,-1899293.0,21137190.0,3,3-4 years,3,"Ellsworth County Medical Center (Ellsworth, KS)",99,126,-0.0214,0.0446
171328,Great Plains Of Ottawa County  Inc,Minneapolis,KS,Kansas,Critical access hospital (small rural),Government,Rural,25.0,2023,0.145,1474672.0,10169693.0,0,Made money,0,"Great Plains Of Ottawa County  Inc (Minneapolis, KS)",8,126,-0.0214,0.0446
171329,Caldwell Regional Medical Center,Caldwell,KS,Kansas,Critical access hospital (small rural),Government,Urban,16.0,2023,-0.1368,-1320104.0,9650105.0,2,2 years,2,"Caldwell Regional Medical Center (Caldwell, KS)",116,126,-0.0214,0.0446
171330,Hospital Dist No 1 Of Rice County,Lyons,KS,Kansas,Critical access hospital (small rural),Government,Rural,25.0,2023,-0.0218,-547117.0,25154789.0,2,2 years,2,"Hospital Dist No 1 Of Rice County (Lyons, KS)",64,126,-0.0214,0.0446
171331,Kiowa District Hospital,Kiowa,KS,Kansas,Critical access hospital (small rural),Government,Rural,10.0,2023,-0.0331,-309252.0,9335058.0,2,2 years,2,"Kiowa District Hospital (Kiowa, KS)",72,126,-0.0214,0.0446
171332,Kiowa County Memorial Hosptial,Greensburg,KS,Kansas,Critical access hospital (small rural),Government,Rural,15.0,2023,-0.0423,-503606.0,11897875.0,13,5+ years,4,"Kiowa County Memorial Hosptial (Greensburg, KS)",75,126,-0.0214,0.0446
171333,Clara Barton Hospital Association,Hoisington,KS,Kansas,Critical access hospital (small rural),Nonprofit,Rural,17.0,2023,0.0227,990898.0,43690341.0,0,Made money,0,"Clara Barton Hospital Association (Hoisington, KS)",44,126,-0.0214,0.0446
171334,Medicine Lodge Memorial Hospital,Medicine Lodge,KS,Kansas,Critical access hospital (small rural),Government,Rural,22.0,2023,-0.0595,-706500.0,11869619.0,1,1 year,1,"Medicine Lodge Memorial Hospital (Medicine Lodge, KS)",89,126,-0.0214,0.0446
171335,Stevens County Hospital,Hugoton,KS,Kansas,Critical access hospital (small rural),Government,Rural,17.0,2023,-0.1419,-2578285.0,18169491.0,2,2 years,2,"Stevens County Hospital (Hugoton, KS)",117,126,-0.0214,0.0446
171336,Ness County Hospital District #2,Ness City,KS,Kansas,Critical access hospital (small rural),Government,Rural,25.0,2023,-0.0459,-723596.0,15772081.0,1,1 year,1,"Ness County Hospital District #2 (Ness City, KS)",78,126,-0.0214,0.0446
171337,Wamego Hospital Association,Wamego,KS,Kansas,Critical access hospital (small rural),Nonprofit,Urban,18.0,2023,0.085,1310215.0,15413052.0,0,Made money,0,"Wamego Hospital Association (Wamego, KS)",13,126,-0.0214,0.0446
171338,Great Plains Of Sabetha  Inc.,Sabetha,KS,Kansas,Critical access hospital (small rural),Government,Rural,16.0,2023,0.0614,1258974.0,20508474.0,0,Made money,0,"Great Plains Of Sabetha  Inc. (Sabetha, KS)",22,126,-0.0214,0.0446
171339,Greenwood County Hospital,Eureka,KS,Kansas,Critical access hospital (small rural),Government,Rural,25.0,2023,-0.0152,-246594.0,16244515.0,1,1 year,1,"Greenwood County Hospital (Eureka, KS)",60,126,-0.0214,0.0446
171340,Herington Hospital,Herington,KS,Kansas,Critical access hospital (small rural),Nonprofit,Rural,15.0,2021,0.009,144651.0,16000705.0,0,Made money,0,"Herington Hospital (Herington, KS)",2,2,-0.0214,0.0446
171341,Hiawatha Community Hospital,Hiawatha,KS,Kansas,Critical access hospital (small rural),Nonprofit,Rural,25.0,2023,-0.1536,-4514412.0,29397637.0,2,2 years,2,"Hiawatha Community Hospital (Hiawatha, KS)",118,126,-0.0214,0.0446
171342,Rush County Memorial Hospital,Lacrosse,KS,Kansas,Critical access hospital (small rural),Government,Rural,25.0,2023,0.0606,606384.0,10009065.0,0,Made money,0,"Rush County Memorial Hospital (Lacrosse, KS)",23,126,-0.0214,0.0446
171343,Stanton County Hospital,Johnson,KS,Kansas,Critical access hospital (small rural),Government,Rural,16.0,2023,-0.1127,-1160283.0,10292213.0,3,3-4 years,3,"Stanton County Hospital (Johnson, KS)",108,126,-0.0214,0.0446
171344,Wilson Medical Center,Neodesha,KS,Kansas,Critical access hospital (small rural),Government,Rural,15.0,2023,-0.0661,-1323160.0,20023752.0,2,2 years,2,"Wilson Medical Center (Neodesha, KS)",92,126,-0.0214,0.0446
171345,Pawnee Valley Community Hospital,Larned,KS,Kansas,Critical access hospital (small rural),Nonprofit,Rural,15.0,2023,0.0194,387708.0,20024921.0,0,Made money,0,"Pawnee Valley Community Hospital (Larned, KS)",46,126,-0.0214,0.0446
171346,Patterson Health Center,Anthony,KS,Kansas,Critical access hospital (small rural),Government,Rural,25.0,2023,-0.1315,-2999440.0,22802755.0,2,2 years,2,"Patterson Health Center (Anthony, KS)",113,126,-0.0214,0.0446
171347,Sheridan County Health Complex,Hoxie,KS,Kansas,Critical access hospital (small rural),Government,Rural,18.0,2023,0.0283,486523.0,17171433.0,0,Made money,0,"Sheridan County Health Complex (Hoxie, KS)",40,126,-0.0214,0.0446
171348,Norton County Hospital,Norton,KS,Kansas,Critical access hospital (small rural),Government,Rural,25.0,2023,-0.1203,-2085371.0,17339313.0,10,5+ years,4,"Norton County Hospital (Norton, KS)",110,126,-0.0214,0.0446
171349,Cloud County Health Center,Concordia,KS,Kansas,Critical access hospital (small rural),Nonprofit,Rural,15.0,2023,-0.1573,-3813535.0,24250555.0,1,1 year,1,"Cloud County Health Center (Concordia, KS)",119,126,-0.0214,0.0446
171350,Russell Regional Hospital,Russell,KS,Kansas,Critical access hospital (small rural),Nonprofit,Rural,21.0,2023,0.0096,213742.0,22311540.0,0,Made money,0,"Russell Regional Hospital (Russell, KS)",49,126,-0.0214,0.0446
171351,Washington County Hospital,Washington,KS,Kansas,Critical access hospital (small rural),Government,Rural,25.0,2023,0.0347,319077.0,9199027.0,0,Made money,0,"Washington County Hospital (Washington, KS)",34,126,-0.0214,0.0446
171352,Decatur Health Systems,Oberlin,KS,Kansas,Critical access hospital (small rural),Nonprofit,Rural,18.0,2023,0.0588,740882.0,12594133.0,0,Made money,0,"Decatur Health Systems (Oberlin, KS)",24,126,-0.0214,0.0446
171353,Phillips County Hospital,Phillipsburg,KS,Kansas,Critical access hospital (small rural),Government,Rural,25.0,2023,-0.0563,-1070361.0,19019393.0,2,2 years,2,"Phillips County Hospital (Phillipsburg, KS)",86,126,-0.0214,0.0446
171354,Community Healthcare System,Onaga,KS,Kansas,Critical access hospital (small rural),Nonprofit,Urban,25.0,2023,-0.0644,-2386784.0,37084348.0,2,2 years,2,"Community Healthcare System (Onaga, KS)",91,126,-0.0214,0.0446
171355,Trego County Lemke Memorial Hospital,Wakeeney,KS,Kansas,Critical access hospital (small rural),Government,Rural,25.0,2023,0.0063,116428.0,18475064.0,0,Made money,0,"Trego County Lemke Memorial Hospital (Wakeeney, KS)",50,126,-0.0214,0.0446
171356,St. Luke Hospital,Marion,KS,Kansas,Critical access hospital (small rural),Government,Rural,10.0,2023,0.046,812773.0,17678912.0,0,Made money,0,"St. Luke Hospital (Marion, KS)",30,126,-0.0214,0.0446
171357,Hillsboro Community Hospital,Hillsboro,KS,Kansas,Critical access hospital (small rural),For-profit,Rural,15.0,2022,0.0406,402329.0,9901935.0,0,Made money,0,"Hillsboro Community Hospital (Hillsboro, KS)",1,3,-0.0214,0.0446
171358,Lindsborg Community Hospital,Lindsborg,KS,Kansas,Critical access hospital (small rural),Nonprofit,Rural,14.0,2023,0.0334,564642.0,16887932.0,0,Made money,0,"Lindsborg Community Hospital (Lindsborg, KS)",38,126,-0.0214,0.0446
171359,Greeley County Health Services,Tribune,KS,Kansas,Critical access hospital (small rural),Government,Rural,25.0,2023,-0.0234,-358864.0,15346554.0,2,2 years,2,"Greeley County Health Services (Tribune, KS)",66,126,-0.0214,0.0446
171360,Lincoln County Hospital,Lincoln,KS,Kansas,Critical access hospital (small rural),Government,Rural,13.0,2023,-0.0769,-595817.0,7743452.0,1,1 year,1,"Lincoln County Hospital (Lincoln, KS)",95,126,-0.0214,0.0446
171361,Great Plains Of Republic Co.  Inc,Belleville,KS,Kansas,Critical access hospital (small rural),Government,Rural,25.0,2023,-0.0033,-66579.0,20123684.0,1,1 year,1,"Great Plains Of Republic Co.  Inc (Belleville, KS)",56,126,-0.0214,0.0446
171362,Citizens Medical Center,Colby,KS,Kansas,Critical access hospital (small rural),Nonprofit,Rural,23.0,2023,-0.0187,-1191798.0,63661183.0,1,1 year,1,"Citizens Medical Center (Colby, KS)",62,126,-0.0214,0.0446
171363,Community Memorial Healthcare  Inc.,Marysville,KS,Kansas,Critical access hospital (small rural),Nonprofit,Rural,23.0,2023,-0.0455,-1275798.0,28045289.0,2,2 years,2,"Community Memorial Healthcare  Inc. (Marysville, KS)",77,126,-0.0214,0.0446
171364,Osborne County Memorial Hospital,Osborne,KS,Kansas,Critical access hospital (small rural),Government,Rural,16.0,2023,0.0338,361332.0,10677202.0,0,Made money,0,"Osborne County Memorial Hospital (Osborne, KS)",37,126,-0.0214,0.0446
171365,Hanover Hospital,Hanover,KS,Kansas,Critical access hospital (small rural),Government,Rural,25.0,2023,0.0194,150541.0,7747675.0,0,Made money,0,"Hanover Hospital (Hanover, KS)",46,126,-0.0214,0.0446
171367,Gove County Medical Center,Quinter,KS,Kansas,Critical access hospital (small rural),Government,Rural,21.0,2023,-0.1207,-2076349.0,17202743.0,3,3-4 years,3,"Gove County Medical Center (Quinter, KS)",111,126,-0.0214,0.0446
171368,Minneola District Hospital,Minneola,KS,Kansas,Critical access hospital (small rural),Government,Rural,14.0,2023,-0.0968,-1930418.0,19938732.0,2,2 years,2,"Minneola District Hospital (Minneola, KS)",102,126,-0.0214,0.0446
171369,Hodgeman County Health Center,Jetmore,KS,Kansas,Critical access hospital (small rural),Government,Rural,25.0,2023,0.0645,861145.0,13346282.0,0,Made money,0,"Hodgeman County Health Center (Jetmore, KS)",19,126,-0.0214,0.0446
171370,Goodland Regional Medical Center,Goodland,KS,Kansas,Critical access hospital (small rural),Government,Rural,23.0,2023,0.062,1531508.0,24689466.0,0,Made money,0,"Goodland Regional Medical Center (Goodland, KS)",21,126,-0.0214,0.0446
171371,Clay County Medical Center,Clay Center,KS,Kansas,Critical access hospital (small rural),Government,Rural,20.0,2023,0.0223,843415.0,37787962.0,0,Made money,0,"Clay County Medical Center (Clay Center, KS)",45,126,-0.0214,0.0446
171372,Scott County Hospital  Inc.,Scott City,KS,Kansas,Critical access hospital (small rural),Government,Rural,25.0,2023,-0.0417,-1269946.0,30462231.0,3,3-4 years,3,"Scott County Hospital  Inc. (Scott City, KS)",74,126,-0.0214,0.0446
171373,Allen County Regional Hospital,Iola,KS,Kansas,Critical access hospital (small rural),Government,Rural,25.0,2023,-0.1042,-2912830.0,27961375.0,2,2 years,2,"Allen County Regional Hospital (Iola, KS)",106,126,-0.0214,0.0446
171374,Fredonia Regional Hospital,Fredonia,KS,Kansas,Critical access hospital (small rural),Government,Rural,25.0,2023,-0.0507,-710379.0,14019002.0,2,2 years,2,"Fredonia Regional Hospital (Fredonia, KS)",82,126,-0.0214,0.0446
171375,Mitchell Co Hosp Health Systems,Beloit,KS,Kansas,Critical access hospital (small rural),Government,Rural,17.0,2023,-0.0016,-48368.0,29782939.0,2,2 years,2,"Mitchell Co Hosp Health Systems (Beloit, KS)",55,126,-0.0214,0.0446
171376,Hospital District #1 Crawford County,Girard,KS,Kansas,Critical access hospital (small rural),Government,Rural,23.0,2023,-0.0525,-1206925.0,22996207.0,2,2 years,2,"Hospital District #1 Crawford County (Girard, KS)",84,126,-0.0214,0.0446
171377,Great Plains Of Smith Co.  Inc,Smith Center,KS,Kansas,Critical access hospital (small rural),Government,Rural,16.0,2023,-0.0496,-1250646.0,25221689.0,4,3-4 years,3,"Great Plains Of Smith Co.  Inc (Smith Center, KS)",80,126,-0.0214,0.0446
171378,Ninnescah Valley Health Systems,Kingman,KS,Kansas,Critical access hospital (small rural),Nonprofit,Rural,25.0,2023,0.0342,688516.0,20141804.0,0,Made money,0,"Ninnescah Valley Health Systems (Kingman, KS)",35,126,-0.0214,0.0446
171379,Morris County Hospital,Council Grove,KS,Kansas,Critical access hospital (small rural),Government,Rural,21.0,2023,-0.0289,-489952.0,16974452.0,2,2 years,2,"Morris County Hospital (Council Grove, KS)",70,126,-0.0214,0.0446
171380,Neosho Memorial Regional Med Ctr,Chanute,KS,Kansas,Critical access hospital (small rural),Government,Rural,22.0,2023,0.0411,2708849.0,65967682.0,0,Made money,0,"Neosho Memorial Regional Med Ctr (Chanute, KS)",33,126,-0.0214,0.0446
171381,Memorial Hospital - Abilene,Abilene,KS,Kansas,Critical access hospital (small rural),Government,Rural,21.0,2023,-0.0279,-1386048.0,49755196.0,1,1 year,1,"Memorial Hospital - Abilene (Abilene, KS)",69,126,-0.0214,0.0446
171382,Atchison Hospital Association,Atchison,KS,Kansas,Critical access hospital (small rural),Nonprofit,Rural,25.0,2023,-0.1188,-6586004.0,55448223.0,2,2 years,2,"Atchison Hospital Association (Atchison, KS)",109,126,-0.0214,0.0446
171383,William Newton Memorial Hospital,Winfield,KS,Kansas,Critical access hospital (small rural),Government,Rural,23.0,2023,-0.1089,-5002916.0,45949013.0,2,2 years,2,"William Newton Memorial Hospital (Winfield, KS)",107,126,-0.0214,0.0446
171384,Newman Regional Health,Emporia,KS,Kansas,Critical access hospital (small rural),Government,Rural,20.0,2023,-0.078,-6347436.0,81359992.0,2,2 years,2,"Newman Regional Health (Emporia, KS)",96,126,-0.0214,0.0446
171385,Coffey County Hospital,Burlington,KS,Kansas,Critical access hospital (small rural),Government,Rural,25.0,2023,-0.0948,-2563094.0,27032020.0,1,1 year,1,"Coffey County Hospital (Burlington, KS)",101,126,-0.0214,0.0446
180001,St Elizabeth Ft Thomas,Ft. Thomas,KY,Kentucky,General hospital,Nonprofit,Urban,106.0,2023,0.0414,6467469.0,156143881.0,0,Made money,0,"St Elizabeth Ft Thomas (Ft. Thomas, KY)",70,89,0.1252,0.0446
180002,Whitesburg Arh,Whitesburg,KY,Kentucky,General hospital,Nonprofit,Rural,90.0,2023,0.2617,23162776.0,88504642.0,0,Made money,0,"Whitesburg Arh (Whitesburg, KY)",9,89,0.1252,0.0446
180004,Muhlenberg Community Hospital,Greenville,KY,Kentucky,General hospital,Nonprofit,Rural,47.0,2023,0.0403,2387886.0,59272088.0,0,Made money,0,"Muhlenberg Community Hospital (Greenville, KY)",71,89,0.1252,0.0446
180005,Highlands Regional Medical Center,Prestonsburg,KY,Kentucky,General hospital,Nonprofit,Rural,63.0,2023,0.158,23453769.0,148486094.0,0,Made money,0,"Highlands Regional Medical Center (Prestonsburg, KY)",35,89,0.1252,0.0446
180009,Kings Daughters Medical Center,Ashland,KY,Kentucky,General hospital,Nonprofit,Urban,367.0,2023,0.2594,254053579.0,979206782.0,0,Made money,0,"Kings Daughters Medical Center (Ashland, KY)",11,89,0.1252,0.0446
180010,Saint Joseph Hospital,Lexington,KY,Kentucky,General hospital,Nonprofit,Urban,267.0,2023,-0.0494,-19753235.0,399679452.0,4,3-4 years,3,"Saint Joseph Hospital (Lexington, KY)",82,89,0.1252,0.0446
180011,Saint Joseph London,London,KY,Kentucky,General hospital,Nonprofit,Rural,118.0,2023,0.0925,20468648.0,221295698.0,0,Made money,0,"Saint Joseph London (London, KY)",56,89,0.1252,0.0446
180012,Baptist Health Hardin,Elizabethtown,KY,Kentucky,General hospital,Nonprofit,Urban,271.0,2023,0.1252,70846362.0,566006989.0,0,Made money,0,"Baptist Health Hardin (Elizabethtown, KY)",45,89,0.1252,0.0446
180013,The Medical Center,Bowling Green,KY,Kentucky,General hospital,Nonprofit,Urban,304.0,2023,0.1338,75096386.0,561229291.0,0,Made money,0,"The Medical Center (Bowling Green, KY)",42,89,0.1252,0.0446
180016,Uofl Health-Shelbyville,Shelbyville,KY,Kentucky,General hospital,Nonprofit,Urban,32.0,2023,-0.1607,-5910645.0,36778848.0,4,3-4 years,3,"Uofl Health-Shelbyville (Shelbyville, KY)",86,89,0.1252,0.0446
180017,T.J. Samson Community Hospital,Glasgow,KY,Kentucky,General hospital,Nonprofit,Rural,112.0,2023,0.0536,12864180.0,240045802.0,0,Made money,0,"T.J. Samson Community Hospital (Glasgow, KY)",64,89,0.1252,0.0446
180018,St. Claire Medical Center,Morehead,KY,Kentucky,General hospital,Nonprofit,Rural,100.0,2023,-0.0819,-19516051.0,238362199.0,2,2 years,2,"St. Claire Medical Center (Morehead, KY)",85,89,0.1252,0.0446
180019,Meadowview Regional Medical Center,Maysville,KY,Kentucky,General hospital,For-profit,Rural,100.0,2023,0.1227,11049197.0,90016903.0,0,Made money,0,"Meadowview Regional Medical Center (Maysville, KY)",47,89,0.1252,0.0446
180020,Middlesboro Arh,Middlesboro,KY,Kentucky,General hospital,Nonprofit,Rural,46.0,2023,0.1684,11080973.0,65801074.0,0,Made money,0,"Middlesboro Arh (Middlesboro, KY)",30,89,0.1252,0.0446
180024,Spring View Hospital,Lebanon,KY,Kentucky,General hospital,For-profit,Rural,63.0,2023,0.0725,3901900.0,53787655.0,0,Made money,0,"Spring View Hospital (Lebanon, KY)",59,89,0.1252,0.0446
180025,Flaget Memorial Hospital,Bardstown,KY,Kentucky,General hospital,Nonprofit,Rural,40.0,2023,0.1352,14077859.0,104154222.0,0,Made money,0,"Flaget Memorial Hospital (Bardstown, KY)",41,89,0.1252,0.0446
180027,Murray Calloway County Hospital,Murray,KY,Kentucky,General hospital,Government,Rural,99.0,2023,0.057,10161858.0,178330630.0,0,Made money,0,"Murray Calloway County Hospital (Murray, KY)",63,89,0.1252,0.0446
180029,Hazard Arh,Hazard,KY,Kentucky,General hospital,Nonprofit,Rural,103.0,2023,0.1485,45682288.0,307627549.0,0,Made money,0,"Hazard Arh (Hazard, KY)",40,89,0.1252,0.0446
180035,St Elizabeth Healthcare,Edgewood,KY,Kentucky,General hospital,Nonprofit,Urban,438.0,2023,0.1632,220365976.0,1350016241.0,0,Made money,0,"St Elizabeth Healthcare (Edgewood, KY)",32,89,0.1252,0.0446
180038,Owensboro Health Regional Hospital,Owensboro,KY,Kentucky,General hospital,Nonprofit,Urban,302.0,2023,0.1558,113084670.0,725911770.0,0,Made money,0,"Owensboro Health Regional Hospital (Owensboro, KY)",38,89,0.1252,0.0446
180040,Uofl Health-Louisville,Louisville,KY,Kentucky,General hospital,Nonprofit,Urban,789.0,2023,0.0489,57906906.0,1185184293.0,0,Made money,0,"Uofl Health-Louisville (Louisville, KY)",66,89,0.1252,0.0446
180043,Adventhealth Manchester,Manchester,KY,Kentucky,General hospital,Nonprofit,Rural,49.0,2023,0.0191,1629414.0,85440555.0,0,Made money,0,"Adventhealth Manchester (Manchester, KY)",76,89,0.1252,0.0446
180044,Pikeville Medical Center,Pikeville,KY,Kentucky,General hospital,Nonprofit,Rural,328.0,2023,0.046,32000655.0,694940706.0,0,Made money,0,"Pikeville Medical Center (Pikeville, KY)",68,89,0.1252,0.0446
180045,St. Elizabeth Florence,Florence,KY,Kentucky,General hospital,Nonprofit,Urban,146.0,2023,0.1144,27161145.0,237454062.0,0,Made money,0,"St. Elizabeth Florence (Florence, KY)",49,89,0.1252,0.0446
180046,Bourbon Community Hospital,Paris,KY,Kentucky,General hospital,For-profit,Urban,34.0,2023,0.1916,9338673.0,48739768.0,0,Made money,0,"Bourbon Community Hospital (Paris, KY)",26,89,0.1252,0.0446
180048,Ephraim Mcdowell Reg Med Ctr,Danville,KY,Kentucky,General hospital,Nonprofit,Rural,157.0,2023,0.0127,3231850.0,255176750.0,0,Made money,0,"Ephraim Mcdowell Reg Med Ctr (Danville, KY)",77,89,0.1252,0.0446
180049,Baptist Health Richmond,Richmond,KY,Kentucky,General hospital,Nonprofit,Rural,53.0,2023,0.1622,32065961.0,197738518.0,0,Made money,0,"Baptist Health Richmond (Richmond, KY)",33,89,0.1252,0.0446
180050,Harlan Arh,Harlan,KY,Kentucky,General hospital,Nonprofit,Rural,56.0,2023,0.2177,24646668.0,113203682.0,0,Made money,0,"Harlan Arh (Harlan, KY)",19,89,0.1252,0.0446
180051,Jennie Stuart Medical Center,Hopkinsville,KY,Kentucky,General hospital,Nonprofit,Urban,105.0,2023,-0.0204,-3931781.0,193022020.0,2,2 years,2,"Jennie Stuart Medical Center (Hopkinsville, KY)",80,89,0.1252,0.0446
180056,Deaconess Henderson Hospital,Henderson,KY,Kentucky,General hospital,Nonprofit,Urban,118.0,2023,0.0971,13136631.0,135345547.0,0,Made money,0,"Deaconess Henderson Hospital (Henderson, KY)",53,89,0.1252,0.0446
180064,Saint Joseph Mount Sterling,Mt. Sterling,KY,Kentucky,General hospital,Nonprofit,Rural,42.0,2023,0.2583,26832061.0,103870910.0,0,Made money,0,"Saint Joseph Mount Sterling (Mt. Sterling, KY)",12,89,0.1252,0.0446
180066,Logan Memorial Hospital,Russellville,KY,Kentucky,General hospital,For-profit,Rural,37.0,2023,-0.1881,-5521590.0,29356533.0,1,1 year,1,"Logan Memorial Hospital (Russellville, KY)",87,89,0.1252,0.0446
180067,University Hospital,Lexington,KY,Kentucky,General hospital,Nonprofit,Urban,1129.0,2023,0.1657,554427354.0,3345555765.0,0,Made money,0,"University Hospital (Lexington, KY)",31,89,0.1252,0.0446
180069,Tug Valley Arh,South Williamson,KY,Kentucky,General hospital,Nonprofit,Rural,37.0,2023,0.0514,3402220.0,66196324.0,0,Made money,0,"Tug Valley Arh (South Williamson, KY)",65,89,0.1252,0.0446
180070,Owensboro Health Twin Lakes Medical,Leitchfield,KY,Kentucky,General hospital,Nonprofit,Rural,49.0,2023,0.2142,14471892.0,67576827.0,0,Made money,0,"Owensboro Health Twin Lakes Medical (Leitchfield, KY)",20,89,0.1252,0.0446
180078,Paintsville Arh Hospital,Paintsville,KY,Kentucky,General hospital,Nonprofit,Rural,39.0,2023,0.2476,11664039.0,47103219.0,0,Made money,0,"Paintsville Arh Hospital (Paintsville, KY)",14,89,0.1252,0.0446
180079,Harrison Memorial Hospital,Cynthiana,KY,Kentucky,General hospital,Nonprofit,Rural,26.0,2023,0.0359,3169753.0,88252105.0,0,Made money,0,"Harrison Memorial Hospital (Cynthiana, KY)",73,89,0.1252,0.0446
180080,Baptist Health Corbin,Corbin,KY,Kentucky,General hospital,Nonprofit,Rural,205.0,2023,0.2011,75219800.0,373981600.0,0,Made money,0,"Baptist Health Corbin (Corbin, KY)",24,89,0.1252,0.0446
180087,Taylor Regional Hospital,Campbellsville,KY,Kentucky,General hospital,Government,Rural,90.0,2023,0.0731,10348602.0,141568223.0,0,Made money,0,"Taylor Regional Hospital (Campbellsville, KY)",58,89,0.1252,0.0446
180088,Norton Hospitals  Inc,Louisville,KY,Kentucky,General hospital,Nonprofit,Urban,1515.0,2023,0.0267,79825219.0,2989296261.0,0,Made money,0,"Norton Hospitals  Inc (Louisville, KY)",74,89,0.1252,0.0446
180092,Clark Regional Medical Center,Winchester,KY,Kentucky,General hospital,For-profit,Urban,59.0,2023,0.2315,44237063.0,191080094.0,0,Made money,0,"Clark Regional Medical Center (Winchester, KY)",17,89,0.1252,0.0446
180093,Baptist Health Deaconessmadisonville,Madisonville,KY,Kentucky,General hospital,Nonprofit,Rural,154.0,2023,0.1204,34945393.0,290235171.0,0,Made money,0,"Baptist Health Deaconessmadisonville (Madisonville, KY)",48,89,0.1252,0.0446
180095,Crittenden Community Hospital Llc,Marion,KY,Kentucky,General hospital,Nonprofit,Rural,48.0,2023,-0.0727,-1153594.0,15867479.0,2,2 years,2,"Crittenden Community Hospital Llc (Marion, KY)",84,89,0.1252,0.0446
180101,Georgetown Community Hospital,Georgetown,KY,Kentucky,General hospital,For-profit,Urban,75.0,2023,0.2136,33784303.0,158175970.0,0,Made money,0,"Georgetown Community Hospital (Georgetown, KY)",21,89,0.1252,0.0446
180102,Mercy Health Lourdes Hospital Llc,Paducah,KY,Kentucky,General hospital,Nonprofit,Rural,184.0,2023,0.1595,53657207.0,336470296.0,0,Made money,0,"Mercy Health Lourdes Hospital Llc (Paducah, KY)",34,89,0.1252,0.0446
180103,Baptist Health Lexington,Lexington,KY,Kentucky,General hospital,Nonprofit,Urban,434.0,2023,0.097,97190806.0,1002415993.0,0,Made money,0,"Baptist Health Lexington (Lexington, KY)",54,89,0.1252,0.0446
180104,Baptist Health Paducah,Paducah,KY,Kentucky,General hospital,Nonprofit,Rural,190.0,2023,0.1038,48524611.0,467516603.0,0,Made money,0,"Baptist Health Paducah (Paducah, KY)",52,89,0.1252,0.0446
180105,Monroe County Medical Center,Tompkinsville,KY,Kentucky,General hospital,Nonprofit,Rural,49.0,2023,0.0124,284259.0,22948125.0,0,Made money,0,"Monroe County Medical Center (Tompkinsville, KY)",78,89,0.1252,0.0446
180106,The Medical Center Of Albany,Albany,KY,Kentucky,General hospital,Nonprofit,Rural,20.0,2022,-0.0299,-478623.0,16015404.0,2,2 years,2,"The Medical Center Of Albany (Albany, KY)",1,1,0.1252,0.0446
180115,Rockcastle Hospt. & Respir Care Ctr,Mt Vernon,KY,Kentucky,General hospital,Nonprofit,Rural,30.0,2023,0.0386,3382954.0,87731826.0,0,Made money,0,"Rockcastle Hospt. & Respir Care Ctr (Mt Vernon, KY)",72,89,0.1252,0.0446
180116,Jackson Purchase Medical Center,Mayfield,KY,Kentucky,General hospital,For-profit,Rural,95.0,2023,0.0646,7101150.0,109874894.0,0,Made money,0,"Jackson Purchase Medical Center (Mayfield, KY)",62,89,0.1252,0.0446
180124,Greenview Regional Hospital,Bowling Green,KY,Kentucky,General hospital,For-profit,Urban,118.0,2023,0.1909,27370538.0,143354454.0,0,Made money,0,"Greenview Regional Hospital (Bowling Green, KY)",27,89,0.1252,0.0446
180127,Frankfort Regional,Frankfort,KY,Kentucky,General hospital,For-profit,Rural,118.0,2023,0.3137,41771644.0,133138699.0,0,Made money,0,"Frankfort Regional (Frankfort, KY)",5,89,0.1252,0.0446
180128,Three Rivers Medical Center,Louisa,KY,Kentucky,General hospital,For-profit,Rural,65.0,2023,0.1514,7371703.0,48683468.0,0,Made money,0,"Three Rivers Medical Center (Louisa, KY)",39,89,0.1252,0.0446
180130,Baptist Health Louisville,Louisville,KY,Kentucky,General hospital,Nonprofit,Urban,464.0,2023,-0.063,-50472540.0,800559502.0,5,5+ years,4,"Baptist Health Louisville (Louisville, KY)",83,89,0.1252,0.0446
180132,Lake Cumberland Regional Hosp,Somerset,KY,Kentucky,General hospital,For-profit,Rural,182.0,2023,0.1232,40471537.0,328610646.0,0,Made money,0,"Lake Cumberland Regional Hosp (Somerset, KY)",46,89,0.1252,0.0446
180138,Baptist Health Lagrange,Lagrange,KY,Kentucky,General hospital,Nonprofit,Urban,52.0,2023,0.2583,91425125.0,353913860.0,0,Made money,0,"Baptist Health Lagrange (Lagrange, KY)",12,89,0.1252,0.0446
180139,Kentucky River Medical Center,Jackson,KY,Kentucky,General hospital,For-profit,Rural,49.0,2023,0.0482,1750991.0,36293697.0,0,Made money,0,"Kentucky River Medical Center (Jackson, KY)",67,89,0.1252,0.0446
180141,University Of Louisville Hospital,Louisville,KY,Kentucky,General hospital,Nonprofit,Urban,333.0,2023,0.0253,24078540.0,951167930.0,0,Made money,0,"University Of Louisville Hospital (Louisville, KY)",75,89,0.1252,0.0446
180143,Saint Joseph East,Lexington,KY,Kentucky,General hospital,Nonprofit,Urban,138.0,2023,0.1271,28557548.0,224771292.0,0,Made money,0,"Saint Joseph East (Lexington, KY)",44,89,0.1252,0.0446
180149,Tj Health Columbia,Columbia,KY,Kentucky,General hospital,Nonprofit,Rural,49.0,2023,0.1737,3422296.0,19699758.0,0,Made money,0,"Tj Health Columbia (Columbia, KY)",29,89,0.1252,0.0446
180154,Pineville Community Health Center,Pineville,KY,Kentucky,General hospital,Nonprofit,Rural,45.0,2023,-0.6137,-17329618.0,28236458.0,4,3-4 years,3,"Pineville Community Health Center (Pineville, KY)",89,89,0.1252,0.0446
181301,Marcum & Wallace Memorial Hospital,Irvine,KY,Kentucky,Critical access hospital (small rural),Nonprofit,Rural,25.0,2023,-0.3784,-7263129.0,19194448.0,2,2 years,2,"Marcum & Wallace Memorial Hospital (Irvine, KY)",88,89,0.1252,0.0446
181302,James B Haggin Memorial Hospital,Harrodsburg,KY,Kentucky,Critical access hospital (small rural),Nonprofit,Rural,25.0,2023,0.1295,4561871.0,35218863.0,0,Made money,0,"James B Haggin Memorial Hospital (Harrodsburg, KY)",43,89,0.1252,0.0446
181304,Trigg County Hospital,Cadiz,KY,Kentucky,Critical access hospital (small rural),Nonprofit,Urban,25.0,2023,0.1785,5410460.0,30306685.0,0,Made money,0,"Trigg County Hospital (Cadiz, KY)",28,89,0.1252,0.0446
181305,Our Lady Of The Way,Martin,KY,Kentucky,Critical access hospital (small rural),Nonprofit,Rural,25.0,2023,0.3331,11208721.0,33650585.0,0,Made money,0,"Our Lady Of The Way (Martin, KY)",2,89,0.1252,0.0446
181306,Deaconness Union County Hospital,Morganfield,KY,Kentucky,Critical access hospital (small rural),Nonprofit,Rural,25.0,2023,0.2089,6281641.0,30071730.0,0,Made money,0,"Deaconness Union County Hospital (Morganfield, KY)",22,89,0.1252,0.0446
181307,Morgan Co. Arh,West Liberty,KY,Kentucky,Critical access hospital (small rural),Nonprofit,Rural,25.0,2023,0.2238,6259902.0,27967566.0,0,Made money,0,"Morgan Co. Arh (West Liberty, KY)",18,89,0.1252,0.0446
181308,Bluegrass Community Hospital,Versailles,KY,Kentucky,Critical access hospital (small rural),For-profit,Urban,25.0,2023,0.11,2815727.0,25598173.0,0,Made money,0,"Bluegrass Community Hospital (Versailles, KY)",50,89,0.1252,0.0446
181309,Casey County Hospital,Liberty,KY,Kentucky,Critical access hospital (small rural),Government,Rural,24.0,2023,0.4091,20730572.0,50676707.0,0,Made money,0,"Casey County Hospital (Liberty, KY)",1,89,0.1252,0.0446
181310,Carroll County Memorial Hosp,Carrollton,KY,Kentucky,Critical access hospital (small rural),Nonprofit,Rural,25.0,2023,0.0853,2138425.0,25083205.0,0,Made money,0,"Carroll County Memorial Hosp (Carrollton, KY)",57,89,0.1252,0.0446
181311,St Elizabeth - Grant County,Williamstown,KY,Kentucky,Critical access hospital (small rural),Nonprofit,Urban,15.0,2023,0.3058,14784901.0,48345521.0,0,Made money,0,"St Elizabeth - Grant County (Williamstown, KY)",6,89,0.1252,0.0446
181314,The Medical Center At Caverna,Horse Cave,KY,Kentucky,Critical access hospital (small rural),Nonprofit,Rural,25.0,2023,0.2021,5337541.0,26404976.0,0,Made money,0,"The Medical Center At Caverna (Horse Cave, KY)",23,89,0.1252,0.0446
181315,Fort Logan Hospital,Stanford,KY,Kentucky,Critical access hospital (small rural),Nonprofit,Rural,25.0,2023,0.2595,9173718.0,35350859.0,0,Made money,0,"Fort Logan Hospital (Stanford, KY)",10,89,0.1252,0.0446
181316,Mary Breckinridge Hospital,Hyden,KY,Kentucky,Critical access hospital (small rural),Nonprofit,Rural,25.0,2023,0.3253,9453683.0,29060947.0,0,Made money,0,"Mary Breckinridge Hospital (Hyden, KY)",3,89,0.1252,0.0446
181317,Cumberland County Hospital,Burkesville,KY,Kentucky,Critical access hospital (small rural),Nonprofit,Rural,25.0,2023,0.01,277387.0,27762882.0,0,Made money,0,"Cumberland County Hospital (Burkesville, KY)",79,89,0.1252,0.0446
181318,The Medical Center At Franklin,Franklin,KY,Kentucky,Critical access hospital (small rural),Nonprofit,Rural,25.0,2023,0.2463,9524074.0,38663641.0,0,Made money,0,"The Medical Center At Franklin (Franklin, KY)",15,89,0.1252,0.0446
181319,Breckinridge Health  Inc,Hardinsburg,KY,Kentucky,Critical access hospital (small rural),Nonprofit,Rural,25.0,2023,0.0954,2806200.0,29404675.0,0,Made money,0,"Breckinridge Health  Inc (Hardinsburg, KY)",55,89,0.1252,0.0446
181320,Livingston Hospital,Salem,KY,Kentucky,Critical access hospital (small rural),Nonprofit,Rural,25.0,2023,0.0686,1559759.0,22736408.0,0,Made money,0,"Livingston Hospital (Salem, KY)",60,89,0.1252,0.0446
181321,Wayne County Hospital,Monticello,KY,Kentucky,Critical access hospital (small rural),Nonprofit,Rural,25.0,2023,-0.0226,-477415.0,21089444.0,1,1 year,1,"Wayne County Hospital (Monticello, KY)",81,89,0.1252,0.0446
181322,Caldwell County Hospital,Princeton,KY,Kentucky,Critical access hospital (small rural),Nonprofit,Rural,25.0,2023,0.1089,3421686.0,31427501.0,0,Made money,0,"Caldwell County Hospital (Princeton, KY)",51,89,0.1252,0.0446
181323,Ohio County Hospital,Hartford,KY,Kentucky,Critical access hospital (small rural),Nonprofit,Rural,25.0,2023,0.0684,5319228.0,77798645.0,0,Made money,0,"Ohio County Hospital (Hartford, KY)",61,89,0.1252,0.0446
181324,The Medical Center At Scottsville,Scottsville,KY,Kentucky,Critical access hospital (small rural),Nonprofit,Urban,25.0,2023,0.1561,6597142.0,42254389.0,0,Made money,0,"The Medical Center At Scottsville (Scottsville, KY)",37,89,0.1252,0.0446
181325,Jane Todd Crawford Hospital,Greensburg,KY,Kentucky,Critical access hospital (small rural),Nonprofit,Rural,25.0,2023,0.28,12534015.0,44770789.0,0,Made money,0,"Jane Todd Crawford Hospital (Greensburg, KY)",7,89,0.1252,0.0446
181327,Marshall County Hospital,Benton,KY,Kentucky,Critical access hospital (small rural),Government,Rural,25.0,2023,0.0437,1267238.0,29014068.0,0,Made money,0,"Marshall County Hospital (Benton, KY)",69,89,0.1252,0.0446
181328,Barbourville Arh Hospital,Barbourville,KY,Kentucky,Critical access hospital (small rural),Nonprofit,Rural,25.0,2023,0.2731,14432291.0,52855436.0,0,Made money,0,"Barbourville Arh Hospital (Barbourville, KY)",8,89,0.1252,0.0446
181329,Saint Joseph Berea,Berea,KY,Kentucky,Critical access hospital (small rural),Nonprofit,Rural,25.0,2023,0.2369,12870532.0,54323370.0,0,Made money,0,"Saint Joseph Berea (Berea, KY)",16,89,0.1252,0.0446
181330,Russell County Hospital,Russell Springs,KY,Kentucky,Critical access hospital (small rural),Government,Rural,25.0,2023,0.2002,9929047.0,49591063.0,0,Made money,0,"Russell County Hospital (Russell Springs, KY)",25,89,0.1252,0.0446
181331,Mcdowell Arh,Mcdowell,KY,Kentucky,Critical access hospital (small rural),Nonprofit,Rural,25.0,2023,0.3162,12570155.0,39756959.0,0,Made money,0,"Mcdowell Arh (Mcdowell, KY)",4,89,0.1252,0.0446
181332,Fleming County Hospital,Flemingsburg,KY,Kentucky,Critical access hospital (small rural),For-profit,Rural,25.0,2023,0.1568,3613035.0,23038659.0,0,Made money,0,"Fleming County Hospital (Flemingsburg, KY)",36,89,0.1252,0.0446
190002,Lafayette General Medical Center,Lafayette,LA,Louisiana,General hospital,Nonprofit,Urban,390.0,2023,0.0775,53582611.0,691085198.0,0,Made money,0,"Lafayette General Medical Center (Lafayette, LA)",49,108,0.0643,0.0446
190004,Thibodaux Regional Health System,Thibodaux,LA,Louisiana,General hospital,Nonprofit,Urban,170.0,2023,0.1476,49187959.0,333242854.0,0,Made money,0,"Thibodaux Regional Health System (Thibodaux, LA)",27,108,0.0643,0.0446
190005,University Medical Ctr. At New Orlea,New Orleans,LA,Louisiana,General hospital,Nonprofit,Urban,310.0,2023,-0.1272,-91545404.0,719768563.0,3,3-4 years,3,"University Medical Ctr. At New Orlea (New Orleans, LA)",103,108,0.0643,0.0446
190006,University Hospital & Clinics,Lafayette,LA,Louisiana,General hospital,Nonprofit,Urban,52.0,2023,0.0071,1548921.0,218473062.0,0,Made money,0,"University Hospital & Clinics (Lafayette, LA)",74,108,0.0643,0.0446
190007,Natchitoches Regional Medical Center,Natchitoches,LA,Louisiana,General hospital,Government,Rural,81.0,2023,0.0198,2334950.0,118108737.0,0,Made money,0,"Natchitoches Regional Medical Center (Natchitoches, LA)",69,108,0.0643,0.0446
190008,Terrebonne General Health System,Houma,LA,Louisiana,General hospital,Government,Urban,151.0,2023,0.0536,14753728.0,275178769.0,0,Made money,0,"Terrebonne General Health System (Houma, LA)",61,108,0.0643,0.0446
190011,Ochsner Lsu Health Monroe,Monroe,LA,Louisiana,General hospital,Nonprofit,Urban,85.0,2023,-0.0356,-5358162.0,150436458.0,3,3-4 years,3,"Ochsner Lsu Health Monroe (Monroe, LA)",85,108,0.0643,0.0446
190013,West Calcasieu-Cameron Hospital,Sulphur,LA,Louisiana,General hospital,Government,Urban,107.0,2023,-0.0214,-2024736.0,94467762.0,1,1 year,1,"West Calcasieu-Cameron Hospital (Sulphur, LA)",82,108,0.0643,0.0446
190014,Ochsner St. Mary,Morgan City,LA,Louisiana,General hospital,For-profit,Rural,105.0,2023,-0.1017,-4106582.0,40364784.0,2,2 years,2,"Ochsner St. Mary (Morgan City, LA)",99,108,0.0643,0.0446
190015,North Oaks Medical Center,Hammond,LA,Louisiana,General hospital,Government,Urban,247.0,2023,0.3092,126547529.0,409218677.0,0,Made money,0,"North Oaks Medical Center (Hammond, LA)",4,108,0.0643,0.0446
190017,Opelousas General Hospital,Opelousas,LA,Louisiana,General hospital,Government,Rural,151.0,2023,-0.0445,-7953123.0,178633078.0,2,2 years,2,"Opelousas General Hospital (Opelousas, LA)",89,108,0.0643,0.0446
190019,St. Frances Cabrini Hospital,Alexandria,LA,Louisiana,General hospital,Nonprofit,Urban,266.0,2023,0.0702,26624279.0,379531594.0,0,Made money,0,"St. Frances Cabrini Hospital (Alexandria, LA)",52,108,0.0643,0.0446
190020,Lane Regional Medical Center,Zachary,LA,Louisiana,General hospital,Government,Urban,109.0,2023,-0.0495,-5315212.0,107385529.0,3,3-4 years,3,"Lane Regional Medical Center (Zachary, LA)",92,108,0.0643,0.0446
190025,Savoy Medical Management Group  Inc.,Mamou,LA,Louisiana,General hospital,Government,Rural,28.0,2023,0.092,4063195.0,44152060.0,0,Made money,0,"Savoy Medical Management Group  Inc. (Mamou, LA)",44,108,0.0643,0.0446
190026,Rapides Regional Medical Center,Alexandria,LA,Louisiana,General hospital,For-profit,Urban,375.0,2023,0.1608,52051058.0,323793199.0,0,Made money,0,"Rapides Regional Medical Center (Alexandria, LA)",22,108,0.0643,0.0446
190027,St. Patrick Hospital,Lake Charles,LA,Louisiana,General hospital,Nonprofit,Urban,100.0,2023,-0.0025,-442712.0,178840196.0,3,3-4 years,3,"St. Patrick Hospital (Lake Charles, LA)",76,108,0.0643,0.0446
190034,Abbeville General Hospital,Abbeville,LA,Louisiana,General hospital,Government,Urban,44.0,2023,0.0843,6583907.0,78147171.0,0,Made money,0,"Abbeville General Hospital (Abbeville, LA)",46,108,0.0643,0.0446
190036,Ochsner Clinic Foundation,New Orleans,LA,Louisiana,General hospital,Nonprofit,Urban,1023.0,2023,0.1564,454464575.0,2906025856.0,0,Made money,0,"Ochsner Clinic Foundation (New Orleans, LA)",24,108,0.0643,0.0446
190039,West Jefferson Medical Center,Marrero,LA,Louisiana,General hospital,Nonprofit,Urban,193.0,2023,-0.0202,-7921661.0,391596363.0,3,3-4 years,3,"West Jefferson Medical Center (Marrero, LA)",81,108,0.0643,0.0446
190040,Slidell Memorial Hospital,Slidell,LA,Louisiana,General hospital,Government,Urban,301.0,2023,0.036,12770579.0,354723386.0,0,Made money,0,"Slidell Memorial Hospital (Slidell, LA)",65,108,0.0643,0.0446
190041,Christus Shreveport-Bossier Health S,Shreveport,LA,Louisiana,General hospital,Nonprofit,Urban,199.0,2023,-0.0154,-4687373.0,303858475.0,1,1 year,1,"Christus Shreveport-Bossier Health S (Shreveport, LA)",80,108,0.0643,0.0446
190044,Acadia General Hospital,Crowley,LA,Louisiana,General hospital,Nonprofit,Urban,54.0,2023,0.1001,6400658.0,63944993.0,0,Made money,0,"Acadia General Hospital (Crowley, LA)",41,108,0.0643,0.0446
190045,St. Tammany Parish Hospital,Covington,LA,Louisiana,General hospital,Government,Urban,229.0,2023,0.1089,55628731.0,510659494.0,0,Made money,0,"St. Tammany Parish Hospital (Covington, LA)",38,108,0.0643,0.0446
190046,Touro Infirmary,New Orleans,LA,Louisiana,General hospital,Nonprofit,Urban,270.0,2023,-0.0679,-26851952.0,395571038.0,4,3-4 years,3,"Touro Infirmary (New Orleans, LA)",94,108,0.0643,0.0446
190050,Beauregard Memorial Hospital  Inc.,Deridder,LA,Louisiana,General hospital,Government,Rural,49.0,2023,-0.0129,-803466.0,62343376.0,2,2 years,2,"Beauregard Memorial Hospital  Inc. (Deridder, LA)",79,108,0.0643,0.0446
190053,Ochsner American Legion Hospital,Jennings,LA,Louisiana,General hospital,Nonprofit,Rural,49.0,2023,-0.2237,-13556213.0,60604469.0,1,1 year,1,"Ochsner American Legion Hospital (Jennings, LA)",107,108,0.0643,0.0446
190054,Iberia Medical Center,New Iberia,LA,Louisiana,General hospital,Government,Urban,133.0,2023,0.0299,4050228.0,135270963.0,0,Made money,0,"Iberia Medical Center (New Iberia, LA)",67,108,0.0643,0.0446
190060,Lake Charles Memorial Hospital,Lake Charles,LA,Louisiana,General hospital,Nonprofit,Urban,227.0,2023,0.2351,107378238.0,456764034.0,0,Made money,0,"Lake Charles Memorial Hospital (Lake Charles, LA)",7,108,0.0643,0.0446
190064,Our Lady Of The Lake  Rmc,Baton Rouge,LA,Louisiana,General hospital,Nonprofit,Urban,647.0,2023,0.1864,329103269.0,1765917866.0,0,Made money,0,"Our Lady Of The Lake  Rmc (Baton Rouge, LA)",14,108,0.0643,0.0446
190065,Baton Rouge General,Baton Rouge,LA,Louisiana,General hospital,Nonprofit,Urban,256.0,2023,0.0612,36761622.0,600469068.0,0,Made money,0,"Baton Rouge General (Baton Rouge, LA)",55,108,0.0643,0.0446
190079,St. Charles Parish Hospital,Luling,LA,Louisiana,General hospital,Government,Urban,27.0,2023,0.1687,15083784.0,89402886.0,0,Made money,0,"St. Charles Parish Hospital (Luling, LA)",21,108,0.0643,0.0446
190081,West Carroll Health Systems  Llc,Oak Grove,LA,Louisiana,General hospital,For-profit,Rural,30.0,2023,0.2603,10546399.0,40512104.0,0,Made money,0,"West Carroll Health Systems  Llc (Oak Grove, LA)",6,108,0.0643,0.0446
190086,North Louisiana Medical Center,Ruston,LA,Louisiana,General hospital,For-profit,Rural,122.0,2023,-0.0444,-2883855.0,64904338.0,2,2 years,2,"North Louisiana Medical Center (Ruston, LA)",88,108,0.0643,0.0446
190088,Springhill Medical Center,Springhill,LA,Louisiana,General hospital,Nonprofit,Rural,37.0,2023,0.0731,1984069.0,27127225.0,0,Made money,0,"Springhill Medical Center (Springhill, LA)",51,108,0.0643,0.0446
190090,Winn Parish Medical Center,Winnfield,LA,Louisiana,General hospital,For-profit,Rural,45.0,2023,-0.1151,-1897896.0,16482977.0,1,1 year,1,"Winn Parish Medical Center (Winnfield, LA)",100,108,0.0643,0.0446
190098,Ochsner Lsu Health Shreveport,Shreveport,LA,Louisiana,General hospital,Nonprofit,Urban,237.0,2023,0.009,6676558.0,744384369.0,0,Made money,0,"Ochsner Lsu Health Shreveport (Shreveport, LA)",73,108,0.0643,0.0446
190099,Avoyelles Hospital,Marksville,LA,Louisiana,General hospital,For-profit,Rural,39.0,2023,0.1014,3668565.0,36190795.0,0,Made money,0,"Avoyelles Hospital (Marksville, LA)",40,108,0.0643,0.0446
190102,Our Lady Of Lourdes Rmc,Lafayette,LA,Louisiana,General hospital,Nonprofit,Urban,383.0,2023,0.1982,116721918.0,588931623.0,0,Made money,0,"Our Lady Of Lourdes Rmc (Lafayette, LA)",11,108,0.0643,0.0446
190106,Oakdale Community Hospital,Oakdale,LA,Louisiana,General hospital,For-profit,Rural,49.0,2023,-0.1189,-2701754.0,22726843.0,2,2 years,2,"Oakdale Community Hospital (Oakdale, LA)",101,108,0.0643,0.0446
190111,Willis-Knighton Health Systems,Shreveport,LA,Louisiana,General hospital,Nonprofit,Urban,674.0,2023,0.3249,438289038.0,1348832894.0,0,Made money,0,"Willis-Knighton Health Systems (Shreveport, LA)",3,108,0.0643,0.0446
190114,Homer Memorial Hospital,Homer,LA,Louisiana,General hospital,Government,Rural,37.0,2023,-0.0034,-111736.0,32939447.0,2,2 years,2,"Homer Memorial Hospital (Homer, LA)",77,108,0.0643,0.0446
190116,Morehouse General Hospital,Bastrop,LA,Louisiana,General hospital,Government,Urban,39.0,2023,0.0133,497211.0,37472890.0,0,Made money,0,"Morehouse General Hospital (Bastrop, LA)",70,108,0.0643,0.0446
190118,Desoto Regional Health System,Mansfield,LA,Louisiana,General hospital,Nonprofit,Urban,34.0,2023,0.1286,4551343.0,35395098.0,0,Made money,0,"Desoto Regional Health System (Mansfield, LA)",28,108,0.0643,0.0446
190125,St. Francis Medical Center,Monroe,LA,Louisiana,General hospital,Nonprofit,Urban,332.0,2023,0.0405,16166309.0,399653007.0,0,Made money,0,"St. Francis Medical Center (Monroe, LA)",64,108,0.0643,0.0446
190128,Womans Hospital,Baton Rouge,LA,Louisiana,General hospital,Nonprofit,Urban,228.0,2023,0.1909,101439169.0,531321520.0,0,Made money,0,"Womans Hospital (Baton Rouge, LA)",13,108,0.0643,0.0446
190133,Allen Parish Hospital,Kinder,LA,Louisiana,General hospital,Government,Rural,25.0,2023,0.0445,1034166.0,23238124.0,0,Made money,0,"Allen Parish Hospital (Kinder, LA)",62,108,0.0643,0.0446
190140,Franklin Medical Center,Winnsboro,LA,Louisiana,General hospital,Government,Rural,31.0,2023,0.0575,3076072.0,53524708.0,0,Made money,0,"Franklin Medical Center (Winnsboro, LA)",60,108,0.0643,0.0446
190144,Minden Medical Center,Minden,LA,Louisiana,General hospital,For-profit,Rural,129.0,2023,-0.0474,-2797886.0,59082130.0,4,3-4 years,3,"Minden Medical Center (Minden, LA)",90,108,0.0643,0.0446
190145,Lasalle General Hospital  Inc.,Jena,LA,Louisiana,General hospital,Government,Rural,30.0,2023,-0.0588,-1600379.0,27200164.0,2,2 years,2,"Lasalle General Hospital  Inc. (Jena, LA)",93,108,0.0643,0.0446
190146,East Jefferson General Hospital,Metairie,LA,Louisiana,General hospital,Nonprofit,Urban,250.0,2022,-0.2183,-68847796.0,315430659.0,2,2 years,2,"East Jefferson General Hospital (Metairie, LA)",3,6,0.0643,0.0446
190151,Richland Parish Hospital Service Dis,Rayville,LA,Louisiana,General hospital,Government,Rural,38.0,2023,0.0861,2491098.0,28932572.0,0,Made money,0,"Richland Parish Hospital Service Dis (Rayville, LA)",45,108,0.0643,0.0446
190160,Glenwood Regional Medical Center,West Monroe,LA,Louisiana,General hospital,For-profit,Urban,212.0,2023,-0.0861,-13216018.0,153560507.0,3,3-4 years,3,"Glenwood Regional Medical Center (West Monroe, LA)",96,108,0.0643,0.0446
190164,Byrd Regional Hospital,Leesville,LA,Louisiana,General hospital,For-profit,Rural,39.0,2023,0.1215,8671156.0,71338463.0,0,Made money,0,"Byrd Regional Hospital (Leesville, LA)",33,108,0.0643,0.0446
190167,Mercy Regional Medical Center,Ville Platte,LA,Louisiana,General hospital,For-profit,Rural,27.0,2023,-0.0404,-1642510.0,40626441.0,13,5+ years,4,"Mercy Regional Medical Center (Ville Platte, LA)",86,108,0.0643,0.0446
190176,East Jefferson General Hospial,Metairie,LA,Louisiana,General hospital,Nonprofit,Urban,612.0,2023,-0.0978,-98234898.0,1004679094.0,13,5+ years,4,"East Jefferson General Hospial (Metairie, LA)",98,108,0.0643,0.0446
190183,Southern Regional Medical Corp,Houma,LA,Louisiana,General hospital,Government,Urban,64.0,2023,0.0422,9925493.0,235008252.0,0,Made money,0,"Southern Regional Medical Corp (Houma, LA)",63,108,0.0643,0.0446
190184,Citizens Medical Center,Columbia,LA,Louisiana,General hospital,Government,Rural,40.0,2023,-0.0485,-903816.0,18635650.0,1,1 year,1,"Citizens Medical Center (Columbia, LA)",91,108,0.0643,0.0446
190190,Caldwell Memorial Hospital,Columbia,LA,Louisiana,General hospital,For-profit,Rural,26.0,2023,-0.025,-325983.0,13026736.0,1,1 year,1,"Caldwell Memorial Hospital (Columbia, LA)",84,108,0.0643,0.0446
190201,Lake Area Medical Center,Lake Charles,LA,Louisiana,General hospital,Nonprofit,Urban,88.0,2023,0.0828,7310619.0,88244936.0,0,Made money,0,"Lake Area Medical Center (Lake Charles, LA)",47,108,0.0643,0.0446
190202,Ochsner Medical Center - Baton Rouge,Baton Rouge,LA,Louisiana,General hospital,Nonprofit,Urban,171.0,2023,0.0739,35376847.0,478798105.0,0,Made money,0,"Ochsner Medical Center - Baton Rouge (Baton Rouge, LA)",50,108,0.0643,0.0446
190204,Ochsner Medical Center -Northshore,Slidell,LA,Louisiana,General hospital,Nonprofit,Urban,150.0,2022,0.0018,209780.0,113622751.0,0,Made money,0,"Ochsner Medical Center -Northshore (Slidell, LA)",2,6,0.0643,0.0446
190208,East Carroll Parish Hospital,Lake Providence,LA,Louisiana,General hospital,Government,Rural,23.0,2023,0.1078,1857120.0,17224783.0,0,Made money,0,"East Carroll Parish Hospital (Lake Providence, LA)",39,108,0.0643,0.0446
190218,Sabine Medical Center,Many,LA,Louisiana,General hospital,For-profit,Rural,48.0,2023,0.1525,4437411.0,29090156.0,0,Made money,0,"Sabine Medical Center (Many, LA)",26,108,0.0643,0.0446
190241,Physicians Medical Center,Houma,LA,Louisiana,General hospital,For-profit,Urban,30.0,2023,-0.1319,-2193884.0,16627936.0,1,1 year,1,"Physicians Medical Center (Houma, LA)",104,108,0.0643,0.0446
190245,Monroe Surgical Hospital,Monroe,LA,Louisiana,General hospital,For-profit,Urban,10.0,2023,-0.0439,-1274342.0,29012641.0,8,5+ years,4,"Monroe Surgical Hospital (Monroe, LA)",87,108,0.0643,0.0446
190251,Surgical Specialty Center Baton Roug,Baton Rouge,LA,Louisiana,General hospital,For-profit,Urban,16.0,2023,0.2005,10732816.0,53539237.0,0,Made money,0,"Surgical Specialty Center Baton Roug (Baton Rouge, LA)",10,108,0.0643,0.0446
190255,Park Place Surgery Center,Lafayette,LA,Louisiana,General hospital,For-profit,Urban,10.0,2023,0.1555,8845818.0,56878363.0,0,Made money,0,"Park Place Surgery Center (Lafayette, LA)",25,108,0.0643,0.0446
190256,Doctors Hospital Of Slidell Llc,Slidell,LA,Louisiana,General hospital,For-profit,Urban,10.0,2023,0.1769,4463878.0,25231007.0,0,Made money,0,"Doctors Hospital Of Slidell Llc (Slidell, LA)",19,108,0.0643,0.0446
190259,Lafayette Surgical Specialty Hospita,Lafayette,LA,Louisiana,General hospital,For-profit,Urban,20.0,2023,0.1112,5614140.0,50492970.0,0,Made money,0,"Lafayette Surgical Specialty Hospita (Lafayette, LA)",36,108,0.0643,0.0446
190266,The Spine Hospital Of Louisiana,Baton Rouge,LA,Louisiana,General hospital,For-profit,Urban,23.0,2023,0.3891,25150353.0,64631996.0,0,Made money,0,"The Spine Hospital Of Louisiana (Baton Rouge, LA)",1,108,0.0643,0.0446
190267,Avala,Covington,LA,Louisiana,General hospital,For-profit,Urban,21.0,2023,0.1282,8141679.0,63510237.0,0,Made money,0,"Avala (Covington, LA)",29,108,0.0643,0.0446
190270,Southern Surgical Hospital,Slidell,LA,Louisiana,General hospital,For-profit,Urban,37.0,2023,-0.0081,-261651.0,32424959.0,1,1 year,1,"Southern Surgical Hospital (Slidell, LA)",78,108,0.0643,0.0446
190274,Ochsner Medical Center - Kenner  Llc,Kenner,LA,Louisiana,General hospital,Nonprofit,Urban,118.0,2023,0.0353,7142095.0,202260587.0,0,Made money,0,"Ochsner Medical Center - Kenner  Llc (Kenner, LA)",66,108,0.0643,0.0446
190278,Specialists Hospital Of Shreveport,Shreveport,LA,Louisiana,General hospital,For-profit,Urban,30.0,2023,0.0785,5592639.0,71231051.0,0,Made money,0,"Specialists Hospital Of Shreveport (Shreveport, LA)",48,108,0.0643,0.0446
190298,Central Louisiana Surgical Hospital,Alexandria,LA,Louisiana,General hospital,For-profit,Urban,24.0,2023,0.0959,7368492.0,76797770.0,0,Made money,0,"Central Louisiana Surgical Hospital (Alexandria, LA)",43,108,0.0643,0.0446
190300,St. Charles Surgical Hospital,New Orleans,LA,Louisiana,General hospital,For-profit,Urban,39.0,2023,0.06,1862977.0,31061393.0,0,Made money,0,"St. Charles Surgical Hospital (New Orleans, LA)",56,108,0.0643,0.0446
190302,Omega Hospital Llc,Metairie,LA,Louisiana,General hospital,For-profit,Urban,10.0,2023,0.2039,2422755.0,11883401.0,0,Made money,0,"Omega Hospital Llc (Metairie, LA)",9,108,0.0643,0.0446
190303,Hammond Surgical  Llc,Hammond,LA,Louisiana,General hospital,For-profit,Urban,30.0,2023,0.0098,349541.0,35761937.0,0,Made money,0,"Hammond Surgical  Llc (Hammond, LA)",72,108,0.0643,0.0446
190307,South Cameron Memorial Hospital,Cameron,LA,Louisiana,General hospital,For-profit,Urban,25.0,2022,-0.3238,-2155709.0,6656683.0,1,1 year,1,"South Cameron Memorial Hospital (Cameron, LA)",4,6,0.0643,0.0446
190308,St. Bernard Parish Hospital,Chalmette,LA,Louisiana,General hospital,Government,Urban,40.0,2023,0.0131,746800.0,56823969.0,0,Made money,0,"St. Bernard Parish Hospital (Chalmette, LA)",71,108,0.0643,0.0446
190312,Our Lady Of The Angels Hospital Mc,Bogalusa,LA,Louisiana,General hospital,Nonprofit,Rural,36.0,2023,-0.2311,-14884518.0,64396418.0,2,2 years,2,"Our Lady Of The Angels Hospital Mc (Bogalusa, LA)",108,108,0.0643,0.0446
190313,New Orleans East Hospital,New Orleans,LA,Louisiana,General hospital,Government,Urban,40.0,2023,-0.0235,-2134981.0,90783445.0,3,3-4 years,3,"New Orleans East Hospital (New Orleans, LA)",83,108,0.0643,0.0446
190315,Avail Hospital Lake Charles,Lake Charles,LA,Louisiana,General hospital,For-profit,Urban,10.0,2022,-0.4548,-5068335.0,11144333.0,3,3-4 years,3,"Avail Hospital Lake Charles (Lake Charles, LA)",5,6,0.0643,0.0446
190316,The General,Baton Rouge,LA,Louisiana,General hospital,Nonprofit,Urban,169.0,2023,0.0576,2626674.0,45580378.0,0,Made money,0,"The General (Baton Rouge, LA)",59,108,0.0643,0.0446
190317,Ochsner Lsu Health - St Mary Med Ctr,Shreveport,LA,Louisiana,General hospital,Nonprofit,Urban,110.0,2023,0.0595,9286888.0,156194087.0,0,Made money,0,"Ochsner Lsu Health - St Mary Med Ctr (Shreveport, LA)",57,108,0.0643,0.0446
190318,Acadian Medical Center,Eunice,LA,Louisiana,General hospital,For-profit,Rural,49.0,2023,-0.1223,-4729719.0,38664099.0,3,3-4 years,3,"Acadian Medical Center (Eunice, LA)",102,108,0.0643,0.0446
190779,Our Lady Of The Lake Assumption Com,Napoleonville,LA,Louisiana,General hospital,Nonprofit,Rural,,2023,0.3743,4618101.0,12336648.0,0,Made money,0,"Our Lady Of The Lake Assumption Com (Napoleonville, LA) #190779",2,108,0.0643,0.0446
191300,St. Helena Parish Hospital,Greensburg,LA,Louisiana,Critical access hospital (small rural),Government,Urban,25.0,2023,0.1224,2135098.0,17445286.0,0,Made money,0,"St. Helena Parish Hospital (Greensburg, LA)",32,108,0.0643,0.0446
191301,Union General Hospital  Inc.,Farmerville,LA,Louisiana,Critical access hospital (small rural),Nonprofit,Urban,20.0,2023,0.1091,2393859.0,21951342.0,0,Made money,0,"Union General Hospital  Inc. (Farmerville, LA)",37,108,0.0643,0.0446
191302,St Martin Hospital,Breaux Bridge,LA,Louisiana,Critical access hospital (small rural),Nonprofit,Urban,25.0,2023,0.1578,7459834.0,47268920.0,0,Made money,0,"St Martin Hospital (Breaux Bridge, LA)",23,108,0.0643,0.0446
191303,Our Lady Of The Lake Assumption Com,Napoleonville,LA,Louisiana,Critical access hospital (small rural),Nonprofit,Rural,15.0,2022,0.2888,3606168.0,12487811.0,0,Made money,0,"Our Lady Of The Lake Assumption Com (Napoleonville, LA) #191303",1,6,0.0643,0.0446
191304,North Caddo Medical Center,Vivian,LA,Louisiana,Critical access hospital (small rural),Government,Urban,25.0,2023,0.0988,3894191.0,39399436.0,0,Made money,0,"North Caddo Medical Center (Vivian, LA)",42,108,0.0643,0.0446
191305,St. James Parish Hospital,Lutcher,LA,Louisiana,Critical access hospital (small rural),Government,Urban,25.0,2023,0.124,4966029.0,40048543.0,0,Made money,0,"St. James Parish Hospital (Lutcher, LA)",30,108,0.0643,0.0446
191306,West Feliciana Parish Hospital,St. Francisville,LA,Louisiana,Critical access hospital (small rural),Government,Urban,25.0,2023,0.1776,7212911.0,40605696.0,0,Made money,0,"West Feliciana Parish Hospital (St. Francisville, LA)",17,108,0.0643,0.0446
191307,Dequincy Memorial Hospital,Dequincy,LA,Louisiana,Critical access hospital (small rural),For-profit,Urban,19.0,2023,-0.0916,-1242640.0,13570289.0,1,1 year,1,"Dequincy Memorial Hospital (Dequincy, LA)",97,108,0.0643,0.0446
191308,West Ascension Parish Hospital,Donaldsonville,LA,Louisiana,Critical access hospital (small rural),Government,Urban,25.0,2023,-0.1713,-1439084.0,8402513.0,1,1 year,1,"West Ascension Parish Hospital (Donaldsonville, LA)",106,108,0.0643,0.0446
191309,Hood Memorial Hospital,Amite,LA,Louisiana,Critical access hospital (small rural),Government,Rural,25.0,2023,0.1213,3000740.0,24734068.0,0,Made money,0,"Hood Memorial Hospital (Amite, LA)",34,108,0.0643,0.0446
191310,Bayou Bend Health System,Franklin,LA,Louisiana,Critical access hospital (small rural),Government,Rural,25.0,2023,0.1772,8044949.0,45410588.0,0,Made money,0,"Bayou Bend Health System (Franklin, LA)",18,108,0.0643,0.0446
191311,Bunkie General Hospital,Bunkie,LA,Louisiana,Critical access hospital (small rural),Government,Rural,24.0,2023,0.1779,4365166.0,24543847.0,0,Made money,0,"Bunkie General Hospital (Bunkie, LA)",16,108,0.0643,0.0446
191312,Christus Coushatta Health Care Ctr,Coushatta,LA,Louisiana,Critical access hospital (small rural),Nonprofit,Rural,25.0,2023,0.1227,3525776.0,28742274.0,0,Made money,0,"Christus Coushatta Health Care Ctr (Coushatta, LA)",31,108,0.0643,0.0446
191313,Riverside Med Ctr,Franklinton,LA,Louisiana,Critical access hospital (small rural),Government,Rural,25.0,2023,0.0591,2118524.0,35843888.0,0,Made money,0,"Riverside Med Ctr (Franklinton, LA)",58,108,0.0643,0.0446
191314,Madison Parish Hospital,Tallulah,LA,Louisiana,Critical access hospital (small rural),Government,Rural,19.0,2023,-0.1458,-3394471.0,23282148.0,1,1 year,1,"Madison Parish Hospital (Tallulah, LA)",105,108,0.0643,0.0446
191315,Hardtner Medical Center,Olla,LA,Louisiana,Critical access hospital (small rural),Government,Rural,25.0,2023,-0.0787,-3454590.0,43918312.0,1,1 year,1,"Hardtner Medical Center (Olla, LA)",95,108,0.0643,0.0446
191316,Pointe Coupee General Hospital,New Roads,LA,Louisiana,Critical access hospital (small rural),Government,Urban,23.0,2023,0.1794,5692053.0,31732173.0,0,Made money,0,"Pointe Coupee General Hospital (New Roads, LA)",15,108,0.0643,0.0446
191317,Jackson Parish Hospital,Jonesboro,LA,Louisiana,Critical access hospital (small rural),Government,Rural,25.0,2023,0.1961,6606226.0,33684017.0,0,Made money,0,"Jackson Parish Hospital (Jonesboro, LA)",12,108,0.0643,0.0446
191318,Trinity Medical,Ferriday,LA,Louisiana,Critical access hospital (small rural),Government,Rural,23.0,2023,0.0674,2262406.0,33553164.0,0,Made money,0,"Trinity Medical (Ferriday, LA)",54,108,0.0643,0.0446
191319,Acadia-St. Landry Hospital,Church Point,LA,Louisiana,Critical access hospital (small rural),Government,Urban,15.0,2023,0.0242,416615.0,17205820.0,0,Made money,0,"Acadia-St. Landry Hospital (Church Point, LA)",68,108,0.0643,0.0446
191320,Bienville Medical Center,Arcadia,LA,Louisiana,Critical access hospital (small rural),For-profit,Rural,21.0,2023,0.001,11939.0,12226405.0,0,Made money,0,"Bienville Medical Center (Arcadia, LA)",75,108,0.0643,0.0446
191321,Lallie Kemp Regional Medical Center,Indendence,LA,Louisiana,Critical access hospital (small rural),Government,Urban,24.0,2022,-0.7537,-21664454.0,28742771.0,7,5+ years,4,"Lallie Kemp Regional Medical Center (Indendence, LA)",6,6,0.0643,0.0446
191322,Ochsner - Abrom Kaplan Mh,Kaplan,LA,Louisiana,Critical access hospital (small rural),Nonprofit,Urban,25.0,2023,0.068,1954470.0,28758573.0,0,Made money,0,"Ochsner - Abrom Kaplan Mh (Kaplan, LA)",53,108,0.0643,0.0446
191323,Richland Parish Hospital No. 1 A,Delhi,LA,Louisiana,Critical access hospital (small rural),Government,Rural,25.0,2023,0.1745,5397371.0,30930154.0,0,Made money,0,"Richland Parish Hospital No. 1 A (Delhi, LA)",20,108,0.0643,0.0446
191324,Ochsner Bayou  Llc,Raceland,LA,Louisiana,Critical access hospital (small rural),Nonprofit,Urban,25.0,2023,0.2149,15074049.0,70133732.0,0,Made money,0,"Ochsner Bayou  Llc (Raceland, LA)",8,108,0.0643,0.0446
191325,Lady Of Sea Hosptal,Cut Off,LA,Louisiana,Critical access hospital (small rural),Government,Urban,10.0,2023,0.2722,14449293.0,53091533.0,0,Made money,0,"Lady Of Sea Hosptal (Cut Off, LA)",5,108,0.0643,0.0446
191326,Reeves Memorial Medical Center,Bernice,LA,Louisiana,Critical access hospital (small rural),Government,Rural,15.0,2023,0.1165,1975741.0,16959209.0,0,Made money,0,"Reeves Memorial Medical Center (Bernice, LA)",35,108,0.0643,0.0446
200001,St Joseph Hospital,Bangor,ME,Maine,General hospital,Nonprofit,Urban,99.0,2023,0.0154,3107000.0,201128096.0,0,Made money,0,"St Joseph Hospital (Bangor, ME)",15,33,0.0105,0.0446
200008,Mercy Hospital,Portland,ME,Maine,General hospital,Nonprofit,Urban,77.0,2023,0.0279,7999299.0,287003746.0,0,Made money,0,"Mercy Hospital (Portland, ME)",12,33,0.0105,0.0446
200009,Maine Medical Center,Portland,ME,Maine,General hospital,Nonprofit,Urban,679.0,2023,0.0234,52604599.0,2249937818.0,0,Made money,0,"Maine Medical Center (Portland, ME)",13,33,0.0105,0.0446
200018,The Aroostook Medical Center,Presque Isle,ME,Maine,General hospital,Nonprofit,Rural,44.0,2023,0.0368,6523277.0,177245383.0,0,Made money,0,"The Aroostook Medical Center (Presque Isle, ME)",10,33,0.0105,0.0446
200019,Southern Maine Health Care,Biddeford,ME,Maine,General hospital,Nonprofit,Urban,140.0,2023,-0.0328,-12745179.0,388922653.0,2,2 years,2,"Southern Maine Health Care (Biddeford, ME)",27,33,0.0105,0.0446
200020,York Hospital,York,ME,Maine,General hospital,Nonprofit,Urban,54.0,2023,-0.0511,-10253269.0,200675947.0,2,2 years,2,"York Hospital (York, ME)",28,33,0.0105,0.0446
200021,Mid Coast Hospital,Brunswick,ME,Maine,General hospital,Nonprofit,Urban,93.0,2023,-0.016,-4024771.0,251647973.0,2,2 years,2,"Mid Coast Hospital (Brunswick, ME)",21,33,0.0105,0.0446
200024,Central Maine Medical Center,Lewiston,ME,Maine,General hospital,Nonprofit,Urban,187.0,2023,-0.0624,-29793922.0,477547545.0,1,1 year,1,"Central Maine Medical Center (Lewiston, ME)",29,33,0.0105,0.0446
200031,Cary Medical Center,Caribou,ME,Maine,General hospital,Government,Rural,49.0,2023,0.005,348681.0,69765573.0,0,Made money,0,"Cary Medical Center (Caribou, ME)",19,33,0.0105,0.0446
200033,Eastern Maine Medical Center,Bangor,ME,Maine,General hospital,Nonprofit,Urban,313.0,2023,0.0136,14507935.0,1070350231.0,0,Made money,0,"Eastern Maine Medical Center (Bangor, ME)",16,33,0.0105,0.0446
200034,St. Marys Regional Medical Center,Lewiston,ME,Maine,General hospital,Nonprofit,Urban,140.0,2023,-0.1327,-30414330.0,229133813.0,6,5+ years,4,"St. Marys Regional Medical Center (Lewiston, ME)",31,33,0.0105,0.0446
200037,Franklin Memorial Hospital,Farmington,ME,Maine,General hospital,Nonprofit,Rural,41.0,2023,0.0225,2976480.0,132123487.0,0,Made money,0,"Franklin Memorial Hospital (Farmington, ME)",14,33,0.0105,0.0446
200039,Mainegeneral Medical Center,Augusta,ME,Maine,General hospital,Nonprofit,Rural,186.0,2023,-0.0195,-13182159.0,677248499.0,3,3-4 years,3,"Mainegeneral Medical Center (Augusta, ME)",22,33,0.0105,0.0446
200041,Inland Hospital,Waterville,ME,Maine,General hospital,Nonprofit,Rural,33.0,2023,-0.0317,-2603515.0,82166975.0,2,2 years,2,"Inland Hospital (Waterville, ME)",25,33,0.0105,0.0446
200050,Maine Coast Memorial Hospital,Ellsworth,ME,Maine,General hospital,Nonprofit,Rural,45.0,2023,0.0417,4850614.0,116280466.0,0,Made money,0,"Maine Coast Memorial Hospital (Ellsworth, ME)",8,33,0.0105,0.0446
200052,Northern Maine Medical Center,Fort Kent,ME,Maine,General hospital,Nonprofit,Rural,40.0,2023,-0.207,-12174445.0,58807515.0,1,1 year,1,"Northern Maine Medical Center (Fort Kent, ME)",32,33,0.0105,0.0446
200063,Penobscot Bay Medical Center,Rockport,ME,Maine,General hospital,Nonprofit,Rural,81.0,2023,-0.0226,-4768217.0,211448596.0,2,2 years,2,"Penobscot Bay Medical Center (Rockport, ME)",23,33,0.0105,0.0446
201300,Blue Hill Memorial Hospital,Blue Hill,ME,Maine,Critical access hospital (small rural),Nonprofit,Rural,25.0,2023,0.0345,1553636.0,45072116.0,0,Made money,0,"Blue Hill Memorial Hospital (Blue Hill, ME)",11,33,0.0105,0.0446
201301,Charles A Dean Memorial Hospital,Greenville,ME,Maine,Critical access hospital (small rural),Nonprofit,Rural,25.0,2023,0.0105,239740.0,22856227.0,0,Made money,0,"Charles A Dean Memorial Hospital (Greenville, ME)",17,33,0.0105,0.0446
201302,Lincolnhealth,Boothbay Harbor,ME,Maine,Critical access hospital (small rural),Nonprofit,Rural,25.0,2023,-0.2949,-28837753.0,97790135.0,1,1 year,1,"Lincolnhealth (Boothbay Harbor, ME)",33,33,0.0105,0.0446
201303,Penobscot Valley Hospital,Lincoln,ME,Maine,Critical access hospital (small rural),Nonprofit,Urban,25.0,2023,-0.0757,-1790411.0,23642087.0,1,1 year,1,"Penobscot Valley Hospital (Lincoln, ME)",30,33,0.0105,0.0446
201304,Mount Desert Island Hospital,Bar Harbor,ME,Maine,Critical access hospital (small rural),Nonprofit,Rural,25.0,2023,0.0372,3298749.0,88721708.0,0,Made money,0,"Mount Desert Island Hospital (Bar Harbor, ME)",9,33,0.0105,0.0446
201305,Calais Community Hospital,Calais,ME,Maine,Critical access hospital (small rural),Nonprofit,Rural,25.0,2023,0.0098,267875.0,27410985.0,0,Made money,0,"Calais Community Hospital (Calais, ME)",18,33,0.0105,0.0446
201306,Rumford Hospital,Rumford,ME,Maine,Critical access hospital (small rural),Nonprofit,Rural,25.0,2023,0.1062,5643239.0,53127790.0,0,Made money,0,"Rumford Hospital (Rumford, ME)",5,33,0.0105,0.0446
201307,Millinocket Regional Hospital,Millinocket,ME,Maine,Critical access hospital (small rural),Nonprofit,Urban,25.0,2023,-0.0326,-1037113.0,31833998.0,2,2 years,2,"Millinocket Regional Hospital (Millinocket, ME)",26,33,0.0105,0.0446
201308,Houlton Regional Hospital,Houlton,ME,Maine,Critical access hospital (small rural),Nonprofit,Rural,25.0,2023,-0.0291,-1509745.0,51798531.0,1,1 year,1,"Houlton Regional Hospital (Houlton, ME)",24,33,0.0105,0.0446
201309,Mayo Regional Hospital,Dover-Foxcroft,ME,Maine,Critical access hospital (small rural),Government,Rural,25.0,2023,0.1185,8208409.0,69281449.0,0,Made money,0,"Mayo Regional Hospital (Dover-Foxcroft, ME)",2,33,0.0105,0.0446
201310,Bridgton Hospital,Bridgton,ME,Maine,Critical access hospital (small rural),Nonprofit,Urban,25.0,2023,0.1044,5697590.0,54561254.0,0,Made money,0,"Bridgton Hospital (Bridgton, ME)",6,33,0.0105,0.0446
201311,Down East Community Hospital,Machias,ME,Maine,Critical access hospital (small rural),Nonprofit,Rural,25.0,2023,-0.013,-810134.0,62155038.0,1,1 year,1,"Down East Community Hospital (Machias, ME)",20,33,0.0105,0.0446
201312,Waldo County General Hospital,Belfast,ME,Maine,Critical access hospital (small rural),Nonprofit,Rural,25.0,2023,0.1112,15824993.0,142355998.0,0,Made money,0,"Waldo County General Hospital (Belfast, ME)",4,33,0.0105,0.0446
201313,Sebasticook Valley Hospital,Pittsfield,ME,Maine,Critical access hospital (small rural),Nonprofit,Rural,25.0,2023,0.115,7123736.0,61940155.0,0,Made money,0,"Sebasticook Valley Hospital (Pittsfield, ME)",3,33,0.0105,0.0446
201314,Redington-Fairview General Hospital,Skowhegan,ME,Maine,Critical access hospital (small rural),Nonprofit,Rural,25.0,2023,0.0781,11817847.0,151367305.0,0,Made money,0,"Redington-Fairview General Hospital (Skowhegan, ME)",7,33,0.0105,0.0446
201315,Stephens Memorial Hospital - Cah,Norway,ME,Maine,Critical access hospital (small rural),Nonprofit,Rural,25.0,2023,0.1237,14706518.0,118910804.0,0,Made money,0,"Stephens Memorial Hospital - Cah (Norway, ME)",1,33,0.0105,0.0446
210001,Meritus Medical Center,Hagerstown,MD,Maryland,General hospital,Nonprofit,Urban,242.0,2023,0.19,102592795.0,539850205.0,0,Made money,0,"Meritus Medical Center (Hagerstown, MD)",1,42,0.0234,0.0446
210002,University Of Maryland Med Sys,Baltimore,MD,Maryland,General hospital,Nonprofit,Urban,779.0,2022,0.056,163742000.0,2922512388.0,0,Made money,0,"University Of Maryland Med Sys (Baltimore, MD)",2,2,0.0234,0.0446
210003,Univ Of Md Capital Region Med Ctr,Laurel,MD,Maryland,General hospital,Nonprofit,Urban,248.0,2023,-0.0989,-42815000.0,432830911.0,5,5+ years,4,"Univ Of Md Capital Region Med Ctr (Laurel, MD)",41,42,0.0234,0.0446
210004,Holy Cross Hospital,Silver Spring,MD,Maryland,General hospital,Nonprofit,Urban,386.0,2023,0.0987,55436297.0,561828392.0,0,Made money,0,"Holy Cross Hospital (Silver Spring, MD)",6,42,0.0234,0.0446
210005,Frederick Memorial Hospital,Frederick,MD,Maryland,General hospital,Nonprofit,Urban,272.0,2023,0.0471,20924000.0,444636852.0,0,Made money,0,"Frederick Memorial Hospital (Frederick, MD)",15,42,0.0234,0.0446
210006,Harford Memorial Hospital,Havre De Grace,MD,Maryland,General hospital,Nonprofit,Urban,88.0,2022,0.0692,7771000.0,112364264.0,0,Made money,0,"Harford Memorial Hospital (Havre De Grace, MD)",1,2,0.0234,0.0446
210008,Mercy Medical Center,Baltimore,MD,Maryland,General hospital,Nonprofit,Urban,151.0,2023,0.0713,46483929.0,652123658.0,0,Made money,0,"Mercy Medical Center (Baltimore, MD)",8,42,0.0234,0.0446
210009,The Johns Hopkins Hospital,Baltimore,MD,Maryland,General hospital,Nonprofit,Urban,1042.0,2023,0.0119,39669000.0,3322153000.0,0,Made money,0,"The Johns Hopkins Hospital (Baltimore, MD)",26,42,0.0234,0.0446
210011,St. Agnes Hospital,Baltimore,MD,Maryland,General hospital,Nonprofit,Urban,190.0,2023,-0.0517,-27040267.0,523027239.0,1,1 year,1,"St. Agnes Hospital (Baltimore, MD)",38,42,0.0234,0.0446
210012,Sinai Hospital Of Baltimore  Inc.,Baltimore,MD,Maryland,General hospital,Nonprofit,Urban,437.0,2023,0.0432,44255070.0,1024688911.0,0,Made money,0,"Sinai Hospital Of Baltimore  Inc. (Baltimore, MD)",16,42,0.0234,0.0446
210015,Medstar Franklin Square Medical Ctr,Baltimore,MD,Maryland,General hospital,Nonprofit,Urban,357.0,2023,0.0243,14871419.0,612752023.0,0,Made money,0,"Medstar Franklin Square Medical Ctr (Baltimore, MD)",21,42,0.0234,0.0446
210016,Ahc White Oak Medical Center,Silver Spring,MD,Maryland,General hospital,Nonprofit,Urban,220.0,2023,0.0007,239382.0,348548936.0,0,Made money,0,"Ahc White Oak Medical Center (Silver Spring, MD)",28,42,0.0234,0.0446
210017,Garrett County Memorial Hospital,Oakland,MD,Maryland,General hospital,Nonprofit,Rural,20.0,2023,0.1508,12969669.0,85996343.0,0,Made money,0,"Garrett County Memorial Hospital (Oakland, MD)",3,42,0.0234,0.0446
210018,Medstar Montgomery Medical Center,Olney,MD,Maryland,General hospital,Nonprofit,Urban,114.0,2023,-0.0677,-12889388.0,190476835.0,3,3-4 years,3,"Medstar Montgomery Medical Center (Olney, MD)",40,42,0.0234,0.0446
210019,Tidalhealth Peninsula Regional Inc,Salisbury,MD,Maryland,General hospital,Nonprofit,Urban,284.0,2023,0.1546,91805235.0,593987837.0,0,Made money,0,"Tidalhealth Peninsula Regional Inc (Salisbury, MD)",2,42,0.0234,0.0446
210022,Suburban Hospital,Bethesda,MD,Maryland,General hospital,Nonprofit,Urban,240.0,2023,0.0696,29206969.0,419804886.0,0,Made money,0,"Suburban Hospital (Bethesda, MD)",9,42,0.0234,0.0446
210023,Anne Arundel Medical Center Inc.,Annapolis,MD,Maryland,General hospital,Nonprofit,Urban,400.0,2023,0.0961,67655444.0,704133283.0,0,Made money,0,"Anne Arundel Medical Center Inc. (Annapolis, MD)",7,42,0.0234,0.0446
210024,Medstar Union Memorial Hospital,Baltimore,MD,Maryland,General hospital,Nonprofit,Urban,189.0,2023,-0.0068,-3083562.0,451446951.0,3,3-4 years,3,"Medstar Union Memorial Hospital (Baltimore, MD)",32,42,0.0234,0.0446
210027,Upmc-Western Maryland Corp,Cumberland,MD,Maryland,General hospital,Nonprofit,Urban,175.0,2023,0.0649,26244229.0,404676746.0,0,Made money,0,"Upmc-Western Maryland Corp (Cumberland, MD)",11,42,0.0234,0.0446
210028,St. Marys Hospital,Leonardtown,MD,Maryland,General hospital,Nonprofit,Urban,100.0,2023,0.0297,6083386.0,205017648.0,0,Made money,0,"St. Marys Hospital (Leonardtown, MD)",18,42,0.0234,0.0446
210029,Johns Hopkins Bayview Med. Ctr.,Baltimore,MD,Maryland,General hospital,Nonprofit,Urban,417.0,2023,0.0147,11801000.0,800765000.0,0,Made money,0,"Johns Hopkins Bayview Med. Ctr. (Baltimore, MD)",25,42,0.0234,0.0446
210030,Chester River Hospital Center,Chestertown,MD,Maryland,General hospital,Nonprofit,Rural,5.0,2023,0.0603,2941000.0,48790041.0,0,Made money,0,"Chester River Hospital Center (Chestertown, MD)",13,42,0.0234,0.0446
210032,Union Hospital Of Cecil County,Elkton,MD,Maryland,General hospital,Nonprofit,Urban,124.0,2023,0.0156,3067838.0,196238533.0,0,Made money,0,"Union Hospital Of Cecil County (Elkton, MD)",24,42,0.0234,0.0446
210033,Carroll Hospital Center,Westminster,MD,Maryland,General hospital,Nonprofit,Urban,164.0,2023,0.1223,33924907.0,277438528.0,0,Made money,0,"Carroll Hospital Center (Westminster, MD)",4,42,0.0234,0.0446
210034,Medstar Harbor Hospital,Baltimore,MD,Maryland,General hospital,Nonprofit,Urban,125.0,2023,-0.0179,-3751323.0,210011480.0,4,3-4 years,3,"Medstar Harbor Hospital (Baltimore, MD)",35,42,0.0234,0.0446
210035,Civista Medical Center,La Plata,MD,Maryland,General hospital,Nonprofit,Urban,98.0,2023,0.064,11104000.0,173434485.0,0,Made money,0,"Civista Medical Center (La Plata, MD)",12,42,0.0234,0.0446
210037,Memorial Easton,219 South Washington Street,MD,Maryland,General hospital,Nonprofit,Rural,115.0,2023,0.0181,5795000.0,319601754.0,0,Made money,0,"Memorial Easton (219 South Washington Street, MD)",23,42,0.0234,0.0446
210038,Maryland General Hospital,Baltimore,MD,Maryland,General hospital,Nonprofit,Urban,138.0,2023,-0.0554,-14808000.0,267131141.0,6,5+ years,4,"Maryland General Hospital (Baltimore, MD)",39,42,0.0234,0.0446
210039,Calvert Memorial Hospital,Prince Frederick,MD,Maryland,General hospital,Nonprofit,Urban,78.0,2023,-0.0056,-921428.0,163525402.0,2,2 years,2,"Calvert Memorial Hospital (Prince Frederick, MD)",31,42,0.0234,0.0446
210040,Northwest Hospital Center,Randallstown,MD,Maryland,General hospital,Nonprofit,Urban,198.0,2023,-0.0019,-577350.0,296747165.0,3,3-4 years,3,"Northwest Hospital Center (Randallstown, MD)",30,42,0.0234,0.0446
210043,Baltimore Washington Medical Center,Glen Burnie,MD,Maryland,General hospital,Nonprofit,Urban,307.0,2023,0.0298,14705000.0,493749186.0,0,Made money,0,"Baltimore Washington Medical Center (Glen Burnie, MD)",17,42,0.0234,0.0446
210044,Greater Baltimore Medical Center,Towson,MD,Maryland,General hospital,Nonprofit,Urban,258.0,2023,0.0056,3544403.0,637744918.0,0,Made money,0,"Greater Baltimore Medical Center (Towson, MD)",27,42,0.0234,0.0446
210048,Howard County,Columbia,MD,Maryland,General hospital,Nonprofit,Urban,250.0,2023,0.0587,20711383.0,352950429.0,0,Made money,0,"Howard County (Columbia, MD)",14,42,0.0234,0.0446
210049,Upper Chesapeake Medical Center,Bel Air,MD,Maryland,General hospital,Nonprofit,Urban,203.0,2023,0.0279,11139000.0,398557875.0,0,Made money,0,"Upper Chesapeake Medical Center (Bel Air, MD)",19,42,0.0234,0.0446
210051,Doctors Community Hospital,Lanham,MD,Maryland,General hospital,Nonprofit,Urban,218.0,2023,-0.0282,-7188700.0,254754296.0,4,3-4 years,3,"Doctors Community Hospital (Lanham, MD)",36,42,0.0234,0.0446
210056,Good Samaritan Hospital,Baltimore,MD,Maryland,General hospital,Nonprofit,Urban,200.0,2023,0.0224,6553821.0,292405288.0,0,Made money,0,"Good Samaritan Hospital (Baltimore, MD)",22,42,0.0234,0.0446
210057,Ahc Shady Grove Medical Center,Rockville,MD,Maryland,General hospital,Nonprofit,Urban,397.0,2023,0.0656,31917754.0,486430717.0,0,Made money,0,"Ahc Shady Grove Medical Center (Rockville, MD)",10,42,0.0234,0.0446
210058,James Lawrence Kernan Hospital,Baltimore,MD,Maryland,General hospital,Nonprofit,Urban,138.0,2023,0.0254,3399000.0,133961290.0,0,Made money,0,"James Lawrence Kernan Hospital (Baltimore, MD)",20,42,0.0234,0.0446
210060,Fort Washington Medical Center,Fort Washington,MD,Maryland,General hospital,Nonprofit,Urban,34.0,2023,-0.0462,-2815112.0,60917998.0,2,2 years,2,"Fort Washington Medical Center (Fort Washington, MD)",37,42,0.0234,0.0446
210061,Atlantic General Hospital,Berlin,MD,Maryland,General hospital,Nonprofit,Urban,62.0,2023,-0.0113,-1888523.0,167698750.0,2,2 years,2,"Atlantic General Hospital (Berlin, MD)",33,42,0.0234,0.0446
210062,Medstar Southern Maryland Hospital C,Clinton,MD,Maryland,General hospital,Nonprofit,Urban,197.0,2023,-0.1084,-31313731.0,288853350.0,4,3-4 years,3,"Medstar Southern Maryland Hospital C (Clinton, MD)",42,42,0.0234,0.0446
210063,St. Joseph Medical Center,Towson,MD,Maryland,General hospital,Nonprofit,Urban,239.0,2023,0.0004,178000.0,429034287.0,0,Made money,0,"St. Joseph Medical Center (Towson, MD)",29,42,0.0234,0.0446
210064,Levindal Hebrew Ger. Ctr. & Hospt.,Baltimore,MD,Maryland,General hospital,Nonprofit,Urban,120.0,2023,0.108,10038924.0,92948007.0,0,Made money,0,"Levindal Hebrew Ger. Ctr. & Hospt. (Baltimore, MD)",5,42,0.0234,0.0446
210065,Holy Cross Germantown Hospital,Germantown,MD,Maryland,General hospital,Nonprofit,Urban,78.0,2023,-0.0138,-2074171.0,150747117.0,9,5+ years,4,"Holy Cross Germantown Hospital (Germantown, MD)",34,42,0.0234,0.0446
220001,Healthalliance-Clinton,Leominster,MA,Massachusetts,General hospital,Nonprofit,Urban,125.0,2023,0.0292,7629300.0,261704442.0,0,Made money,0,"Healthalliance-Clinton (Leominster, MA)",26,59,0.0157,0.0446
220002,Mount Auburn Hospital,Cambridge,MA,Massachusetts,General hospital,Nonprofit,Urban,189.0,2023,-0.0415,-14950914.0,360415497.0,2,2 years,2,"Mount Auburn Hospital (Cambridge, MA)",50,59,0.0157,0.0446
220008,Sturdy Memorial Hospital,Attleboro,MA,Massachusetts,General hospital,Nonprofit,Urban,125.0,2023,0.1409,45110092.0,320162106.0,0,Made money,0,"Sturdy Memorial Hospital (Attleboro, MA)",4,59,0.0157,0.0446
220010,Lawrence General Hospital,Lawrence,MA,Massachusetts,General hospital,Nonprofit,Urban,186.0,2023,-0.0158,-5383000.0,340114000.0,6,5+ years,4,"Lawrence General Hospital (Lawrence, MA)",40,59,0.0157,0.0446
220011,Cambridge Health Alliance,Malden,MA,Massachusetts,General hospital,Government,Urban,225.0,2023,0.0062,6408746.0,1041141073.0,0,Made money,0,"Cambridge Health Alliance (Malden, MA)",32,59,0.0157,0.0446
220012,Cape Cod Hospital,Hyannis,MA,Massachusetts,General hospital,Nonprofit,Urban,239.0,2023,0.0745,52787906.0,708670520.0,0,Made money,0,"Cape Cod Hospital (Hyannis, MA)",14,59,0.0157,0.0446
220015,Cooley Dickinson Hospital,Northampton,MA,Massachusetts,General hospital,Nonprofit,Urban,118.0,2023,0.0584,15126365.0,258825360.0,0,Made money,0,"Cooley Dickinson Hospital (Northampton, MA)",19,59,0.0157,0.0446
220016,Baystate Franklin Medical Center,Greenfield,MA,Massachusetts,General hospital,Nonprofit,Urban,89.0,2023,-0.0158,-1990230.0,126298173.0,4,3-4 years,3,"Baystate Franklin Medical Center (Greenfield, MA)",40,59,0.0157,0.0446
220017,Steward Carney Hospital  Inc,Dorchester,MA,Massachusetts,General hospital,For-profit,Urban,106.0,2023,-0.0512,-6516658.0,127261376.0,3,3-4 years,3,"Steward Carney Hospital  Inc (Dorchester, MA)",53,59,0.0157,0.0446
220019,Harrington Memorial Hospital,Southbridge,MA,Massachusetts,General hospital,Nonprofit,Urban,129.0,2023,0.0181,3205304.0,177124530.0,0,Made money,0,"Harrington Memorial Hospital (Southbridge, MA)",29,59,0.0157,0.0446
220020,Steward St. Annes Hospital,Fall River,MA,Massachusetts,General hospital,For-profit,Urban,154.0,2023,0.111,38509348.0,347079505.0,0,Made money,0,"Steward St. Annes Hospital (Fall River, MA)",8,59,0.0157,0.0446
220024,Holyoke Medical Center,Holyoke,MA,Massachusetts,General hospital,Nonprofit,Urban,201.0,2023,-0.0128,-3013576.0,235100320.0,1,1 year,1,"Holyoke Medical Center (Holyoke, MA)",39,59,0.0157,0.0446
220029,Anna Jaques Hospital,Newburyport,MA,Massachusetts,General hospital,Nonprofit,Urban,116.0,2023,-0.0895,-13290288.0,148450957.0,2,2 years,2,"Anna Jaques Hospital (Newburyport, MA)",55,59,0.0157,0.0446
220030,Baystate Wing Hospital & Medical Ctr,Palmer,MA,Massachusetts,General hospital,Nonprofit,Urban,40.0,2023,-0.0126,-1346913.0,107130307.0,2,2 years,2,"Baystate Wing Hospital & Medical Ctr (Palmer, MA)",38,59,0.0157,0.0446
220031,Boston Medical Center,Boston,MA,Massachusetts,General hospital,Nonprofit,Urban,442.0,2023,-0.03,-70486270.0,2347102696.0,2,2 years,2,"Boston Medical Center (Boston, MA)",47,59,0.0157,0.0446
220033,Beverly Hospital,Beverly,MA,Massachusetts,General hospital,Nonprofit,Urban,299.0,2023,0.0709,34075673.0,480545000.0,0,Made money,0,"Beverly Hospital (Beverly, MA)",15,59,0.0157,0.0446
220035,North Shore Medical Center,Salem,MA,Massachusetts,General hospital,Nonprofit,Urban,268.0,2023,-0.0193,-11611330.0,600174987.0,3,3-4 years,3,"North Shore Medical Center (Salem, MA)",43,59,0.0157,0.0446
220036,Steward St. Elizabeths Medical Ctr,Boston,MA,Massachusetts,General hospital,For-profit,Urban,244.0,2023,-0.0321,-13361975.0,416219461.0,1,1 year,1,"Steward St. Elizabeths Medical Ctr (Boston, MA)",49,59,0.0157,0.0446
220046,Berkshire Medical Center,Pittsfield,MA,Massachusetts,General hospital,Nonprofit,Urban,238.0,2023,0.0541,37423623.0,691852795.0,0,Made money,0,"Berkshire Medical Center (Pittsfield, MA)",20,59,0.0157,0.0446
220049,Marlborough Hospital,Marlborough,MA,Massachusetts,General hospital,Nonprofit,Urban,67.0,2023,0.0656,7092588.0,108058996.0,0,Made money,0,"Marlborough Hospital (Marlborough, MA)",17,59,0.0157,0.0446
220052,Brockton Hospital  Inc.,Brockton,MA,Massachusetts,General hospital,Nonprofit,Urban,175.0,2023,0.1364,50096952.0,367295137.0,0,Made money,0,"Brockton Hospital  Inc. (Brockton, MA)",5,59,0.0157,0.0446
220060,Beth Israel Deaconess - Plymouth,Plymouth,MA,Massachusetts,General hospital,Nonprofit,Urban,151.0,2023,0.0027,972954.0,366047366.0,0,Made money,0,"Beth Israel Deaconess - Plymouth (Plymouth, MA)",34,59,0.0157,0.0446
220062,Adcare Hospital Of Worcester,Worcester,MA,Massachusetts,General hospital,For-profit,Urban,114.0,2023,0.0793,2619318.0,33050574.0,0,Made money,0,"Adcare Hospital Of Worcester (Worcester, MA)",12,59,0.0157,0.0446
220063,Lowell General Hospital,Lowell,MA,Massachusetts,General hospital,Nonprofit,Rural,390.0,2023,0.0939,48633576.0,518124131.0,0,Made money,0,"Lowell General Hospital (Lowell, MA)",10,59,0.0157,0.0446
220065,Baystate Noble Hospital,Westfield,MA,Massachusetts,General hospital,Nonprofit,Urban,70.0,2023,0.044,3728000.0,84792227.0,0,Made money,0,"Baystate Noble Hospital (Westfield, MA)",22,59,0.0157,0.0446
220066,The Mercy Hospital,Springfield,MA,Massachusetts,General hospital,Nonprofit,Urban,150.0,2023,-0.0915,-29761744.0,325303945.0,1,1 year,1,"The Mercy Hospital (Springfield, MA)",56,59,0.0157,0.0446
220070,Melrosewakefield Healthcare  Inc,Medford,MA,Massachusetts,General hospital,Nonprofit,Urban,160.0,2023,0.1553,52683582.0,339140111.0,0,Made money,0,"Melrosewakefield Healthcare  Inc (Medford, MA)",3,59,0.0157,0.0446
220071,Massachusetts General Hospital,Boston,MA,Massachusetts,General hospital,Nonprofit,Urban,997.0,2023,0.0604,354430098.0,5868383205.0,0,Made money,0,"Massachusetts General Hospital (Boston, MA)",18,59,0.0157,0.0446
220073,Morton Hospital,Taunton,MA,Massachusetts,General hospital,For-profit,Urban,125.0,2023,0.0034,586655.0,174641392.0,0,Made money,0,"Morton Hospital (Taunton, MA)",33,59,0.0157,0.0446
220074,Southcoast Hospitals Group  Inc,Fall River,MA,Massachusetts,General hospital,Nonprofit,Urban,635.0,2023,0.097,111141905.0,1145234589.0,0,Made money,0,"Southcoast Hospitals Group  Inc (Fall River, MA)",9,59,0.0157,0.0446
220075,Massachusetts Eye And Ear Infirmary,Boston,MA,Massachusetts,General hospital,Nonprofit,Urban,41.0,2023,-0.0034,-1374868.0,399403224.0,1,1 year,1,"Massachusetts Eye And Ear Infirmary (Boston, MA)",36,59,0.0157,0.0446
220077,Baystate Medical Center,Springfield,MA,Massachusetts,General hospital,Nonprofit,Urban,740.0,2023,0.0157,27590544.0,1761953197.0,0,Made money,0,"Baystate Medical Center (Springfield, MA)",30,59,0.0157,0.0446
220080,Steward Holy Family Hospital,Methuen,MA,Massachusetts,General hospital,For-profit,Urban,293.0,2023,-0.0196,-5046905.0,257648831.0,1,1 year,1,"Steward Holy Family Hospital (Methuen, MA)",44,59,0.0157,0.0446
220083,Beth Israel Deaconess Hospital- Need,Needham,MA,Massachusetts,General hospital,Nonprofit,Urban,58.0,2023,-0.8895,-131852053.0,148229745.0,1,1 year,1,"Beth Israel Deaconess Hospital- Need (Needham, MA)",59,59,0.0157,0.0446
220084,Emerson Hospital,Concord,MA,Massachusetts,General hospital,Nonprofit,Urban,111.0,2023,-0.0247,-8969481.0,362717996.0,1,1 year,1,"Emerson Hospital (Concord, MA)",46,59,0.0157,0.0446
220086,Beth Israel Deaconess Medical Center,Boston,MA,Massachusetts,General hospital,Nonprofit,Urban,705.0,2023,0.0807,225839129.0,2800092599.0,0,Made money,0,"Beth Israel Deaconess Medical Center (Boston, MA)",11,59,0.0157,0.0446
220088,New England Baptist Hospital,Boston,MA,Massachusetts,General hospital,Nonprofit,Urban,75.0,2023,-0.0166,-3921062.0,236497927.0,1,1 year,1,"New England Baptist Hospital (Boston, MA)",42,59,0.0157,0.0446
220090,Milford Regional Medical Center  Inc,Milford,MA,Massachusetts,General hospital,Nonprofit,Urban,148.0,2023,-0.0221,-6377828.0,288311612.0,3,3-4 years,3,"Milford Regional Medical Center  Inc (Milford, MA)",45,59,0.0157,0.0446
220095,Henry Heywood Memorial Hospital,Gardner,MA,Massachusetts,General hospital,Nonprofit,Urban,114.0,2023,-0.0827,-15120391.0,182768160.0,2,2 years,2,"Henry Heywood Memorial Hospital (Gardner, MA)",54,59,0.0157,0.0446
220098,Nashoba Valley Hospital,Ayer,MA,Massachusetts,General hospital,For-profit,Urban,57.0,2023,0.022,1647994.0,74790915.0,0,Made money,0,"Nashoba Valley Hospital (Ayer, MA)",28,59,0.0157,0.0446
220100,South Shore Hospital,South Weymouth,MA,Massachusetts,General hospital,Nonprofit,Urban,374.0,2023,0.029,24571105.0,847925283.0,0,Made money,0,"South Shore Hospital (South Weymouth, MA)",27,59,0.0157,0.0446
220101,Newton Wellesley Hospital,Newton,MA,Massachusetts,General hospital,Nonprofit,Urban,216.0,2023,0.0115,8220776.0,714919308.0,0,Made money,0,"Newton Wellesley Hospital (Newton, MA)",31,59,0.0157,0.0446
220105,Winchester Hospital,Winchester,MA,Massachusetts,General hospital,Nonprofit,Urban,182.0,2023,0.0378,13503394.0,357296441.0,0,Made money,0,"Winchester Hospital (Winchester, MA)",23,59,0.0157,0.0446
220108,Bidmc-Milton Hospital  Inc,Milton,MA,Massachusetts,General hospital,Nonprofit,Urban,102.0,2023,-0.0104,-1582500.0,152464953.0,2,2 years,2,"Bidmc-Milton Hospital  Inc (Milton, MA)",37,59,0.0157,0.0446
220110,Brigham And Womens Hospital,Boston,MA,Massachusetts,General hospital,Nonprofit,Urban,826.0,2023,0.0313,128154252.0,4088102891.0,0,Made money,0,"Brigham And Womens Hospital (Boston, MA)",25,59,0.0157,0.0446
220111,Good Samaritan Medical Center,Brockton,MA,Massachusetts,General hospital,For-profit,Urban,208.0,2023,0.1167,39340400.0,337161015.0,0,Made money,0,"Good Samaritan Medical Center (Brockton, MA)",7,59,0.0157,0.0446
220116,Tufts Medical Center,Boston,MA,Massachusetts,General hospital,Nonprofit,Urban,364.0,2023,-0.0003,-331998.0,1273177002.0,2,2 years,2,"Tufts Medical Center (Boston, MA)",35,59,0.0157,0.0446
220119,Faulkner Hospital,Jamaica Plain,MA,Massachusetts,General hospital,Nonprofit,Urban,147.0,2023,-0.0436,-15681000.0,359532127.0,3,3-4 years,3,"Faulkner Hospital (Jamaica Plain, MA)",51,59,0.0157,0.0446
220126,Steward Norwood Hospital,Norwood,MA,Massachusetts,General hospital,For-profit,Urban,,2023,0.6161,51486599.0,83565021.0,0,Made money,0,"Steward Norwood Hospital (Norwood, MA)",1,59,0.0157,0.0446
220135,Falmouth Hospital,Falmouth,MA,Massachusetts,General hospital,Nonprofit,Urban,81.0,2023,0.0784,15391453.0,196379607.0,0,Made money,0,"Falmouth Hospital (Falmouth, MA)",13,59,0.0157,0.0446
220162,Dana-Farber Cancer Institute,Boston,MA,Massachusetts,General hospital,Nonprofit,Urban,30.0,2023,0.1204,407896912.0,3389089500.0,0,Made money,0,"Dana-Farber Cancer Institute (Boston, MA)",6,59,0.0157,0.0446
220163,Umass Memorial Medical Center,Worcester,MA,Massachusetts,General hospital,Nonprofit,Urban,692.0,2023,-0.0306,-71574904.0,2339675099.0,2,2 years,2,"Umass Memorial Medical Center (Worcester, MA)",48,59,0.0157,0.0446
220171,Lahey Clinic Hospital  Inc.,Burlington,MA,Massachusetts,General hospital,For-profit,Urban,344.0,2023,0.0534,61721406.0,1155759485.0,0,Made money,0,"Lahey Clinic Hospital  Inc. (Burlington, MA)",21,59,0.0157,0.0446
220175,Metrowest Medical Center,Natick,MA,Massachusetts,General hospital,For-profit,Urban,134.0,2023,-0.1097,-21825938.0,198872439.0,3,3-4 years,3,"Metrowest Medical Center (Natick, MA)",57,59,0.0157,0.0446
220176,Saint Vincent Hospital,Worcester,MA,Massachusetts,General hospital,For-profit,Urban,244.0,2023,0.0322,13524702.0,419950715.0,0,Made money,0,"Saint Vincent Hospital (Worcester, MA)",24,59,0.0157,0.0446
220177,Nantucket Cottage Hospital,Nantucket,MA,Massachusetts,General hospital,Nonprofit,Rural,14.0,2023,-0.047,-4003158.0,85189020.0,2,2 years,2,"Nantucket Cottage Hospital (Nantucket, MA)",52,59,0.0157,0.0446
221300,Marthas Vineyard Hospital,Oak Bluffs,MA,Massachusetts,Critical access hospital (small rural),Nonprofit,Rural,25.0,2023,0.066,9432259.0,142898233.0,0,Made money,0,"Marthas Vineyard Hospital (Oak Bluffs, MA)",16,59,0.0157,0.0446
221302,Fairview Hospital,Great Barrington,MA,Massachusetts,Critical access hospital (small rural),Nonprofit,Urban,24.0,2023,0.1923,19625928.0,102080397.0,0,Made money,0,"Fairview Hospital (Great Barrington, MA)",2,59,0.0157,0.0446
221303,Athol Memorial Hospital,Athol,MA,Massachusetts,Critical access hospital (small rural),Nonprofit,Urban,21.0,2023,-0.5206,-13851383.0,26608560.0,2,2 years,2,"Athol Memorial Hospital (Athol, MA)",58,59,0.0157,0.0446
230002,Trinity Health Livonia,Livonia,MI,Michigan,General hospital,Nonprofit,Urban,228.0,2023,0.0447,19134422.0,428268224.0,0,Made money,0,"Trinity Health Livonia (Livonia, MI)",54,124,0.0378,0.0446
230003,Corewell Health Zeeland,Zeeland,MI,Michigan,General hospital,Nonprofit,Urban,55.0,2023,0.1959,22370201.0,114195997.0,0,Made money,0,"Corewell Health Zeeland (Zeeland, MI)",8,124,0.0378,0.0446
230005,Promedica Hickman Hospital,Adrian,MI,Michigan,General hospital,Nonprofit,Rural,58.0,2023,-0.3091,-40688752.0,131626355.0,1,1 year,1,"Promedica Hickman Hospital (Adrian, MI)",121,124,0.0378,0.0446
230013,Pontiac General Hospital,Pontiac,MI,Michigan,General hospital,For-profit,Urban,47.0,2023,0.2389,8692388.0,36386331.0,0,Made money,0,"Pontiac General Hospital (Pontiac, MI)",5,124,0.0378,0.0446
230015,Three Rivers Health,Three Rivers,MI,Michigan,General hospital,Nonprofit,Rural,48.0,2023,-0.0017,-113155.0,68336404.0,2,2 years,2,"Three Rivers Health (Three Rivers, MI)",81,124,0.0378,0.0446
230017,Bronson Methodist Hospital,Kalamazoo,MI,Michigan,General hospital,Nonprofit,Rural,415.0,2023,0.1049,138224611.0,1317115581.0,0,Made money,0,"Bronson Methodist Hospital (Kalamazoo, MI)",29,124,0.0378,0.0446
230019,Ascension Providence Hospital,Southfield,MI,Michigan,General hospital,Nonprofit,Urban,568.0,2023,-0.0206,-18390538.0,892271597.0,3,3-4 years,3,"Ascension Providence Hospital (Southfield, MI)",90,124,0.0378,0.0446
230020,Corewell Health- Dearborn,Dearborn,MI,Michigan,General hospital,Nonprofit,Urban,535.0,2023,-0.0049,-3466263.0,709165338.0,2,2 years,2,"Corewell Health- Dearborn (Dearborn, MI)",84,124,0.0378,0.0446
230021,Corewell Health Lakeland Hospitals,St. Joseph,MI,Michigan,General hospital,Nonprofit,Urban,270.0,2022,-0.1482,-65262538.0,440453100.0,1,1 year,1,"Corewell Health Lakeland Hospitals (St. Joseph, MI)",3,4,0.0378,0.0446
230022,Community Health Center Branch,Coldwater,MI,Michigan,General hospital,Nonprofit,Rural,75.0,2023,-0.1622,-12539598.0,77290376.0,1,1 year,1,"Community Health Center Branch (Coldwater, MI)",115,124,0.0378,0.0446
230024,Sinai-Grace Hospital,Detroit,MI,Michigan,General hospital,For-profit,Urban,242.0,2023,-0.0872,-27133106.0,311001123.0,2,2 years,2,"Sinai-Grace Hospital (Detroit, MI)",108,124,0.0378,0.0446
230029,Trinity Health Oakland,Pontiac,MI,Michigan,General hospital,Nonprofit,Urban,310.0,2023,0.0554,30416926.0,548642049.0,0,Made money,0,"Trinity Health Oakland (Pontiac, MI)",50,124,0.0378,0.0446
230030,Mymichigan Medical Center-Gratiot,Alma,MI,Michigan,General hospital,Nonprofit,Rural,35.0,2023,0.0174,2675270.0,153764809.0,0,Made money,0,"Mymichigan Medical Center-Gratiot (Alma, MI)",72,124,0.0378,0.0446
230031,Lake Huron Medical Center,Port Huron,MI,Michigan,General hospital,For-profit,Urban,129.0,2023,-0.0099,-675298.0,68449979.0,2,2 years,2,"Lake Huron Medical Center (Port Huron, MI)",85,124,0.0378,0.0446
230035,Corewell Health Greenville Hospital,Greenville,MI,Michigan,General hospital,Nonprofit,Urban,44.0,2023,0.1074,15348815.0,142918102.0,0,Made money,0,"Corewell Health Greenville Hospital (Greenville, MI)",28,124,0.0378,0.0446
230036,Mymichigan Medical Center Alpena,Alpena,MI,Michigan,General hospital,Nonprofit,Rural,128.0,2023,0.1435,42897090.0,298958457.0,0,Made money,0,"Mymichigan Medical Center Alpena (Alpena, MI)",16,124,0.0378,0.0446
230037,Hillsdale Hospital,Hillsdale,MI,Michigan,General hospital,Nonprofit,Rural,44.0,2023,0.0442,4018887.0,90846435.0,0,Made money,0,"Hillsdale Hospital (Hillsdale, MI)",55,124,0.0378,0.0446
230038,Corewell Health Grand Rapids Hospita,Grand Rapids,MI,Michigan,General hospital,Nonprofit,Urban,1114.0,2023,0.0419,118443316.0,2824044444.0,0,Made money,0,"Corewell Health Grand Rapids Hospita (Grand Rapids, MI)",56,124,0.0378,0.0446
230041,Bay Regional Medical Center,Bay City,MI,Michigan,General hospital,Nonprofit,Urban,234.0,2023,-0.207,-55957993.0,270381389.0,2,2 years,2,"Bay Regional Medical Center (Bay City, MI)",117,124,0.0378,0.0446
230046,Univ Of Mi Hospitals & Hlth Ctrs,Ann Arbor,MI,Michigan,General hospital,Government,Urban,954.0,2023,0.0952,516145798.0,5420318768.0,0,Made money,0,"Univ Of Mi Hospitals & Hlth Ctrs (Ann Arbor, MI)",32,124,0.0378,0.0446
230047,Henry Ford Health Macomb Hospital,Mt. Clemens,MI,Michigan,General hospital,Nonprofit,Urban,318.0,2023,0.0378,24347112.0,644212736.0,0,Made money,0,"Henry Ford Health Macomb Hospital (Mt. Clemens, MI)",62,124,0.0378,0.0446
230053,Henry Ford Hospital,Detroit,MI,Michigan,General hospital,Nonprofit,Urban,676.0,2023,-0.0238,-65891331.0,2762866193.0,6,5+ years,4,"Henry Ford Hospital (Detroit, MI)",93,124,0.0378,0.0446
230054,Marquette General Hospital,Marquette,MI,Michigan,General hospital,For-profit,Rural,163.0,2023,-0.0323,-12856797.0,397764684.0,2,2 years,2,"Marquette General Hospital (Marquette, MI)",97,124,0.0378,0.0446
230055,Dickinson County Healthcare System,Iron Mountain,MI,Michigan,General hospital,Nonprofit,Rural,49.0,2023,0.001,143312.0,141651478.0,0,Made money,0,"Dickinson County Healthcare System (Iron Mountain, MI)",78,124,0.0378,0.0446
230058,Munson Healthcare Grayling Hospital,Grayling,MI,Michigan,General hospital,Nonprofit,Rural,42.0,2023,-0.015,-1423072.0,94566001.0,2,2 years,2,"Munson Healthcare Grayling Hospital (Grayling, MI)",86,124,0.0378,0.0446
230059,Trinity Health Grand Rapids,Grand Rapids,MI,Michigan,General hospital,Nonprofit,Urban,275.0,2023,0.1213,115235647.0,950067093.0,0,Made money,0,"Trinity Health Grand Rapids (Grand Rapids, MI)",22,124,0.0378,0.0446
230066,Trinity Health Muskegon,Muskegon,MI,Michigan,General hospital,Nonprofit,Urban,297.0,2023,-0.0044,-3322053.0,754770556.0,3,3-4 years,3,"Trinity Health Muskegon (Muskegon, MI)",83,124,0.0378,0.0446
230069,Trinity Health Livingston,Howell,MI,Michigan,General hospital,Nonprofit,Urban,42.0,2023,0.1582,34684221.0,219218813.0,0,Made money,0,"Trinity Health Livingston (Howell, MI)",11,124,0.0378,0.0446
230070,Covenant Medical Center,Saginaw,MI,Michigan,General hospital,Nonprofit,Urban,464.0,2023,0.0618,51934486.0,839845107.0,0,Made money,0,"Covenant Medical Center (Saginaw, MI)",48,124,0.0378,0.0446
230071,Straith Hospital For Special Surgery,Southfield,MI,Michigan,General hospital,Nonprofit,Urban,34.0,2023,-0.1821,-2892399.0,15879510.0,2,2 years,2,"Straith Hospital For Special Surgery (Southfield, MI)",116,124,0.0378,0.0446
230072,Holland Hospital,Holland,MI,Michigan,General hospital,Nonprofit,Urban,189.0,2023,0.137,47310494.0,345276307.0,0,Made money,0,"Holland Hospital (Holland, MI)",20,124,0.0378,0.0446
230075,Bronson Battle Creek,Battle Creek,MI,Michigan,General hospital,Nonprofit,Urban,139.0,2023,-0.0169,-5409707.0,320075103.0,3,3-4 years,3,"Bronson Battle Creek (Battle Creek, MI)",89,124,0.0378,0.0446
230077,St. Marys Of Michigan,Saginaw,MI,Michigan,General hospital,Nonprofit,Urban,181.0,2023,-0.2106,-56582671.0,268701120.0,8,5+ years,4,"St. Marys Of Michigan (Saginaw, MI)",118,124,0.0378,0.0446
230078,Lakeland Community Hosp Watervliet,Watervliet,MI,Michigan,General hospital,Nonprofit,Urban,26.0,2023,0.1307,7127004.0,54549622.0,0,Made money,0,"Lakeland Community Hosp Watervliet (Watervliet, MI)",21,124,0.0378,0.0446
230080,Mclaren Central Michigan,Mt Pleasant,MI,Michigan,General hospital,Nonprofit,Rural,41.0,2023,-0.1249,-18138011.0,145171605.0,6,5+ years,4,"Mclaren Central Michigan (Mt Pleasant, MI)",113,124,0.0378,0.0446
230081,Munson Healthcare Cadillac Hospital,Cadillac,MI,Michigan,General hospital,Nonprofit,Rural,49.0,2023,0.0766,10356543.0,135211604.0,0,Made money,0,"Munson Healthcare Cadillac Hospital (Cadillac, MI)",38,124,0.0378,0.0446
230085,Bronson South Haven Hospital,South Haven,MI,Michigan,General hospital,Nonprofit,Rural,8.0,2023,0.0375,1503479.0,40137519.0,0,Made money,0,"Bronson South Haven Hospital (South Haven, MI)",65,124,0.0378,0.0446
230089,Corewell Health - Grosse Pointe,Grosse Pointe,MI,Michigan,General hospital,Nonprofit,Urban,248.0,2023,0.1446,48222166.0,333561626.0,0,Made money,0,"Corewell Health - Grosse Pointe (Grosse Pointe, MI)",14,124,0.0378,0.0446
230092,W.A. Foote Memorial Hospital,Jackson,MI,Michigan,General hospital,Nonprofit,Urban,357.0,2023,0.0875,73306896.0,837637046.0,0,Made money,0,"W.A. Foote Memorial Hospital (Jackson, MI)",34,124,0.0378,0.0446
230093,Corewell Health Big Rapids,Big Rapids,MI,Michigan,General hospital,Nonprofit,Rural,49.0,2023,0.0899,9303209.0,103450467.0,0,Made money,0,"Corewell Health Big Rapids (Big Rapids, MI)",33,124,0.0378,0.0446
230095,Mymichigan Medical Ctr  West Bran,West Branch,MI,Michigan,General hospital,Nonprofit,Rural,88.0,2023,-0.0359,-2584209.0,72033985.0,3,3-4 years,3,"Mymichigan Medical Ctr  West Bran (West Branch, MI)",100,124,0.0378,0.0446
230096,Sturgis Hospital  Inc.,Sturgis,MI,Michigan,General hospital,Nonprofit,Rural,49.0,2022,-0.533,-8479093.0,15907198.0,2,2 years,2,"Sturgis Hospital  Inc. (Sturgis, MI)",4,4,0.0378,0.0446
230097,Munson Medical Center,Traverse City,MI,Michigan,General hospital,Nonprofit,Rural,401.0,2023,0.0205,16971493.0,829443147.0,0,Made money,0,"Munson Medical Center (Traverse City, MI)",70,124,0.0378,0.0446
230099,Monroe Regional Hospital,Monroe,MI,Michigan,General hospital,Nonprofit,Urban,147.0,2023,-0.7279,-116126879.0,159534204.0,1,1 year,1,"Monroe Regional Hospital (Monroe, MI)",123,124,0.0378,0.0446
230100,Ascension St. Joseph Hospital,Tawas,MI,Michigan,General hospital,Nonprofit,Rural,47.0,2023,0.0702,4111002.0,58530109.0,0,Made money,0,"Ascension St. Joseph Hospital (Tawas, MI)",43,124,0.0378,0.0446
230104,Harper- Hutzel Hospital,Detroit,MI,Michigan,General hospital,For-profit,Urban,224.0,2023,-0.04,-16351186.0,409115270.0,2,2 years,2,"Harper- Hutzel Hospital (Detroit, MI)",102,124,0.0378,0.0446
230105,Mclaren Northern Michigan,Petoskey,MI,Michigan,General hospital,Nonprofit,Rural,175.0,2023,-0.0994,-21329637.0,214592318.0,1,1 year,1,"Mclaren Northern Michigan (Petoskey, MI)",109,124,0.0378,0.0446
230108,Portage Health System,Hancock,MI,Michigan,General hospital,For-profit,Rural,36.0,2023,-0.0042,-351706.0,83301631.0,1,1 year,1,"Portage Health System (Hancock, MI)",82,124,0.0378,0.0446
230110,Corewell Health Ludington Hospital,Ludington,MI,Michigan,General hospital,Nonprofit,Rural,39.0,2023,0.0356,4267860.0,119919171.0,0,Made money,0,"Corewell Health Ludington Hospital (Ludington, MI)",66,124,0.0378,0.0446
230117,Ascension Borgess Hospital,Kalamazoo,MI,Michigan,General hospital,Nonprofit,Urban,236.0,2023,-0.286,-107792800.0,376904167.0,3,3-4 years,3,"Ascension Borgess Hospital (Kalamazoo, MI)",120,124,0.0378,0.0446
230121,Memorial Healthcare,Owosso,MI,Michigan,General hospital,Nonprofit,Urban,113.0,2023,0.0295,8595141.0,291129107.0,0,Made money,0,"Memorial Healthcare (Owosso, MI)",69,124,0.0378,0.0446
230130,Corewell Health Wm. Beaumont Univ,Royal Oak,MI,Michigan,General hospital,Nonprofit,Urban,1026.0,2023,0.0072,11467546.0,1587075084.0,0,Made money,0,"Corewell Health Wm. Beaumont Univ (Royal Oak, MI)",76,124,0.0378,0.0446
230132,Hurley Medical Center,Flint,MI,Michigan,General hospital,Government,Urban,362.0,2023,0.0449,22487593.0,501343499.0,0,Made money,0,"Hurley Medical Center (Flint, MI)",53,124,0.0378,0.0446
230133,Otsego Memorial Hospital,Gaylord,MI,Michigan,General hospital,Nonprofit,Rural,46.0,2023,0.0378,4720320.0,124933896.0,0,Made money,0,"Otsego Memorial Hospital (Gaylord, MI)",62,124,0.0378,0.0446
230141,Mclaren Flint,Flint,MI,Michigan,General hospital,Nonprofit,Urban,283.0,2023,-0.7458,-195947819.0,262726739.0,2,2 years,2,"Mclaren Flint (Flint, MI)",124,124,0.0378,0.0446
230142,Corewell Health Wayne,Wayne,MI,Michigan,General hospital,Nonprofit,Urban,99.0,2023,-0.023,-4525158.0,196602840.0,1,1 year,1,"Corewell Health Wayne (Wayne, MI)",92,124,0.0378,0.0446
230144,Forest Health Medical Center  Llc,Ypsilanti,MI,Michigan,General hospital,For-profit,Urban,24.0,2023,0.0996,4779185.0,47990845.0,0,Made money,0,"Forest Health Medical Center  Llc (Ypsilanti, MI)",30,124,0.0378,0.0446
230146,Henry Ford Health Wyandotte Hospital,Wyandotte,MI,Michigan,General hospital,Nonprofit,Urban,277.0,2023,0.0506,20601939.0,406773015.0,0,Made money,0,"Henry Ford Health Wyandotte Hospital (Wyandotte, MI)",51,124,0.0378,0.0446
230151,Corewell Health- Farmington Hills,Farmington Hills,MI,Michigan,General hospital,Nonprofit,Urban,209.0,2023,0.1581,76497113.0,483709763.0,0,Made money,0,"Corewell Health- Farmington Hills (Farmington Hills, MI)",12,124,0.0378,0.0446
230156,St Joseph Mercy Hospital Ann Arbor,Ann Arbor,MI,Michigan,General hospital,Nonprofit,Urban,465.0,2023,0.1135,139944258.0,1233135033.0,0,Made money,0,"St Joseph Mercy Hospital Ann Arbor (Ann Arbor, MI)",25,124,0.0378,0.0446
230165,Ascension St John Hospital,Detroit,MI,Michigan,General hospital,Nonprofit,Urban,554.0,2023,0.0384,41132790.0,1071557830.0,0,Made money,0,"Ascension St John Hospital (Detroit, MI)",60,124,0.0378,0.0446
230167,Mclaren Greater Lansing,Lansing  Mi 489100,MI,Michigan,General hospital,Nonprofit,Urban,193.0,2023,-0.1089,-45670163.0,419543889.0,2,2 years,2,"Mclaren Greater Lansing (Lansing  Mi 489100, MI)",111,124,0.0378,0.0446
230174,Trinity Health Grand Haven Hospital,Grand Haven,MI,Michigan,General hospital,Nonprofit,Urban,36.0,2023,0.0804,4547381.0,56568564.0,0,Made money,0,"Trinity Health Grand Haven Hospital (Grand Haven, MI)",37,124,0.0378,0.0446
230176,Corewell Health - Trenton,Trenton,MI,Michigan,General hospital,Nonprofit,Urban,193.0,2023,0.1385,34634521.0,250103610.0,0,Made money,0,"Corewell Health - Trenton (Trenton, MI)",19,124,0.0378,0.0446
230180,Mymichigan Medical Center Clare,Clare,MI,Michigan,General hospital,Nonprofit,Rural,49.0,2023,0.225,25503037.0,113352986.0,0,Made money,0,"Mymichigan Medical Center Clare (Clare, MI)",7,124,0.0378,0.0446
230193,Mclaren Lapeer Region,Lapeer,MI,Michigan,General hospital,Nonprofit,Urban,92.0,2023,-0.2712,-27736296.0,102258215.0,2,2 years,2,"Mclaren Lapeer Region (Lapeer, MI)",119,124,0.0378,0.0446
230195,Ascension Macomb-Oakland Hospital,Warren,MI,Michigan,General hospital,Nonprofit,Urban,422.0,2023,-0.054,-24328825.0,450352358.0,4,3-4 years,3,"Ascension Macomb-Oakland Hospital (Warren, MI)",103,124,0.0378,0.0446
230197,Genesys Regional Medical Ctr.,Grand Blanc,MI,Michigan,General hospital,Nonprofit,Urban,318.0,2023,-0.0594,-22232762.0,374532802.0,2,2 years,2,"Genesys Regional Medical Ctr. (Grand Blanc, MI)",104,124,0.0378,0.0446
230207,Mclaren Oakland,Pontiac,MI,Michigan,General hospital,Nonprofit,Urban,109.0,2023,-0.0723,-15552493.0,215067449.0,1,1 year,1,"Mclaren Oakland (Pontiac, MI)",106,124,0.0378,0.0446
230208,Um Health-Sparrow Carson,Carson City,MI,Michigan,General hospital,Nonprofit,Urban,48.0,2023,0.0037,192154.0,52280460.0,0,Made money,0,"Um Health-Sparrow Carson (Carson City, MI)",77,124,0.0378,0.0446
230216,Mclaren Port Huron,Port Huron,MI,Michigan,General hospital,Nonprofit,Urban,152.0,2023,-0.0647,-14036227.0,216880100.0,2,2 years,2,"Mclaren Port Huron (Port Huron, MI)",105,124,0.0378,0.0446
230217,Oaklawn Hospital,Marshall,MI,Michigan,General hospital,Nonprofit,Urban,78.0,2023,0.061,11606464.0,190305039.0,0,Made money,0,"Oaklawn Hospital (Marshall, MI)",49,124,0.0378,0.0446
230222,Mymichigan Medical Center Midland,Midland,MI,Michigan,General hospital,Nonprofit,Urban,199.0,2023,0.1412,107850989.0,764044138.0,0,Made money,0,"Mymichigan Medical Center Midland (Midland, MI)",18,124,0.0378,0.0446
230227,Mclaren Macomb,Mt. Clemens,MI,Michigan,General hospital,Nonprofit,Urban,271.0,2023,-0.0262,-9574429.0,365143237.0,2,2 years,2,"Mclaren Macomb (Mt. Clemens, MI)",95,124,0.0378,0.0446
230230,Edward W. Sparrow Hospital,Lansing,MI,Michigan,General hospital,Nonprofit,Urban,452.0,2023,0.0008,1009899.0,1210219937.0,0,Made money,0,"Edward W. Sparrow Hospital (Lansing, MI)",79,124,0.0378,0.0446
230236,Metropolitan Hospital,Wyoming,MI,Michigan,General hospital,Nonprofit,Urban,201.0,2023,-0.0306,-17774343.0,581331758.0,2,2 years,2,"Metropolitan Hospital (Wyoming, MI)",96,124,0.0378,0.0446
230239,Mymichigan Medical Center Sault,Sault Ste. Marie,MI,Michigan,General hospital,Nonprofit,Rural,49.0,2023,-0.0326,-4392566.0,134564159.0,2,2 years,2,"Mymichigan Medical Center Sault (Sault Ste. Marie, MI)",98,124,0.0378,0.0446
230241,Ascension River District Hospital,East China,MI,Michigan,General hospital,Nonprofit,Urban,18.0,2023,-0.5728,-11113893.0,19402224.0,13,5+ years,4,"Ascension River District Hospital (East China, MI)",122,124,0.0378,0.0446
230244,Garden City Hospital Osteopathic,Garden City,MI,Michigan,General hospital,For-profit,Urban,129.0,2023,0.153,24155935.0,157924567.0,0,Made money,0,"Garden City Hospital Osteopathic (Garden City, MI)",13,124,0.0378,0.0446
230254,Ascension Providence Rochester Hospi,Rochester,MI,Michigan,General hospital,Nonprofit,Urban,164.0,2023,-0.1101,-26841561.0,243810205.0,4,3-4 years,3,"Ascension Providence Rochester Hospi (Rochester, MI)",112,124,0.0378,0.0446
230259,Chelsea Hospital,Chelsea,MI,Michigan,General hospital,Nonprofit,Urban,79.0,2023,0.038,7800319.0,205108585.0,0,Made money,0,"Chelsea Hospital (Chelsea, MI)",61,124,0.0378,0.0446
230264,Insight Surgical Hospital,Warren,MI,Michigan,General hospital,For-profit,Urban,13.0,2023,-0.0366,-1237315.0,33806353.0,1,1 year,1,"Insight Surgical Hospital (Warren, MI)",101,124,0.0378,0.0446
230269,Corewell Health- Troy,Troy,MI,Michigan,General hospital,Nonprofit,Urban,505.0,2023,0.0296,23313023.0,786539273.0,0,Made money,0,"Corewell Health- Troy (Troy, MI)",68,124,0.0378,0.0446
230270,Corewell Health Taylor,Taylor,MI,Michigan,General hospital,Nonprofit,Urban,99.0,2023,-0.0156,-3053704.0,195485349.0,1,1 year,1,"Corewell Health Taylor (Taylor, MI)",88,124,0.0378,0.0446
230273,Detroit Receiving Hospital,Detroit,MI,Michigan,General hospital,For-profit,Urban,208.0,2023,0.0099,2896491.0,291823261.0,0,Made money,0,"Detroit Receiving Hospital (Detroit, MI)",75,124,0.0378,0.0446
230275,Healthsource Saginaw  Inc.,Saginaw,MI,Michigan,General hospital,Government,Urban,7.0,2023,-0.0853,-4462610.0,52295744.0,3,3-4 years,3,"Healthsource Saginaw  Inc. (Saginaw, MI)",107,124,0.0378,0.0446
230277,Huron Valley-Sinai Hospital,Commerce Township,MI,Michigan,General hospital,For-profit,Urban,145.0,2023,0.0622,11964510.0,192251101.0,0,Made money,0,"Huron Valley-Sinai Hospital (Commerce Township, MI)",47,124,0.0378,0.0446
230279,St. John Brighton,Brighton,MI,Michigan,General hospital,Nonprofit,Urban,99.0,2023,-0.1026,-1496147.0,14577431.0,3,3-4 years,3,"St. John Brighton (Brighton, MI)",110,124,0.0378,0.0446
230297,Karmanos Cancer Hospital,Detroit,MI,Michigan,General hospital,Nonprofit,Urban,102.0,2023,0.0866,39733852.0,458896024.0,0,Made money,0,"Karmanos Cancer Hospital (Detroit, MI)",36,124,0.0378,0.0446
230301,Surgeons Choice Medical Center,Southfield,MI,Michigan,General hospital,For-profit,Urban,45.0,2023,0.07,2611916.0,37326616.0,0,Made money,0,"Surgeons Choice Medical Center (Southfield, MI)",44,124,0.0378,0.0446
230302,Henry Ford West Bloomfield Hospital,West Bloomfield,MI,Michigan,General hospital,Nonprofit,Urban,191.0,2023,0.0721,34151730.0,473644921.0,0,Made money,0,"Henry Ford West Bloomfield Hospital (West Bloomfield, MI)",40,124,0.0378,0.0446
230303,Munson Healthcare Manistee Hospital,Manistee,MI,Michigan,General hospital,Nonprofit,Rural,45.0,2023,0.016,905096.0,56475532.0,0,Made money,0,"Munson Healthcare Manistee Hospital (Manistee, MI)",73,124,0.0378,0.0446
231300,Paul Oliver Memorial Hospital,Frankfort,MI,Michigan,Critical access hospital (small rural),Nonprofit,Rural,8.0,2023,0.069,1859690.0,26954168.0,0,Made money,0,"Paul Oliver Memorial Hospital (Frankfort, MI)",45,124,0.0378,0.0446
231301,Kalkaska Memorial Health Center,Kalkaska,MI,Michigan,Critical access hospital (small rural),Government,Rural,8.0,2023,0.0385,3191825.0,82867655.0,0,Made money,0,"Kalkaska Memorial Health Center (Kalkaska, MI)",59,124,0.0378,0.0446
231303,Schoolcraft Memorial Hospital,Manistique,MI,Michigan,Critical access hospital (small rural),Government,Rural,12.0,2023,0.0317,1842607.0,58079142.0,0,Made money,0,"Schoolcraft Memorial Hospital (Manistique, MI)",67,124,0.0378,0.0446
231304,Helen Newberry Joy Hospital,Newberry,MI,Michigan,Critical access hospital (small rural),Government,Rural,25.0,2023,0.0127,509363.0,40115124.0,0,Made money,0,"Helen Newberry Joy Hospital (Newberry, MI)",74,124,0.0378,0.0446
231305,Ascension Standish Hospital,Standish,MI,Michigan,Critical access hospital (small rural),Nonprofit,Rural,25.0,2023,0.0404,1002638.0,24802132.0,0,Made money,0,"Ascension Standish Hospital (Standish, MI)",57,124,0.0378,0.0446
231306,Mackinac Straits Health System  Inc,St. Ignace,MI,Michigan,Critical access hospital (small rural),Nonprofit,Rural,15.0,2023,0.0989,7639342.0,77255077.0,0,Made money,0,"Mackinac Straits Health System  Inc (St. Ignace, MI)",31,124,0.0378,0.0446
231307,Baraga County Memorial Hospital,Lanse,MI,Michigan,Critical access hospital (small rural),Government,Rural,24.0,2023,0.0403,1171587.0,29052852.0,0,Made money,0,"Baraga County Memorial Hospital (Lanse, MI)",58,124,0.0378,0.0446
231308,Munising Memorial Hospital,Munising,MI,Michigan,Critical access hospital (small rural),Nonprofit,Rural,11.0,2023,0.0377,520851.0,13804715.0,0,Made money,0,"Munising Memorial Hospital (Munising, MI)",64,124,0.0378,0.0446
231309,Aspirus Ontonagon Hospital,Ontonagon,MI,Michigan,Critical access hospital (small rural),Nonprofit,Rural,18.0,2022,-0.1389,-1572083.0,11318802.0,3,3-4 years,3,"Aspirus Ontonagon Hospital (Ontonagon, MI)",2,4,0.0378,0.0446
231310,Scheurer Hospital,Pigeon,MI,Michigan,Critical access hospital (small rural),Nonprofit,Rural,25.0,2023,0.0672,4609915.0,68650713.0,0,Made money,0,"Scheurer Hospital (Pigeon, MI)",46,124,0.0378,0.0446
231311,Deckerville Community Hospital,Deckerville,MI,Michigan,Critical access hospital (small rural),Nonprofit,Rural,15.0,2023,-0.1425,-1315762.0,9231851.0,1,1 year,1,"Deckerville Community Hospital (Deckerville, MI)",114,124,0.0378,0.0446
231312,Sheridan Community Hospital,Sheridan,MI,Michigan,Critical access hospital (small rural),Nonprofit,Rural,22.0,2021,0.2256,3932422.0,17434297.0,0,Made money,0,"Sheridan Community Hospital (Sheridan, MI)",1,1,0.0378,0.0446
231313,Harbor Beach Community Hospital,Harbor Beach,MI,Michigan,Critical access hospital (small rural),Nonprofit,Rural,15.0,2023,0.0453,858942.0,18969371.0,0,Made money,0,"Harbor Beach Community Hospital (Harbor Beach, MI)",52,124,0.0378,0.0446
231314,Mckenzie Health System,Sandusky,MI,Michigan,Critical access hospital (small rural),Nonprofit,Rural,25.0,2023,0.0003,7888.0,30056955.0,0,Made money,0,"Mckenzie Health System (Sandusky, MI)",80,124,0.0378,0.0446
231315,Ascension Borgess-Lee Hospital,Dowagiac,MI,Michigan,Critical access hospital (small rural),Nonprofit,Urban,25.0,2023,-0.0345,-617818.0,17892900.0,2,2 years,2,"Ascension Borgess-Lee Hospital (Dowagiac, MI)",99,124,0.0378,0.0446
231316,Hills & Dales General Hospital,Cass City,MI,Michigan,Critical access hospital (small rural),Nonprofit,Rural,25.0,2023,0.1131,8301329.0,73388446.0,0,Made money,0,"Hills & Dales General Hospital (Cass City, MI)",26,124,0.0378,0.0446
231317,Kelsey Memorial Hospital,Lakeview,MI,Michigan,Critical access hospital (small rural),Nonprofit,Urban,12.0,2022,0.1397,2509636.0,17961142.0,0,Made money,0,"Kelsey Memorial Hospital (Lakeview, MI)",1,4,0.0378,0.0446
231318,Aspirus Iron River Hopsital & Clinic,Iron River,MI,Michigan,Critical access hospital (small rural),Nonprofit,Rural,25.0,2023,-0.0151,-582823.0,38599029.0,2,2 years,2,"Aspirus Iron River Hopsital & Clinic (Iron River, MI)",87,124,0.0378,0.0446
231319,Aspirus Keweenaw Hospital,Laurium,MI,Michigan,Critical access hospital (small rural),Nonprofit,Rural,25.0,2023,-0.022,-1609849.0,73107268.0,1,1 year,1,"Aspirus Keweenaw Hospital (Laurium, MI)",91,124,0.0378,0.0446
231320,Mh-Lakeshore Campus,Shelby,MI,Michigan,Critical access hospital (small rural),Nonprofit,Rural,24.0,2023,0.2565,10818708.0,42181109.0,0,Made money,0,"Mh-Lakeshore Campus (Shelby, MI)",3,124,0.0378,0.0446
231321,Bell Memorial Hospital,Ishpeming,MI,Michigan,Critical access hospital (small rural),For-profit,Rural,25.0,2023,0.0872,5674719.0,65087401.0,0,Made money,0,"Bell Memorial Hospital (Ishpeming, MI)",35,124,0.0378,0.0446
231322,Munson Healthcare Charlevoix Hospita,Charlevoix,MI,Michigan,Critical access hospital (small rural),Nonprofit,Rural,25.0,2023,0.072,5716167.0,79336437.0,0,Made money,0,"Munson Healthcare Charlevoix Hospita (Charlevoix, MI)",41,124,0.0378,0.0446
231323,Corewell Health Reed City,Reed City,MI,Michigan,Critical access hospital (small rural),Nonprofit,Rural,22.0,2023,0.143,11314135.0,79092558.0,0,Made money,0,"Corewell Health Reed City (Reed City, MI)",17,124,0.0378,0.0446
231324,Eaton Rapids Medical Center,Eaton Rapids,MI,Michigan,Critical access hospital (small rural),Nonprofit,Urban,20.0,2023,0.0758,3247041.0,42852525.0,0,Made money,0,"Eaton Rapids Medical Center (Eaton Rapids, MI)",39,124,0.0378,0.0446
231325,Mymichigan Medical Center Gladwin,Gladwin,MI,Michigan,Critical access hospital (small rural),Nonprofit,Rural,25.0,2023,0.2514,15524356.0,61742572.0,0,Made money,0,"Mymichigan Medical Center Gladwin (Gladwin, MI)",4,124,0.0378,0.0446
231326,Um Health-Sparrow Clinton Hospital,St. Johns,MI,Michigan,Critical access hospital (small rural),Nonprofit,Urban,25.0,2023,0.3282,28471139.0,86750248.0,0,Made money,0,"Um Health-Sparrow Clinton Hospital (St. Johns, MI)",1,124,0.0378,0.0446
231327,Um Health-Sparrow Eaton,Charlotte,MI,Michigan,Critical access hospital (small rural),Nonprofit,Urban,25.0,2023,0.2278,20609014.0,90474207.0,0,Made money,0,"Um Health-Sparrow Eaton (Charlotte, MI)",6,124,0.0378,0.0446
231328,Ascension Allegan Hospital,Allegan,MI,Michigan,Critical access hospital (small rural),Nonprofit,Rural,25.0,2023,0.1592,6326553.0,39738928.0,0,Made money,0,"Ascension Allegan Hospital (Allegan, MI)",10,124,0.0378,0.0446
231329,Caro Community Hospital,Caro,MI,Michigan,Critical access hospital (small rural),Nonprofit,Rural,25.0,2023,0.1159,2457598.0,21202822.0,0,Made money,0,"Caro Community Hospital (Caro, MI)",24,124,0.0378,0.0446
231330,Marlette Regional Hospital,Marlette,MI,Michigan,Critical access hospital (small rural),Nonprofit,Rural,25.0,2023,0.0191,870183.0,45465448.0,0,Made money,0,"Marlette Regional Hospital (Marlette, MI)",71,124,0.0378,0.0446
231331,Sparrow Ionia Hospital,Ionia,MI,Michigan,Critical access hospital (small rural),Nonprofit,Urban,22.0,2023,0.1921,14077406.0,73291017.0,0,Made money,0,"Sparrow Ionia Hospital (Ionia, MI)",9,124,0.0378,0.0446
231332,Bronson Lakeview Hospital,Paw Paw,MI,Michigan,Critical access hospital (small rural),Nonprofit,Rural,16.0,2023,0.2591,21960351.0,84744317.0,0,Made money,0,"Bronson Lakeview Hospital (Paw Paw, MI)",2,124,0.0378,0.0446
231333,Aspirus Ironwood Hospital,Ironwood,MI,Michigan,Critical access hospital (small rural),Nonprofit,Rural,25.0,2023,0.0703,5407306.0,76911339.0,0,Made money,0,"Aspirus Ironwood Hospital (Ironwood, MI)",42,124,0.0378,0.0446
231337,St. Francis Hospital,Escanaba,MI,Michigan,Critical access hospital (small rural),Nonprofit,Rural,25.0,2023,0.1092,13021955.0,119266360.0,0,Made money,0,"St. Francis Hospital (Escanaba, MI)",27,124,0.0378,0.0446
231338,Corewell Health Gerber,Fremont,MI,Michigan,Critical access hospital (small rural),Nonprofit,Rural,25.0,2023,0.1445,17995330.0,124559115.0,0,Made money,0,"Corewell Health Gerber (Fremont, MI)",15,124,0.0378,0.0446
231339,Corewell Health Pennock Hospital,Hastings,MI,Michigan,Critical access hospital (small rural),Nonprofit,Rural,25.0,2023,0.1197,13372199.0,111724918.0,0,Made money,0,"Corewell Health Pennock Hospital (Hastings, MI)",23,124,0.0378,0.0446
231340,Mclaren Thumb Region,Bad Axe,MI,Michigan,Critical access hospital (small rural),Nonprofit,Rural,25.0,2023,-0.0261,-1195874.0,45812848.0,2,2 years,2,"Mclaren Thumb Region (Bad Axe, MI)",94,124,0.0378,0.0446
240001,North Memorial Health Hospital,Robbinsdale,MN,Minnesota,General hospital,Nonprofit,Urban,328.0,2023,-0.0048,-3780889.0,787767484.0,2,2 years,2,"North Memorial Health Hospital (Robbinsdale, MN)",86,120,0.0465,0.0446
240002,St. Marys Medical Center,Duluth,MN,Minnesota,General hospital,Nonprofit,Urban,342.0,2023,-0.0402,-22912785.0,570504603.0,1,1 year,1,"St. Marys Medical Center (Duluth, MN)",104,120,0.0465,0.0446
240004,Hennepin County Medical Center,Minneapolis,MN,Minnesota,General hospital,Government,Urban,347.0,2023,-0.0357,-49574000.0,1389741000.0,2,2 years,2,"Hennepin County Medical Center (Minneapolis, MN)",100,120,0.0465,0.0446
240006,Olmsted Medical Center,Rochester,MN,Minnesota,General hospital,Nonprofit,Urban,61.0,2023,0.0321,8848008.0,275385697.0,0,Made money,0,"Olmsted Medical Center (Rochester, MN)",71,120,0.0465,0.0446
240010,Mayo Clinic Hospital Rochester,Rochester,MN,Minnesota,General hospital,Government,Urban,1154.0,2023,0.3308,1235225561.0,3733806178.0,0,Made money,0,"Mayo Clinic Hospital Rochester (Rochester, MN)",1,120,0.0465,0.0446
240014,Northfield City Hospital,Northfield,MN,Minnesota,General hospital,Government,Urban,37.0,2023,-0.0587,-8118461.0,138297350.0,2,2 years,2,"Northfield City Hospital (Northfield, MN)",110,120,0.0465,0.0446
240018,Mayo Clinic Health System - Red Wing,Red Wing,MN,Minnesota,General hospital,Nonprofit,Rural,27.0,2023,0.0602,9278347.0,154228283.0,0,Made money,0,"Mayo Clinic Health System - Red Wing (Red Wing, MN)",54,120,0.0465,0.0446
240019,Smdc Medical Center,Duluth,MN,Minnesota,General hospital,Nonprofit,Urban,118.0,2023,-0.0036,-2175654.0,609223357.0,2,2 years,2,"Smdc Medical Center (Duluth, MN)",83,120,0.0465,0.0446
240020,Cambridge Medical Center,Cambridge,MN,Minnesota,General hospital,Nonprofit,Urban,46.0,2023,0.0791,7588715.0,95921109.0,0,Made money,0,"Cambridge Medical Center (Cambridge, MN)",44,120,0.0465,0.0446
240022,Sanford Regional Hospital Worthingto,Worthington,MN,Minnesota,General hospital,Nonprofit,Rural,48.0,2023,0.0193,1251837.0,64913042.0,0,Made money,0,"Sanford Regional Hospital Worthingto (Worthington, MN)",74,120,0.0465,0.0446
240030,Alomere Health,Alexandria,MN,Minnesota,General hospital,Government,Rural,99.0,2023,0.0577,11928148.0,206867772.0,0,Made money,0,"Alomere Health (Alexandria, MN)",55,120,0.0465,0.0446
240036,St. Cloud Hospital,St. Cloud,MN,Minnesota,General hospital,Nonprofit,Urban,464.0,2023,0.1045,117217613.0,1121213752.0,0,Made money,0,"St. Cloud Hospital (St. Cloud, MN)",30,120,0.0465,0.0446
240038,United Hospital,Saint Paul,MN,Minnesota,General hospital,Nonprofit,Urban,402.0,2023,-0.039,-34855971.0,893618287.0,2,2 years,2,"United Hospital (Saint Paul, MN)",101,120,0.0465,0.0446
240040,Range Regional Health Services,Hibbing,MN,Minnesota,General hospital,Nonprofit,Urban,72.0,2023,-0.0165,-2196152.0,132958938.0,2,2 years,2,"Range Regional Health Services (Hibbing, MN)",93,120,0.0465,0.0446
240043,Mayo Clnic Hlth Sys-Albrt Lea Austin,Austin,MN,Minnesota,General hospital,Nonprofit,Rural,79.0,2023,-0.0237,-7408314.0,312117103.0,6,5+ years,4,"Mayo Clnic Hlth Sys-Albrt Lea Austin (Austin, MN)",97,120,0.0465,0.0446
240044,Winona Health Services,Winona,MN,Minnesota,General hospital,Nonprofit,Rural,41.0,2023,-0.1029,-12832389.0,124757721.0,2,2 years,2,"Winona Health Services (Winona, MN)",115,120,0.0465,0.0446
240047,St. Lukes Hospital Of Duluth,Duluth,MN,Minnesota,General hospital,Nonprofit,Urban,238.0,2023,-0.0234,-13026160.0,557443185.0,2,2 years,2,"St. Lukes Hospital Of Duluth (Duluth, MN)",96,120,0.0465,0.0446
240050,M Health Fairview Lakes Medical Cent,Wyoming,MN,Minnesota,General hospital,Nonprofit,Urban,55.0,2023,0.1141,14636772.0,128253623.0,0,Made money,0,"M Health Fairview Lakes Medical Cent (Wyoming, MN)",27,120,0.0465,0.0446
240052,Lake Region Healthcare,Fergus Falls,MN,Minnesota,General hospital,Nonprofit,Rural,80.0,2023,-0.0513,-7857938.0,153161870.0,1,1 year,1,"Lake Region Healthcare (Fergus Falls, MN)",108,120,0.0465,0.0446
240053,Park Nicollet Methodist Hospital,St. Louis Park,MN,Minnesota,General hospital,Nonprofit,Urban,352.0,2023,0.044,35892570.0,814874589.0,0,Made money,0,"Park Nicollet Methodist Hospital (St. Louis Park, MN)",61,120,0.0465,0.0446
240056,Ridgeview Medical Center,Waconia,MN,Minnesota,General hospital,Nonprofit,Urban,109.0,2023,0.0155,5474557.0,354312740.0,0,Made money,0,"Ridgeview Medical Center (Waconia, MN)",78,120,0.0465,0.0446
240057,Abbott Northwestern Hospital,Minneapolis,MN,Minnesota,General hospital,Nonprofit,Urban,609.0,2023,-0.0867,-136213853.0,1570487340.0,4,3-4 years,3,"Abbott Northwestern Hospital (Minneapolis, MN)",113,120,0.0465,0.0446
240059,Regina Hospital,Hastings,MN,Minnesota,General hospital,Nonprofit,Urban,29.0,2021,-0.0349,-2219895.0,63557704.0,3,3-4 years,3,"Regina Hospital (Hastings, MN)",1,1,0.0465,0.0446
240064,Grand Itasca Clinic And Hospital,Grand Rapids,MN,Minnesota,General hospital,Nonprofit,Rural,34.0,2023,0.0344,4290850.0,124640154.0,0,Made money,0,"Grand Itasca Clinic And Hospital (Grand Rapids, MN)",67,120,0.0465,0.0446
240066,Lakeview Memorial,Stillwater,MN,Minnesota,General hospital,Nonprofit,Urban,68.0,2023,0.064,11992282.0,187511879.0,0,Made money,0,"Lakeview Memorial (Stillwater, MN)",52,120,0.0465,0.0446
240069,Owatonna Hospital,Owatonna,MN,Minnesota,General hospital,Nonprofit,Rural,29.0,2023,0.0029,178485.0,62293371.0,0,Made money,0,"Owatonna Hospital (Owatonna, MN)",82,120,0.0465,0.0446
240071,Allina Health Faribault Medical Ctr,Faribault,MN,Minnesota,General hospital,Nonprofit,Rural,32.0,2023,0.0358,2212706.0,61886376.0,0,Made money,0,"Allina Health Faribault Medical Ctr (Faribault, MN)",64,120,0.0465,0.0446
240075,St. Josephs Medical Center,Brainerd,MN,Minnesota,General hospital,Nonprofit,Rural,113.0,2023,0.084,28237218.0,335967285.0,0,Made money,0,"St. Josephs Medical Center (Brainerd, MN)",42,120,0.0465,0.0446
240076,Buffalo Hospital,Buffalo,MN,Minnesota,General hospital,Nonprofit,Urban,39.0,2023,0.1522,15709651.0,103212787.0,0,Made money,0,"Buffalo Hospital (Buffalo, MN)",10,120,0.0465,0.0446
240078,M Health Fairview Southdale Hospital,Edina,MN,Minnesota,General hospital,Nonprofit,Urban,327.0,2023,-0.006,-3489199.0,583040612.0,2,2 years,2,"M Health Fairview Southdale Hospital (Edina, MN)",87,120,0.0465,0.0446
240080,University Of Minnesota Medical Ctr,Minneapolis,MN,Minnesota,General hospital,Nonprofit,Urban,647.0,2023,0.0078,16599958.0,2135964951.0,0,Made money,0,"University Of Minnesota Medical Ctr (Minneapolis, MN)",81,120,0.0465,0.0446
240084,Essentia Health Virginia,Virginia,MN,Minnesota,General hospital,Nonprofit,Urban,49.0,2023,0.0547,8130852.0,148635492.0,0,Made money,0,"Essentia Health Virginia (Virginia, MN)",57,120,0.0465,0.0446
240088,Carris Health,Willmar,MN,Minnesota,General hospital,Nonprofit,Rural,81.0,2023,0.0372,5618984.0,151228355.0,0,Made money,0,"Carris Health (Willmar, MN)",63,120,0.0465,0.0446
240093,Mchs - Southwest Minnesota Region,Mankato,MN,Minnesota,General hospital,Nonprofit,Urban,118.0,2023,-0.0102,-5353477.0,522859589.0,2,2 years,2,"Mchs - Southwest Minnesota Region (Mankato, MN)",91,120,0.0465,0.0446
240100,Sanford Bemidji,Bemidji,MN,Minnesota,General hospital,Nonprofit,Rural,105.0,2023,-0.007,-2835775.0,404539485.0,2,2 years,2,"Sanford Bemidji (Bemidji, MN)",88,120,0.0465,0.0446
240101,St. Marys Regional Health Center,Detroit Lakes,MN,Minnesota,General hospital,Nonprofit,Rural,36.0,2023,0.1042,19734142.0,189385970.0,0,Made money,0,"St. Marys Regional Health Center (Detroit Lakes, MN)",31,120,0.0465,0.0446
240104,St. Francis Regional Medical Center,Shakopee,MN,Minnesota,General hospital,Nonprofit,Urban,89.0,2023,0.1015,23796386.0,234410394.0,0,Made money,0,"St. Francis Regional Medical Center (Shakopee, MN)",37,120,0.0465,0.0446
240106,Regions Hospital,St Paul,MN,Minnesota,General hospital,Nonprofit,Urban,429.0,2023,0.0752,80840891.0,1075045520.0,0,Made money,0,"Regions Hospital (St Paul, MN)",45,120,0.0465,0.0446
240115,Mercy Hospital,Coon Rapids,MN,Minnesota,General hospital,Nonprofit,Urban,464.0,2023,-0.0427,-36038949.0,843059492.0,2,2 years,2,"Mercy Hospital (Coon Rapids, MN)",105,120,0.0465,0.0446
240141,Fairview Northland Reg,Princeton,MN,Minnesota,General hospital,Nonprofit,Urban,34.0,2023,0.049,4529971.0,92487308.0,0,Made money,0,"Fairview Northland Reg (Princeton, MN)",60,120,0.0465,0.0446
240166,Mayo Clinic Health System-Fairmont,Fairmont,MN,Minnesota,General hospital,Nonprofit,Rural,37.0,2023,-0.0181,-1460860.0,80773289.0,9,5+ years,4,"Mayo Clinic Health System-Fairmont (Fairmont, MN)",95,120,0.0465,0.0446
240187,Hutchinson Health Care,Hutchinson,MN,Minnesota,General hospital,Nonprofit,Rural,37.0,2023,0.0678,7235618.0,106642019.0,0,Made money,0,"Hutchinson Health Care (Hutchinson, MN)",50,120,0.0465,0.0446
240207,Fairview Ridges Hospital,Burnsville,MN,Minnesota,General hospital,Nonprofit,Urban,172.0,2023,0.0681,22688374.0,333075650.0,0,Made money,0,"Fairview Ridges Hospital (Burnsville, MN)",49,120,0.0465,0.0446
240210,Healtheast  St Johns Hospital,Maplewood,MN,Minnesota,General hospital,Nonprofit,Urban,184.0,2023,-0.0039,-1725642.0,438152713.0,4,3-4 years,3,"Healtheast  St Johns Hospital (Maplewood, MN)",84,120,0.0465,0.0446
240213,Healtheast Woodwinds Hospital,Woodbury,MN,Minnesota,General hospital,Nonprofit,Urban,86.0,2023,0.0168,4061701.0,241874501.0,0,Made money,0,"Healtheast Woodwinds Hospital (Woodbury, MN)",77,120,0.0465,0.0446
240214,Maple Grove Hospital,Maple Grove,MN,Minnesota,General hospital,Nonprofit,Urban,148.0,2023,0.1459,38599799.0,264481646.0,0,Made money,0,"Maple Grove Hospital (Maple Grove, MN)",13,120,0.0465,0.0446
241300,Mahnomen Health Center,Mahnomen,MN,Minnesota,Critical access hospital (small rural),Nonprofit,Rural,10.0,2023,-0.151,-1845908.0,12223556.0,2,2 years,2,"Mahnomen Health Center (Mahnomen, MN)",118,120,0.0465,0.0446
241301,Lakewood Health Center,Baudette,MN,Minnesota,Critical access hospital (small rural),Nonprofit,Rural,15.0,2023,-0.0502,-1031005.0,20528338.0,3,3-4 years,3,"Lakewood Health Center (Baudette, MN)",107,120,0.0465,0.0446
241302,Sanford Medical Center Westbrook,Westbrook,MN,Minnesota,Critical access hospital (small rural),Nonprofit,Rural,8.0,2023,0.0495,523556.0,10576155.0,0,Made money,0,"Sanford Medical Center Westbrook (Westbrook, MN)",59,120,0.0465,0.0446
241303,Sanford Hospital Tracy,Tracy,MN,Minnesota,Critical access hospital (small rural),Nonprofit,Rural,18.0,2023,0.1171,1702319.0,14535835.0,0,Made money,0,"Sanford Hospital Tracy (Tracy, MN)",25,120,0.0465,0.0446
241304,Sanford Medical Center Wheaton,Wheaton,MN,Minnesota,Critical access hospital (small rural),Nonprofit,Rural,15.0,2023,0.1033,1233656.0,11943409.0,0,Made money,0,"Sanford Medical Center Wheaton (Wheaton, MN)",32,120,0.0465,0.0446
241305,Riverwood Healthcare Center,Aitkin,MN,Minnesota,Critical access hospital (small rural),Nonprofit,Rural,25.0,2023,0.0653,6456179.0,98880238.0,0,Made money,0,"Riverwood Healthcare Center (Aitkin, MN)",51,120,0.0465,0.0446
241306,Olivia  Hospital And Clinics,Olivia,MN,Minnesota,Critical access hospital (small rural),Nonprofit,Rural,16.0,2023,0.2193,8707500.0,39710256.0,0,Made money,0,"Olivia  Hospital And Clinics (Olivia, MN)",5,120,0.0465,0.0446
241308,Lake View Memorial Hospital,Two Harbors,MN,Minnesota,Critical access hospital (small rural),Nonprofit,Urban,16.0,2023,0.1149,2922297.0,25440526.0,0,Made money,0,"Lake View Memorial Hospital (Two Harbors, MN)",26,120,0.0465,0.0446
241309,Pine Medical Center,Sandstone,MN,Minnesota,Critical access hospital (small rural),Nonprofit,Rural,9.0,2023,0.0851,2111230.0,24816724.0,0,Made money,0,"Pine Medical Center (Sandstone, MN)",41,120,0.0465,0.0446
241311,Sibley Medical Center,Arlington,MN,Minnesota,Critical access hospital (small rural),Nonprofit,Rural,20.0,2023,0.2397,5534297.0,23084901.0,0,Made money,0,"Sibley Medical Center (Arlington, MN)",2,120,0.0465,0.0446
241312,Cook Hospital,Cook,MN,Minnesota,Critical access hospital (small rural),Government,Urban,14.0,2023,0.081,1554694.0,19197652.0,0,Made money,0,"Cook Hospital (Cook, MN)",43,120,0.0465,0.0446
241313,Bridges Medical Center,Ada,MN,Minnesota,Critical access hospital (small rural),Nonprofit,Rural,14.0,2023,0.2372,3029171.0,12771280.0,0,Made money,0,"Bridges Medical Center (Ada, MN)",3,120,0.0465,0.0446
241314,Johnson Memorial Hospital,Dawson,MN,Minnesota,Critical access hospital (small rural),Government,Rural,17.0,2023,0.0418,1147050.0,27462594.0,0,Made money,0,"Johnson Memorial Hospital (Dawson, MN)",62,120,0.0465,0.0446
241315,Sanford Medical Center Jackson,Jackson,MN,Minnesota,Critical access hospital (small rural),Nonprofit,Rural,14.0,2023,0.1965,3181960.0,16193629.0,0,Made money,0,"Sanford Medical Center Jackson (Jackson, MN)",7,120,0.0465,0.0446
241316,Northern Itasca Hospital District,Bigfork,MN,Minnesota,Critical access hospital (small rural),Government,Rural,20.0,2023,-0.0082,-226688.0,27508649.0,2,2 years,2,"Northern Itasca Hospital District (Bigfork, MN)",90,120,0.0465,0.0446
241317,Cook County Hospital District,Grand Marais,MN,Minnesota,Critical access hospital (small rural),Government,Rural,16.0,2023,-0.0468,-1047093.0,22374524.0,2,2 years,2,"Cook County Hospital District (Grand Marais, MN)",106,120,0.0465,0.0446
241318,Ely-Bloomenson Community Hospital,Ely,MN,Minnesota,Critical access hospital (small rural),Nonprofit,Urban,16.0,2023,0.0328,1031338.0,31421871.0,0,Made money,0,"Ely-Bloomenson Community Hospital (Ely, MN)",70,120,0.0465,0.0446
241319,Murray County Memorial Hospital,Slayton,MN,Minnesota,Critical access hospital (small rural),Government,Rural,21.0,2023,0.021,380780.0,18128928.0,0,Made money,0,"Murray County Memorial Hospital (Slayton, MN)",73,120,0.0465,0.0446
241320,Riverview Healthcare Association,Crookston,MN,Minnesota,Critical access hospital (small rural),Nonprofit,Urban,21.0,2023,-0.0834,-5269662.0,63199441.0,2,2 years,2,"Riverview Healthcare Association (Crookston, MN)",111,120,0.0465,0.0446
241321,Graceville Health Center,Graceville,MN,Minnesota,Critical access hospital (small rural),Nonprofit,Rural,15.0,2023,-0.0333,-387675.0,11657796.0,2,2 years,2,"Graceville Health Center (Graceville, MN)",99,120,0.0465,0.0446
241322,Intl Falls Memorial Hospital,International Falls,MN,Minnesota,Critical access hospital (small rural),Nonprofit,Rural,18.0,2023,0.0344,1195388.0,34773934.0,0,Made money,0,"Intl Falls Memorial Hospital (International Falls, MN)",67,120,0.0465,0.0446
241323,Madelia Health,Madelia,MN,Minnesota,Critical access hospital (small rural),Nonprofit,Rural,25.0,2023,-0.1839,-3445245.0,18735281.0,3,3-4 years,3,"Madelia Health (Madelia, MN)",120,120,0.0465,0.0446
241325,Ccm Health,Montevideo,MN,Minnesota,Critical access hospital (small rural),Government,Rural,25.0,2023,-0.0272,-1908795.0,70205858.0,1,1 year,1,"Ccm Health (Montevideo, MN)",98,120,0.0465,0.0446
241326,Long Prairie Memorial Hospital,Long Prairie,MN,Minnesota,Critical access hospital (small rural),Nonprofit,Rural,14.0,2023,0.0312,1163559.0,37263571.0,0,Made money,0,"Long Prairie Memorial Hospital (Long Prairie, MN)",72,120,0.0465,0.0446
241327,Sleepy Eye Municipal Hospital,Sleepy Eye,MN,Minnesota,Critical access hospital (small rural),Government,Rural,16.0,2023,0.0337,723808.0,21447876.0,0,Made money,0,"Sleepy Eye Municipal Hospital (Sleepy Eye, MN)",69,120,0.0465,0.0446
241328,Sanford Bagley Medical Center,Bagley,MN,Minnesota,Critical access hospital (small rural),Nonprofit,Rural,25.0,2023,0.2211,3986086.0,18027866.0,0,Made money,0,"Sanford Bagley Medical Center (Bagley, MN)",4,120,0.0465,0.0446
241329,Lakewood Health System,Staples,MN,Minnesota,Critical access hospital (small rural),Nonprofit,Rural,25.0,2023,-0.0888,-11630029.0,130970669.0,1,1 year,1,"Lakewood Health System (Staples, MN)",114,120,0.0465,0.0446
241330,Melrose Area Hospital Centracare,Melrose,MN,Minnesota,Critical access hospital (small rural),Nonprofit,Urban,14.0,2023,0.1434,7694999.0,53646375.0,0,Made money,0,"Melrose Area Hospital Centracare (Melrose, MN)",16,120,0.0465,0.0446
241332,Windom Area Hospital,Windom,MN,Minnesota,Critical access hospital (small rural),Government,Rural,18.0,2023,0.0682,2083136.0,30562047.0,0,Made money,0,"Windom Area Hospital (Windom, MN)",48,120,0.0465,0.0446
241333,Mayo Clinic Health Sys - St. James,St. James,MN,Minnesota,Critical access hospital (small rural),Nonprofit,Rural,25.0,2023,0.1215,3325142.0,27372473.0,0,Made money,0,"Mayo Clinic Health Sys - St. James (St. James, MN)",23,120,0.0465,0.0446
241334,Rivers Edge Hospital And Clinic,St. Peter,MN,Minnesota,Critical access hospital (small rural),Government,Urban,25.0,2023,-0.0853,-5170107.0,60620236.0,2,2 years,2,"Rivers Edge Hospital And Clinic (St. Peter, MN)",112,120,0.0465,0.0446
241335,St. Elizabeth Hosp. Of Wabasha  Inc.,Wabasha,MN,Minnesota,Critical access hospital (small rural),Nonprofit,Urban,14.0,2022,0.0149,659910.0,44381683.0,0,Made money,0,"St. Elizabeth Hosp. Of Wabasha  Inc. (Wabasha, MN)",1,1,0.0465,0.0446
241336,Kittson Memorial Hospital,Hallock,MN,Minnesota,Critical access hospital (small rural),Nonprofit,Rural,15.0,2023,0.0346,636942.0,18402399.0,0,Made money,0,"Kittson Memorial Hospital (Hallock, MN)",66,120,0.0465,0.0446
241337,North Valley Health Center,Warren,MN,Minnesota,Critical access hospital (small rural),Nonprofit,Rural,12.0,2023,-0.0399,-627782.0,15729714.0,2,2 years,2,"North Valley Health Center (Warren, MN)",103,120,0.0465,0.0446
241338,Mayo Clnic Health System - Lake City,Lake City,MN,Minnesota,Critical access hospital (small rural),Government,Rural,18.0,2023,-0.0145,-534531.0,36818143.0,2,2 years,2,"Mayo Clnic Health System - Lake City (Lake City, MN)",92,120,0.0465,0.0446
241339,Hendricks Community Hospital Assoc,Hendricks,MN,Minnesota,Critical access hospital (small rural),Nonprofit,Rural,24.0,2023,0.0699,1227346.0,17549139.0,0,Made money,0,"Hendricks Community Hospital Assoc (Hendricks, MN)",46,120,0.0465,0.0446
241340,Northern Pines Medical Center,Aurora,MN,Minnesota,Critical access hospital (small rural),Nonprofit,Urban,16.0,2023,0.1526,3864693.0,25323206.0,0,Made money,0,"Northern Pines Medical Center (Aurora, MN)",9,120,0.0465,0.0446
241341,Appleton Municipal Hospital,Appleton,MN,Minnesota,Critical access hospital (small rural),Government,Rural,15.0,2023,-0.1813,-3353471.0,18495562.0,2,2 years,2,"Appleton Municipal Hospital (Appleton, MN)",119,120,0.0465,0.0446
241342,Ortonville Area Health Services,Ortonville,MN,Minnesota,Critical access hospital (small rural),Government,Rural,25.0,2023,0.1456,6201845.0,42607446.0,0,Made money,0,"Ortonville Area Health Services (Ortonville, MN)",14,120,0.0465,0.0446
241343,Avera Granite Falls,Granite Falls,MN,Minnesota,Critical access hospital (small rural),Nonprofit,Rural,25.0,2023,0.1065,3367932.0,31620114.0,0,Made money,0,"Avera Granite Falls (Granite Falls, MN)",29,120,0.0465,0.0446
241344,Lifecare Medical Center,Roseau,MN,Minnesota,Critical access hospital (small rural),Nonprofit,Rural,25.0,2023,0.0535,3161949.0,59057220.0,0,Made money,0,"Lifecare Medical Center (Roseau, MN)",58,120,0.0465,0.0446
241345,Mayo Clinic Health System - Waseca,Waseca,MN,Minnesota,Critical access hospital (small rural),Nonprofit,Rural,15.0,2023,0.1228,3486847.0,28395234.0,0,Made money,0,"Mayo Clinic Health System - Waseca (Waseca, MN)",22,120,0.0465,0.0446
241346,Cannon Falls Medical Center - Mayo,Cannon Falls,MN,Minnesota,Critical access hospital (small rural),Nonprofit,Rural,15.0,2023,0.1411,6450115.0,45720791.0,0,Made money,0,"Cannon Falls Medical Center - Mayo (Cannon Falls, MN)",17,120,0.0465,0.0446
241347,Sanford Hospital Canby,Canby,MN,Minnesota,Critical access hospital (small rural),Nonprofit,Rural,25.0,2023,0.1016,2885855.0,28401174.0,0,Made money,0,"Sanford Hospital Canby (Canby, MN)",36,120,0.0465,0.0446
241348,Tyler Healthcare Center,Tyler,MN,Minnesota,Critical access hospital (small rural),Nonprofit,Rural,20.0,2023,0.102,1537233.0,15075263.0,0,Made money,0,"Tyler Healthcare Center (Tyler, MN)",35,120,0.0465,0.0446
241349,Paynesville Area Hospital,Paynesville,MN,Minnesota,Critical access hospital (small rural),Nonprofit,Urban,15.0,2023,0.1026,4760456.0,46398916.0,0,Made money,0,"Paynesville Area Hospital (Paynesville, MN)",33,120,0.0465,0.0446
241350,Essentia Health Moose Lake,Moose Lake,MN,Minnesota,Critical access hospital (small rural),Government,Urban,25.0,2023,0.0629,2735640.0,43513521.0,0,Made money,0,"Essentia Health Moose Lake (Moose Lake, MN)",53,120,0.0465,0.0446
241351,Carris Health-Redwood Llc,Redwood Falls,MN,Minnesota,Critical access hospital (small rural),Nonprofit,Rural,14.0,2023,0.0885,5490022.0,62057682.0,0,Made money,0,"Carris Health-Redwood Llc (Redwood Falls, MN)",40,120,0.0465,0.0446
241353,Cuyuna Regional Medical Center,Crosby,MN,Minnesota,Critical access hospital (small rural),Nonprofit,Rural,25.0,2023,-0.0039,-768672.0,198941027.0,1,1 year,1,"Cuyuna Regional Medical Center (Crosby, MN)",84,120,0.0465,0.0446
241354,Astera Health,Wadena,MN,Minnesota,Critical access hospital (small rural),Nonprofit,Rural,18.0,2023,-0.0165,-1468787.0,89122837.0,1,1 year,1,"Astera Health (Wadena, MN)",93,120,0.0465,0.0446
241355,Glencoe Regional Health Services,Glencoe,MN,Minnesota,Critical access hospital (small rural),Nonprofit,Rural,25.0,2023,0.069,5840311.0,84688345.0,0,Made money,0,"Glencoe Regional Health Services (Glencoe, MN)",47,120,0.0465,0.0446
241356,Mille Lacs Hospital,Onamia,MN,Minnesota,Critical access hospital (small rural),Nonprofit,Urban,18.0,2023,-0.0556,-3085579.0,55516673.0,2,2 years,2,"Mille Lacs Hospital (Onamia, MN)",109,120,0.0465,0.0446
241357,First Care Medical Services,Fosston,MN,Minnesota,Critical access hospital (small rural),Nonprofit,Urban,25.0,2023,0.1272,4359402.0,34270589.0,0,Made money,0,"First Care Medical Services (Fosston, MN)",20,120,0.0465,0.0446
241359,Avera Marshall Regional Medical Ctr,Marshall,MN,Minnesota,Critical access hospital (small rural),Nonprofit,Rural,25.0,2023,0.0357,5440893.0,152501154.0,0,Made money,0,"Avera Marshall Regional Medical Ctr (Marshall, MN)",65,120,0.0465,0.0446
241360,Deer River Healthcare Center  Inc.,Deer River,MN,Minnesota,Critical access hospital (small rural),Nonprofit,Rural,20.0,2023,0.1497,7074098.0,47264739.0,0,Made money,0,"Deer River Healthcare Center  Inc. (Deer River, MN)",11,120,0.0465,0.0446
241361,Mayo Clinic Health Sys - New Prague,New Prague,MN,Minnesota,Critical access hospital (small rural),Nonprofit,Urban,20.0,2023,0.12,9043263.0,75356951.0,0,Made money,0,"Mayo Clinic Health Sys - New Prague (New Prague, MN)",24,120,0.0465,0.0446
241362,Cch-Monticello,Monticello,MN,Minnesota,Critical access hospital (small rural),Nonprofit,Urban,25.0,2023,0.1131,11024988.0,97479574.0,0,Made money,0,"Cch-Monticello (Monticello, MN)",28,120,0.0465,0.0446
241363,Stevens Community Medical Center,Morris,MN,Minnesota,Critical access hospital (small rural),Nonprofit,Rural,25.0,2023,0.0995,5286410.0,53124578.0,0,Made money,0,"Stevens Community Medical Center (Morris, MN)",38,120,0.0465,0.0446
241364,Community Memorial Hospital,Cloquet,MN,Minnesota,Critical access hospital (small rural),Nonprofit,Urban,22.0,2023,-0.1031,-6625734.0,64267748.0,2,2 years,2,"Community Memorial Hospital (Cloquet, MN)",116,120,0.0465,0.0446
241365,Centracare Benson,Benson,MN,Minnesota,Critical access hospital (small rural),Nonprofit,Rural,11.0,2023,0.1374,3154410.0,22964512.0,0,Made money,0,"Centracare Benson (Benson, MN)",18,120,0.0465,0.0446
241366,Meeker County Memorial Hospital,Litchfield,MN,Minnesota,Critical access hospital (small rural),Government,Rural,25.0,2023,0.0556,2914251.0,52373104.0,0,Made money,0,"Meeker County Memorial Hospital (Litchfield, MN)",56,120,0.0465,0.0446
241367,Welia Health,Mora,MN,Minnesota,Critical access hospital (small rural),Nonprofit,Rural,25.0,2023,0.094,12137972.0,129139276.0,0,Made money,0,"Welia Health (Mora, MN)",39,120,0.0465,0.0446
241368,Cch - Sauk Centre,Sauk Centre,MN,Minnesota,Critical access hospital (small rural),Nonprofit,Urban,14.0,2023,0.144,7046851.0,48921109.0,0,Made money,0,"Cch - Sauk Centre (Sauk Centre, MN)",15,120,0.0465,0.0446
241369,United Hospital District,Blue Earth,MN,Minnesota,Critical access hospital (small rural),Nonprofit,Rural,24.0,2023,0.0192,895369.0,46620178.0,0,Made money,0,"United Hospital District (Blue Earth, MN)",75,120,0.0465,0.0446
241370,St. Gabriels Hospital,Little Falls,MN,Minnesota,Critical access hospital (small rural),Nonprofit,Rural,25.0,2023,-0.1114,-8817696.0,79151670.0,3,3-4 years,3,"St. Gabriels Hospital (Little Falls, MN)",117,120,0.0465,0.0446
241371,Sanford Hospital Luverne,Luverne,MN,Minnesota,Critical access hospital (small rural),Nonprofit,Rural,25.0,2023,0.1287,4281208.0,33260335.0,0,Made money,0,"Sanford Hospital Luverne (Luverne, MN)",19,120,0.0465,0.0446
241372,Madison Healthcare Services,Madison,MN,Minnesota,Critical access hospital (small rural),Nonprofit,Rural,12.0,2023,0.0172,368932.0,21508426.0,0,Made money,0,"Madison Healthcare Services (Madison, MN)",76,120,0.0465,0.0446
241373,Perham Health,Perham,MN,Minnesota,Critical access hospital (small rural),Government,Rural,25.0,2023,0.1461,13291696.0,90997235.0,0,Made money,0,"Perham Health (Perham, MN)",12,120,0.0465,0.0446
241374,Pipestone County Medical Center,Pipestone,MN,Minnesota,Critical access hospital (small rural),Government,Rural,18.0,2023,0.013,528909.0,40533497.0,0,Made money,0,"Pipestone County Medical Center (Pipestone, MN)",80,120,0.0465,0.0446
241375,Minnesota Valley Health Center  Inc.,Le Sueur,MN,Minnesota,Critical access hospital (small rural),Nonprofit,Urban,9.0,2023,0.0133,190457.0,14361539.0,0,Made money,0,"Minnesota Valley Health Center  Inc. (Le Sueur, MN)",79,120,0.0465,0.0446
241376,Glacial Ridge Hospital,Glenwood,MN,Minnesota,Critical access hospital (small rural),Government,Rural,19.0,2023,-0.0075,-394956.0,52573088.0,1,1 year,1,"Glacial Ridge Hospital (Glenwood, MN)",89,120,0.0465,0.0446
241377,St. Francis Medical Center,Breckenridge,MN,Minnesota,Critical access hospital (small rural),Nonprofit,Rural,25.0,2023,0.2008,7487500.0,37279647.0,0,Made money,0,"St. Francis Medical Center (Breckenridge, MN)",6,120,0.0465,0.0446
241378,New Ulm Medical Center,New Ulm,MN,Minnesota,Critical access hospital (small rural),Nonprofit,Rural,24.0,2023,0.1026,14351722.0,139942496.0,0,Made money,0,"New Ulm Medical Center (New Ulm, MN)",33,120,0.0465,0.0446
241379,Prairie Ridge Hospital,Elbow Lake,MN,Minnesota,Critical access hospital (small rural),Nonprofit,Rural,10.0,2023,-0.0395,-741714.0,18771602.0,3,3-4 years,3,"Prairie Ridge Hospital (Elbow Lake, MN)",102,120,0.0465,0.0446
241380,St. Josephs Area Health Services,Park Rapids,MN,Minnesota,Critical access hospital (small rural),Nonprofit,Rural,25.0,2023,0.1242,7408296.0,59671320.0,0,Made money,0,"St. Josephs Area Health Services (Park Rapids, MN)",21,120,0.0465,0.0446
241381,Sanford Thief River Falls,Thief River Falls,MN,Minnesota,Critical access hospital (small rural),Nonprofit,Rural,25.0,2023,0.1748,15018632.0,85903583.0,0,Made money,0,"Sanford Thief River Falls (Thief River Falls, MN)",8,120,0.0465,0.0446
250001,University Of Mississippi Medical,Jackson,MS,Mississippi,General hospital,Government,Urban,759.0,2023,0.1211,163874315.0,1353246090.0,0,Made money,0,"University Of Mississippi Medical (Jackson, MS)",7,87,-0.009,0.0446
250002,Tishomingo Health Services,Iuka,MS,Mississippi,General hospital,Nonprofit,Rural,48.0,2023,-0.0927,-1560733.0,16843017.0,1,1 year,1,"Tishomingo Health Services (Iuka, MS)",74,87,-0.009,0.0446
250004,North Mississippi Medical Center,Tupelo,MS,Mississippi,General hospital,Nonprofit,Rural,476.0,2023,0.0778,69357007.0,891324072.0,0,Made money,0,"North Mississippi Medical Center (Tupelo, MS)",16,87,-0.009,0.0446
250006,Baptist Mem Hospital Union County,New Albany,MS,Mississippi,General hospital,Nonprofit,Rural,83.0,2023,0.1786,26309565.0,147300703.0,0,Made money,0,"Baptist Mem Hospital Union County (New Albany, MS)",4,87,-0.009,0.0446
250007,Biloxi Regional Medical Center,Biloxi,MS,Mississippi,General hospital,For-profit,Urban,121.0,2023,-0.0447,-3137613.0,70178804.0,2,2 years,2,"Biloxi Regional Medical Center (Biloxi, MS)",57,87,-0.009,0.0446
250009,Magnolia Hospital,Corinth,MS,Mississippi,General hospital,Government,Rural,158.0,2023,-0.0001,-17802.0,183107094.0,1,1 year,1,"Magnolia Hospital (Corinth, MS)",39,87,-0.009,0.0446
250012,Alliance Healthcare System,Holly Springs,MS,Mississippi,General hospital,For-profit,Urban,20.0,2022,-0.2698,-2251843.0,8347538.0,7,5+ years,4,"Alliance Healthcare System (Holly Springs, MS)",1,4,-0.009,0.0446
250017,Trace Regional Hospital,Houston,MS,Mississippi,General hospital,For-profit,Rural,24.0,2023,-0.1889,-2143067.0,11342334.0,3,3-4 years,3,"Trace Regional Hospital (Houston, MS)",85,87,-0.009,0.0446
250018,Jasper General Hospital,Bay Springs,MS,Mississippi,General hospital,Government,Rural,20.0,2023,-0.062,-1044007.0,16840637.0,2,2 years,2,"Jasper General Hospital (Bay Springs, MS)",63,87,-0.009,0.0446
250019,Memorial Hospital At Gulfport,Gulfport,MS,Mississippi,General hospital,Government,Urban,285.0,2023,0.0238,19734452.0,830293186.0,0,Made money,0,"Memorial Hospital At Gulfport (Gulfport, MS)",29,87,-0.009,0.0446
250020,Webster Health Services,Eupora,MS,Mississippi,General hospital,Nonprofit,Rural,38.0,2023,-0.0909,-1989335.0,21884774.0,2,2 years,2,"Webster Health Services (Eupora, MS)",73,87,-0.009,0.0446
250025,Monroe Health Services  Inc.,Amory,MS,Mississippi,General hospital,Nonprofit,Rural,95.0,2023,0.1137,5720978.0,50310767.0,0,Made money,0,"Monroe Health Services  Inc. (Amory, MS)",9,87,-0.009,0.0446
250027,Winston Medical Center,Louisville,MS,Mississippi,General hospital,Nonprofit,Rural,14.0,2023,-0.0624,-1769833.0,28353812.0,1,1 year,1,"Winston Medical Center (Louisville, MS)",64,87,-0.009,0.0446
250031,Merit Health River Region,Vicksburg,MS,Mississippi,General hospital,For-profit,Rural,124.0,2023,0.0803,9404807.0,117154571.0,0,Made money,0,"Merit Health River Region (Vicksburg, MS)",15,87,-0.009,0.0446
250034,Baptist Mem Hospital North Miss,Oxford,MS,Mississippi,General hospital,Nonprofit,Rural,190.0,2023,0.0919,23336774.0,254060980.0,0,Made money,0,"Baptist Mem Hospital North Miss (Oxford, MS)",12,87,-0.009,0.0446
250036,George County Hospital,Lucedale,MS,Mississippi,General hospital,Government,Rural,39.0,2023,0.1305,6746653.0,51696743.0,0,Made money,0,"George County Hospital (Lucedale, MS)",6,87,-0.009,0.0446
250038,Madison River Oaks Medical Center,Canton,MS,Mississippi,General hospital,For-profit,Urban,67.0,2023,0.0242,941902.0,38998325.0,0,Made money,0,"Madison River Oaks Medical Center (Canton, MS)",28,87,-0.009,0.0446
250040,Singing River Health System,Pascagoula,MS,Mississippi,General hospital,Government,Urban,294.0,2023,0.0139,6596477.0,474374315.0,0,Made money,0,"Singing River Health System (Pascagoula, MS)",36,87,-0.009,0.0446
250042,Delta Health-Northwest Regional,Clarksdale,MS,Mississippi,General hospital,Government,Rural,181.0,2023,-0.1479,-4261271.0,28804387.0,2,2 years,2,"Delta Health-Northwest Regional (Clarksdale, MS)",84,87,-0.009,0.0446
250043,Neshoba County General Hospital,Philadelphia,MS,Mississippi,General hospital,Government,Rural,38.0,2023,-0.024,-1257554.0,52505040.0,2,2 years,2,"Neshoba County General Hospital (Philadelphia, MS)",52,87,-0.009,0.0446
250044,Baptist Mem Hospital Booneville,Booneville,MS,Mississippi,General hospital,Nonprofit,Rural,21.0,2023,-0.0183,-441868.0,24198353.0,13,5+ years,4,"Baptist Mem Hospital Booneville (Booneville, MS)",47,87,-0.009,0.0446
250048,St. Dominic-Jackson Memorial Hosp,Jackson,MS,Mississippi,General hospital,Nonprofit,Urban,526.0,2023,-0.0504,-26494688.0,525874027.0,2,2 years,2,"St. Dominic-Jackson Memorial Hosp (Jackson, MS)",58,87,-0.009,0.0446
250049,Beacham Memorial Hospital,Magnolia,MS,Mississippi,General hospital,Nonprofit,Rural,17.0,2023,-0.139,-874526.0,6289589.0,1,1 year,1,"Beacham Memorial Hospital (Magnolia, MS)",83,87,-0.009,0.0446
250050,Oktibbeha County Hospital,Starkville,MS,Mississippi,General hospital,Government,Rural,88.0,2023,-0.028,-1991804.0,71128390.0,2,2 years,2,"Oktibbeha County Hospital (Starkville, MS)",55,87,-0.009,0.0446
250057,Kings Daughters Medical Center,Brookhaven,MS,Mississippi,General hospital,Nonprofit,Rural,22.0,2023,0.0157,1532443.0,97488995.0,0,Made money,0,"Kings Daughters Medical Center (Brookhaven, MS)",33,87,-0.009,0.0446
250058,South Central Regional Medical Centr,Laurel,MS,Mississippi,General hospital,Government,Rural,268.0,2023,-0.009,-1397773.0,155894927.0,1,1 year,1,"South Central Regional Medical Centr (Laurel, MS)",44,87,-0.009,0.0446
250060,Jefferson County Hospital,Fayette,MS,Mississippi,General hospital,Government,Rural,12.0,2022,-0.3856,-2966159.0,7692046.0,1,1 year,1,"Jefferson County Hospital (Fayette, MS)",2,4,-0.009,0.0446
250061,Yalobusha General Hospital,Water Valley,MS,Mississippi,General hospital,Government,Rural,26.0,2023,-0.0189,-507888.0,26888087.0,2,2 years,2,"Yalobusha General Hospital (Water Valley, MS)",48,87,-0.009,0.0446
250067,Clay County Medical Corporation,West Point,MS,Mississippi,General hospital,Nonprofit,Rural,49.0,2023,0.0405,1970150.0,48646750.0,0,Made money,0,"Clay County Medical Corporation (West Point, MS)",21,87,-0.009,0.0446
250069,Ochsner Rush Medical Center,Meridian,MS,Mississippi,General hospital,Nonprofit,Rural,191.0,2023,-0.0271,-4026058.0,148699284.0,1,1 year,1,"Ochsner Rush Medical Center (Meridian, MS)",54,87,-0.009,0.0446
250072,Central Mississippi Medical Center,Jackson,MS,Mississippi,General hospital,For-profit,Urban,238.0,2023,-0.0218,-1967992.0,90332144.0,2,2 years,2,"Central Mississippi Medical Center (Jackson, MS)",50,87,-0.009,0.0446
250077,Wayne General Hospital,Waynesboro,MS,Mississippi,General hospital,Government,Rural,49.0,2023,-0.0971,-3272578.0,33693570.0,1,1 year,1,"Wayne General Hospital (Waynesboro, MS)",75,87,-0.009,0.0446
250078,Forrest General Hospital,Hattiesburg,MS,Mississippi,General hospital,Government,Urban,454.0,2023,0.0153,8205310.0,537742108.0,0,Made money,0,"Forrest General Hospital (Hattiesburg, MS)",34,87,-0.009,0.0446
250081,Anderson Regional Med Ctr-South Camp,Meridian,MS,Mississippi,General hospital,Nonprofit,Rural,33.0,2023,0.0337,948733.0,28189254.0,0,Made money,0,"Anderson Regional Med Ctr-South Camp (Meridian, MS)",25,87,-0.009,0.0446
250082,Delta Health-The Medical Center,Greenville,MS,Mississippi,General hospital,Government,Rural,101.0,2023,0.0757,10903576.0,144029976.0,0,Made money,0,"Delta Health-The Medical Center (Greenville, MS)",17,87,-0.009,0.0446
250084,Natchez Regional Medical Center,Natchez,MS,Mississippi,General hospital,For-profit,Rural,131.0,2023,0.0722,4420700.0,61203415.0,0,Made money,0,"Natchez Regional Medical Center (Natchez, MS)",18,87,-0.009,0.0446
250085,Marion General Hospital,Columbia,MS,Mississippi,General hospital,Government,Rural,49.0,2023,-0.1107,-1777021.0,16058988.0,1,1 year,1,"Marion General Hospital (Columbia, MS)",81,87,-0.009,0.0446
250093,Bolivar Medical Center,Cleveland,MS,Mississippi,General hospital,For-profit,Rural,152.0,2023,0.0197,1441731.0,73094990.0,0,Made money,0,"Bolivar Medical Center (Cleveland, MS)",30,87,-0.009,0.0446
250094,Merit Health Wesley,Hattiesburg,MS,Mississippi,General hospital,For-profit,Urban,106.0,2023,0.1646,27949382.0,169784241.0,0,Made money,0,"Merit Health Wesley (Hattiesburg, MS)",5,87,-0.009,0.0446
250095,South Sunflower County Hospital,Indianola,MS,Mississippi,General hospital,Government,Rural,46.0,2023,-0.0234,-752683.0,32156486.0,1,1 year,1,"South Sunflower County Hospital (Indianola, MS)",51,87,-0.009,0.0446
250096,Crossgates River Oaks Hospital,Brandon,MS,Mississippi,General hospital,For-profit,Urban,86.0,2023,-0.059,-2470959.0,41885638.0,3,3-4 years,3,"Crossgates River Oaks Hospital (Brandon, MS)",61,87,-0.009,0.0446
250097,Southwest Ms Regional Med Center,Mccomb,MS,Mississippi,General hospital,Government,Rural,97.0,2023,-0.0676,-9930379.0,146847716.0,3,3-4 years,3,"Southwest Ms Regional Med Center (Mccomb, MS)",65,87,-0.009,0.0446
250099,Greenwood Leflore Hospital,Greenwood,MS,Mississippi,General hospital,Government,Rural,25.0,2023,-0.1074,-7241812.0,67438669.0,8,5+ years,4,"Greenwood Leflore Hospital (Greenwood, MS)",80,87,-0.009,0.0446
250100,Baptist Mem Hospital Golden Triangle,Columbus,MS,Mississippi,General hospital,Nonprofit,Rural,146.0,2023,0.1001,24782188.0,247496732.0,0,Made money,0,"Baptist Mem Hospital Golden Triangle (Columbus, MS)",11,87,-0.009,0.0446
250102,Ms Baptist Medical Center,Jackson,MS,Mississippi,General hospital,Nonprofit,Urban,388.0,2023,-0.0243,-11903021.0,488895474.0,2,2 years,2,"Ms Baptist Medical Center (Jackson, MS)",53,87,-0.009,0.0446
250104,Jeff Anderson Regional Medical Cente,Meridian,MS,Mississippi,General hospital,Nonprofit,Rural,270.0,2023,-0.088,-22093841.0,251066772.0,5,5+ years,4,"Jeff Anderson Regional Medical Cente (Meridian, MS)",72,87,-0.009,0.0446
250117,Highland Community Hospital,Picayune,MS,Mississippi,General hospital,Government,Rural,49.0,2023,-0.2678,-10939525.0,40848114.0,13,5+ years,4,"Highland Community Hospital (Picayune, MS)",86,87,-0.009,0.0446
250123,Singing River Gulfport,Gulfport,MS,Mississippi,General hospital,Government,Urban,113.0,2023,0.0306,3557343.0,116129719.0,0,Made money,0,"Singing River Gulfport (Gulfport, MS)",26,87,-0.009,0.0446
250124,Magee General Hospital,Magee,MS,Mississippi,General hospital,Nonprofit,Urban,44.0,2023,-0.0589,-952281.0,16163793.0,1,1 year,1,"Magee General Hospital (Magee, MS)",60,87,-0.009,0.0446
250128,Panola Medical Center,Batesville,MS,Mississippi,General hospital,Nonprofit,Rural,21.0,2023,-0.0982,-3108745.0,31647868.0,6,5+ years,4,"Panola Medical Center (Batesville, MS)",76,87,-0.009,0.0446
250136,Merit Health Womans Hospital,Flowood,MS,Mississippi,General hospital,For-profit,Urban,34.0,2023,0.0875,2944465.0,33635845.0,0,Made money,0,"Merit Health Womans Hospital (Flowood, MS)",14,87,-0.009,0.0446
250138,River Oaks Hospital,Flowood,MS,Mississippi,General hospital,For-profit,Urban,158.0,2023,0.1169,19452224.0,166435347.0,0,Made money,0,"River Oaks Hospital (Flowood, MS)",8,87,-0.009,0.0446
250141,Baptist Mem Hospital Desoto,Southaven,MS,Mississippi,General hospital,Nonprofit,Urban,298.0,2023,-0.0094,-3038592.0,324112156.0,2,2 years,2,"Baptist Mem Hospital Desoto (Southaven, MS)",45,87,-0.009,0.0446
250151,Alliance Health Center,Meridian,MS,Mississippi,General hospital,For-profit,Rural,79.0,2023,0.3012,16791255.0,55742052.0,0,Made money,0,"Alliance Health Center (Meridian, MS)",1,87,-0.009,0.0446
250152,Mississippi Methodist Rehab Center,Jackson,MS,Mississippi,General hospital,Nonprofit,Urban,31.0,2023,0.1015,8239595.0,81162761.0,0,Made money,0,"Mississippi Methodist Rehab Center (Jackson, MS)",10,87,-0.009,0.0446
250162,Ochsner Med Ctr - Hancock,Bay St. Louis,MS,Mississippi,General hospital,Nonprofit,Urban,41.0,2023,-0.1164,-4716472.0,40502398.0,5,5+ years,4,"Ochsner Med Ctr - Hancock (Bay St. Louis, MS)",82,87,-0.009,0.0446
250163,Patients Choice Med Cnt-Smith Cnty,Raleigh,MS,Mississippi,General hospital,For-profit,Rural,19.0,2022,-0.8542,-976523.0,1143254.0,2,2 years,2,"Patients Choice Med Cnt-Smith Cnty (Raleigh, MS)",4,4,-0.009,0.0446
250167,Methoidst H/C Olive Branch Hospital,Olive Branch,MS,Mississippi,General hospital,Nonprofit,Urban,73.0,2023,0.0463,4662651.0,100700631.0,0,Made money,0,"Methoidst H/C Olive Branch Hospital (Olive Branch, MS)",19,87,-0.009,0.0446
250168,Ummc-Grenada,Grenada,MS,Mississippi,General hospital,Government,Rural,49.0,2023,0.0166,1087201.0,65551138.0,0,Made money,0,"Ummc-Grenada (Grenada, MS)",32,87,-0.009,0.0446
250172,Delta Health-Highland Hills,Senatobia,MS,Mississippi,General hospital,Government,Urban,15.0,2022,-0.7179,-4628259.0,6446544.0,1,1 year,1,"Delta Health-Highland Hills (Senatobia, MS)",3,4,-0.009,0.0446
251300,S.E. Lackey Memorial Hospital,Forest,MS,Mississippi,Critical access hospital (small rural),Nonprofit,Rural,25.0,2023,0.0911,4821746.0,52933576.0,0,Made money,0,"S.E. Lackey Memorial Hospital (Forest, MS)",13,87,-0.009,0.0446
251302,Monroe Regional Hospital,Aberdeen,MS,Mississippi,Critical access hospital (small rural),Nonprofit,Rural,25.0,2023,0.0344,1813849.0,52775662.0,0,Made money,0,"Monroe Regional Hospital (Aberdeen, MS)",23,87,-0.009,0.0446
251304,Tallahatchie Critical Access Hospita,Charleston,MS,Mississippi,Critical access hospital (small rural),Government,Rural,18.0,2023,0.0427,1748978.0,40931088.0,0,Made money,0,"Tallahatchie Critical Access Hospita (Charleston, MS)",20,87,-0.009,0.0446
251305,Lawrence County Hospital,Monticello,MS,Mississippi,Critical access hospital (small rural),Government,Rural,25.0,2023,0.0144,176875.0,12321383.0,0,Made money,0,"Lawrence County Hospital (Monticello, MS)",35,87,-0.009,0.0446
251306,Perry County General Hospital,Richton,MS,Mississippi,Critical access hospital (small rural),Government,Urban,22.0,2023,-0.6445,-2720641.0,4221368.0,1,1 year,1,"Perry County General Hospital (Richton, MS)",87,87,-0.009,0.0446
251307,Noxubee County Hospital,Macon,MS,Mississippi,Critical access hospital (small rural),Government,Rural,25.0,2023,-0.0698,-1499257.0,21488501.0,1,1 year,1,"Noxubee County Hospital (Macon, MS)",67,87,-0.009,0.0446
251308,Pontotoc Health Services,Pontotoc,MS,Mississippi,Critical access hospital (small rural),Nonprofit,Rural,25.0,2023,0.0372,1069799.0,28778540.0,0,Made money,0,"Pontotoc Health Services (Pontotoc, MS)",22,87,-0.009,0.0446
251309,Field Memorial Community Hospital,Centreville,MS,Mississippi,Critical access hospital (small rural),Government,Rural,16.0,2023,-0.0083,-224862.0,27083341.0,2,2 years,2,"Field Memorial Community Hospital (Centreville, MS)",42,87,-0.009,0.0446
251312,Tyler Holmes Memorial Hospital,Winona,MS,Mississippi,Critical access hospital (small rural),Government,Rural,25.0,2023,-0.074,-1302837.0,17609130.0,2,2 years,2,"Tyler Holmes Memorial Hospital (Winona, MS)",68,87,-0.009,0.0446
251313,Baptist Medical Center - Yazoo,Yazoo City,MS,Mississippi,Critical access hospital (small rural),Nonprofit,Urban,25.0,2023,0.0169,329052.0,19485040.0,0,Made money,0,"Baptist Medical Center - Yazoo (Yazoo City, MS)",31,87,-0.009,0.0446
251315,Baptist Medical Center - Leake  Inc.,Carthage,MS,Mississippi,Critical access hospital (small rural),Nonprofit,Rural,25.0,2023,0.0298,587582.0,19698763.0,0,Made money,0,"Baptist Medical Center - Leake  Inc. (Carthage, MS)",27,87,-0.009,0.0446
251316,Ochsner Watkins Hospital,Quitman,MS,Mississippi,Critical access hospital (small rural),Nonprofit,Rural,25.0,2023,0.008,196225.0,24651057.0,0,Made money,0,"Ochsner Watkins Hospital (Quitman, MS)",37,87,-0.009,0.0446
251317,Simpson General Hospital Cah,Mendenhall,MS,Mississippi,Critical access hospital (small rural),Nonprofit,Urban,25.0,2023,-0.0087,-148728.0,17189514.0,2,2 years,2,"Simpson General Hospital Cah (Mendenhall, MS)",43,87,-0.009,0.0446
251318,North Sunflower County Hospital,Ruleville,MS,Mississippi,Critical access hospital (small rural),Government,Rural,25.0,2023,-0.0804,-6214845.0,77290364.0,2,2 years,2,"North Sunflower County Hospital (Ruleville, MS)",70,87,-0.009,0.0446
251319,University Hospital & Clinics - Holm,Lexington,MS,Mississippi,Critical access hospital (small rural),Government,Urban,25.0,2023,0.2378,4245641.0,17853273.0,0,Made money,0,"University Hospital & Clinics - Holm (Lexington, MS)",2,87,-0.009,0.0446
251320,Claiborne County Hospital,Port Gibson,MS,Mississippi,Critical access hospital (small rural),Government,Rural,22.0,2023,-0.0556,-584982.0,10519228.0,1,1 year,1,"Claiborne County Hospital (Port Gibson, MS)",59,87,-0.009,0.0446
251322,Ochsner Laird Hospital,Union,MS,Mississippi,Critical access hospital (small rural),Nonprofit,Rural,25.0,2023,-0.099,-3179030.0,32109746.0,1,1 year,1,"Ochsner Laird Hospital (Union, MS)",77,87,-0.009,0.0446
251323,Ochsner Scott Regional,Morton,MS,Mississippi,Critical access hospital (small rural),Nonprofit,Rural,25.0,2023,-0.1024,-1457842.0,14236151.0,2,2 years,2,"Ochsner Scott Regional (Morton, MS)",78,87,-0.009,0.0446
251324,Walthall County General Hospital,Tylertown,MS,Mississippi,Critical access hospital (small rural),Government,Rural,25.0,2023,-0.0011,-12730.0,11682949.0,2,2 years,2,"Walthall County General Hospital (Tylertown, MS)",40,87,-0.009,0.0446
251325,Covington County Hospital,Collins,MS,Mississippi,Critical access hospital (small rural),Government,Urban,25.0,2023,-0.0877,-3637297.0,41480648.0,1,1 year,1,"Covington County Hospital (Collins, MS)",71,87,-0.009,0.0446
251326,Jefferson Davis General Hospital,Prentiss,MS,Mississippi,Critical access hospital (small rural),Government,Rural,25.0,2023,-0.1029,-1363208.0,13244344.0,1,1 year,1,"Jefferson Davis General Hospital (Prentiss, MS)",79,87,-0.009,0.0446
251327,Copiah County Medical Center,Hazlehurst,MS,Mississippi,Critical access hospital (small rural),Government,Urban,25.0,2023,0.0008,21973.0,27290778.0,0,Made money,0,"Copiah County Medical Center (Hazlehurst, MS)",38,87,-0.009,0.0446
251329,Greene County Hospital,Leakesville,MS,Mississippi,Critical access hospital (small rural),Government,Rural,7.0,2023,-0.0607,-369240.0,6084196.0,1,1 year,1,"Greene County Hospital (Leakesville, MS)",62,87,-0.009,0.0446
251330,Franklin County Hospital,Meadville,MS,Mississippi,Critical access hospital (small rural),Government,Rural,24.0,2023,-0.0751,-1526990.0,20342653.0,1,1 year,1,"Franklin County Hospital (Meadville, MS)",69,87,-0.009,0.0446
251331,Bmh - Calhoun,Calhoun,MS,Mississippi,Critical access hospital (small rural),Nonprofit,Rural,25.0,2023,0.034,837285.0,24591481.0,0,Made money,0,"Bmh - Calhoun (Calhoun, MS)",24,87,-0.009,0.0446
251333,Pearl River County Hospital,Poplarville,MS,Mississippi,Critical access hospital (small rural),Government,Rural,24.0,2023,-0.0295,-619943.0,21015880.0,2,2 years,2,"Pearl River County Hospital (Poplarville, MS)",56,87,-0.009,0.0446
251334,Choctaw Regional Medical Center,Ackerman,MS,Mississippi,Critical access hospital (small rural),Government,Rural,15.0,2023,-0.0061,-142032.0,23212052.0,1,1 year,1,"Choctaw Regional Medical Center (Ackerman, MS)",41,87,-0.009,0.0446
251335,Ochsner Stennis Hospital,Dekalb,MS,Mississippi,Critical access hospital (small rural),Nonprofit,Rural,25.0,2023,-0.0114,-257986.0,22692514.0,2,2 years,2,"Ochsner Stennis Hospital (Dekalb, MS)",46,87,-0.009,0.0446
251336,Baptist Medical Center - Attala,Kosciusko,MS,Mississippi,Critical access hospital (small rural),Nonprofit,Rural,25.0,2023,-0.0215,-389503.0,18082756.0,2,2 years,2,"Baptist Medical Center - Attala (Kosciusko, MS)",49,87,-0.009,0.0446
251337,Tippah County Hospital,Ripley,MS,Mississippi,Critical access hospital (small rural),Government,Rural,25.0,2023,-0.0687,-1506974.0,21941412.0,2,2 years,2,"Tippah County Hospital (Ripley, MS)",66,87,-0.009,0.0446
251338,Sharkey-Issaquena Comm Hospital,Rolling Fork,MS,Mississippi,Critical access hospital (small rural),Government,Rural,20.0,2023,0.2185,3534952.0,16179049.0,0,Made money,0,"Sharkey-Issaquena Comm Hospital (Rolling Fork, MS)",3,87,-0.009,0.0446
260001,Mercy Hospital Joplin,Joplin,MO,Missouri,General hospital,Nonprofit,Urban,242.0,2023,0.0676,19542671.0,288947928.0,0,Made money,0,"Mercy Hospital Joplin (Joplin, MO)",36,97,0.0321,0.0446
260005,Ssm Health St. Joseph Hospital - Sc,St. Charles,MO,Missouri,General hospital,Nonprofit,Urban,384.0,2022,-0.0699,-17789202.0,254415018.0,1,1 year,1,"Ssm Health St. Joseph Hospital - Sc (St. Charles, MO)",2,4,0.0321,0.0446
260006,Heartland Regional Medical Center,St. Joseph,MO,Missouri,General hospital,Nonprofit,Urban,330.0,2023,0.0251,18961824.0,756684443.0,0,Made money,0,"Heartland Regional Medical Center (St. Joseph, MO)",51,97,0.0321,0.0446
260009,Bothwell Regional Health Center,Sedalia,MO,Missouri,General hospital,Government,Rural,71.0,2023,-0.0084,-1456022.0,173047093.0,8,5+ years,4,"Bothwell Regional Health Center (Sedalia, MO)",63,97,0.0321,0.0446
260011,Ssm Health-St. Marys-Jefferson City,Jefferson City,MO,Missouri,General hospital,Nonprofit,Urban,140.0,2023,-0.2064,-29430356.0,142563722.0,10,5+ years,4,"Ssm Health-St. Marys-Jefferson City (Jefferson City, MO)",94,97,0.0321,0.0446
260017,Phelps County Regional Medical Cntr,Rolla,MO,Missouri,General hospital,Nonprofit,Rural,194.0,2023,0.1078,34077058.0,316197971.0,0,Made money,0,"Phelps County Regional Medical Cntr (Rolla, MO)",24,97,0.0321,0.0446
260020,Mercy Hospital - St. Louis,St. Louis,MO,Missouri,General hospital,Nonprofit,Urban,782.0,2023,0.1662,257395765.0,1548858111.0,0,Made money,0,"Mercy Hospital - St. Louis (St. Louis, MO)",12,97,0.0321,0.0446
260022,Northeast Regional Medical Center,Kirksville,MO,Missouri,General hospital,For-profit,Rural,41.0,2023,0.212,16598323.0,78307712.0,0,Made money,0,"Northeast Regional Medical Center (Kirksville, MO)",5,97,0.0321,0.0446
260023,Mercy Hospital Jefferson,Festus,MO,Missouri,General hospital,Nonprofit,Urban,136.0,2023,0.0859,20629357.0,240184591.0,0,Made money,0,"Mercy Hospital Jefferson (Festus, MO)",30,97,0.0321,0.0446
260024,Texas County Memorial Hospital,Houston,MO,Missouri,General hospital,Nonprofit,Rural,47.0,2023,0.0185,799387.0,43158051.0,0,Made money,0,"Texas County Memorial Hospital (Houston, MO)",54,97,0.0321,0.0446
260025,Hannibal Regional Hospital,Hannibal,MO,Missouri,General hospital,Nonprofit,Rural,86.0,2023,-0.0134,-3462228.0,257510891.0,2,2 years,2,"Hannibal Regional Hospital (Hannibal, MO)",65,97,0.0321,0.0446
260027,Amend#3 Lip Research Med Ctr,Kansas City,MO,Missouri,General hospital,For-profit,Urban,306.0,2023,-0.03,-17986892.0,599113336.0,2,2 years,2,"Amend#3 Lip Research Med Ctr (Kansas City, MO)",72,97,0.0321,0.0446
260032,Barnes-Jewish Hospital,St. Louis,MO,Missouri,General hospital,Nonprofit,Urban,1265.0,2023,0.0344,96079362.0,2795093823.0,0,Made money,0,"Barnes-Jewish Hospital (St. Louis, MO)",47,97,0.0321,0.0446
260034,Bates County Memorial Hospital,Butler,MO,Missouri,General hospital,Government,Urban,40.0,2023,-0.0264,-1200939.0,45483926.0,2,2 years,2,"Bates County Memorial Hospital (Butler, MO)",70,97,0.0321,0.0446
260040,Coxhealth,Springfield,MO,Missouri,General hospital,Nonprofit,Urban,792.0,2023,0.0544,97123945.0,1784035864.0,0,Made money,0,"Coxhealth (Springfield, MO)",41,97,0.0321,0.0446
260047,Capital Region Medical Center,Jefferson City,MO,Missouri,General hospital,Nonprofit,Urban,100.0,2022,-0.0837,-20274965.0,242336658.0,2,2 years,2,"Capital Region Medical Center (Jefferson City, MO)",3,4,0.0321,0.0446
260048,University Health Truman Med Center,Kansas City,MO,Missouri,General hospital,Nonprofit,Urban,260.0,2023,0.0358,24720372.0,691463416.0,0,Made money,0,"University Health Truman Med Center (Kansas City, MO)",46,97,0.0321,0.0446
260050,Mosaic Medical Center - Maryville,Maryville,MO,Missouri,General hospital,Nonprofit,Rural,21.0,2023,-0.0748,-6278740.0,83885702.0,3,3-4 years,3,"Mosaic Medical Center - Maryville (Maryville, MO)",79,97,0.0321,0.0446
260052,Mercy Hospital - Washington,Washington,MO,Missouri,General hospital,Nonprofit,Urban,140.0,2023,0.1586,35123174.0,221453941.0,0,Made money,0,"Mercy Hospital - Washington (Washington, MO)",14,97,0.0321,0.0446
260057,Cameron Regional Medical Center,Cameron,MO,Missouri,General hospital,Nonprofit,Urban,42.0,2023,-0.0952,-6312805.0,66278541.0,2,2 years,2,"Cameron Regional Medical Center (Cameron, MO)",85,97,0.0321,0.0446
260059,Mercy Hospital Lebanon,Lebanon,MO,Missouri,General hospital,Nonprofit,Rural,43.0,2023,0.1914,19581047.0,102304086.0,0,Made money,0,"Mercy Hospital Lebanon (Lebanon, MO)",8,97,0.0321,0.0446
260061,Nevada Regional Medical Center,Nevada,MO,Missouri,General hospital,Government,Rural,41.0,2023,-0.0125,-591949.0,47301433.0,2,2 years,2,"Nevada Regional Medical Center (Nevada, MO)",64,97,0.0321,0.0446
260062,Saint Lukes North Hospital,Kansas City,MO,Missouri,General hospital,Nonprofit,Urban,122.0,2023,0.049,10729191.0,219048519.0,0,Made money,0,"Saint Lukes North Hospital (Kansas City, MO)",43,97,0.0321,0.0446
260065,Mercy Hospital Springfield,Springfield,MO,Missouri,General hospital,Nonprofit,Urban,611.0,2023,0.1178,147525092.0,1252577114.0,0,Made money,0,"Mercy Hospital Springfield (Springfield, MO)",22,97,0.0321,0.0446
260068,Boone Hospital Center,Columbia,MO,Missouri,General hospital,Nonprofit,Urban,266.0,2023,-0.1002,-40209543.0,401470276.0,2,2 years,2,"Boone Hospital Center (Columbia, MO)",86,97,0.0321,0.0446
260070,Pemiscot County Memorial Hospital,Hayti,MO,Missouri,General hospital,Government,Rural,42.0,2023,-0.0769,-2098766.0,27298444.0,1,1 year,1,"Pemiscot County Memorial Hospital (Hayti, MO)",80,97,0.0321,0.0446
260074,Moberly Regional Medical Center,Moberly,MO,Missouri,General hospital,For-profit,Rural,39.0,2023,0.2801,15475576.0,55255764.0,0,Made money,0,"Moberly Regional Medical Center (Moberly, MO)",2,97,0.0321,0.0446
260077,Mercy Hospital South,Saint Louis,MO,Missouri,General hospital,Nonprofit,Urban,725.0,2023,0.0783,49519424.0,632337110.0,0,Made money,0,"Mercy Hospital South (Saint Louis, MO)",31,97,0.0321,0.0446
260078,Ozarks Medical Center,West Plains,MO,Missouri,General hospital,Nonprofit,Rural,111.0,2023,-0.0166,-3895532.0,234057238.0,2,2 years,2,"Ozarks Medical Center (West Plains, MO)",67,97,0.0321,0.0446
260081,Ssm Health St Clare Hospital,Fenton,MO,Missouri,General hospital,Nonprofit,Urban,180.0,2023,0.0611,16283760.0,266495210.0,0,Made money,0,"Ssm Health St Clare Hospital (Fenton, MO)",39,97,0.0321,0.0446
260085,St Joseph Medical Center,Kansas City,MO,Missouri,General hospital,For-profit,Urban,233.0,2023,-0.1374,-18677568.0,135886274.0,2,2 years,2,"St Joseph Medical Center (Kansas City, MO)",93,97,0.0321,0.0446
260091,Ssm Health St. Marys Hospital - Stl,St. Louis,MO,Missouri,General hospital,Nonprofit,Urban,496.0,2023,0.0884,84229479.0,952558559.0,0,Made money,0,"Ssm Health St. Marys Hospital - Stl (St. Louis, MO)",27,97,0.0321,0.0446
260094,Cox Medical Center Branson,Branson,MO,Missouri,General hospital,Nonprofit,Rural,144.0,2023,0.1047,27795000.0,265576045.0,0,Made money,0,"Cox Medical Center Branson (Branson, MO)",25,97,0.0321,0.0446
260095,Centerpoint Medical Center,Independence,MO,Missouri,General hospital,For-profit,Urban,353.0,2023,0.2103,89822776.0,427059144.0,0,Made money,0,"Centerpoint Medical Center (Independence, MO)",6,97,0.0321,0.0446
260096,North Kansas City Hospital,North Kansas City,MO,Missouri,General hospital,Government,Urban,385.0,2023,0.007,4681686.0,664669499.0,0,Made money,0,"North Kansas City Hospital (North Kansas City, MO)",58,97,0.0321,0.0446
260097,Western Missouri Medical Center,Warrensburg,MO,Missouri,General hospital,Government,Rural,45.0,2023,0.0086,1128051.0,131081026.0,0,Made money,0,"Western Missouri Medical Center (Warrensburg, MO)",57,97,0.0321,0.0446
260102,University Health Lakewood Med Ctr,Kansas City,MO,Missouri,General hospital,Nonprofit,Urban,117.0,2023,-0.4575,-74317550.0,162447068.0,3,3-4 years,3,"University Health Lakewood Med Ctr (Kansas City, MO)",97,97,0.0321,0.0446
260104,Ssm Health Depaul Hospital,Bridgeton,MO,Missouri,General hospital,Nonprofit,Urban,446.0,2023,0.2066,156056799.0,755416450.0,0,Made money,0,"Ssm Health Depaul Hospital (Bridgeton, MO)",7,97,0.0321,0.0446
260105,Ssm Saint Louis University Hospital,St. Louis,MO,Missouri,General hospital,Nonprofit,Urban,366.0,2023,-0.0368,-31401056.0,854004277.0,2,2 years,2,"Ssm Saint Louis University Hospital (St. Louis, MO)",75,97,0.0321,0.0446
260108,Missouri Baptist Medical Center,St. Louis,MO,Missouri,General hospital,Nonprofit,Urban,402.0,2023,0.021,16767613.0,799412505.0,0,Made money,0,"Missouri Baptist Medical Center (St. Louis, MO)",52,97,0.0321,0.0446
260110,Southeasthealth,Cape Girardeau,MO,Missouri,General hospital,Nonprofit,Urban,232.0,2023,-0.3438,-122520696.0,356345709.0,2,2 years,2,"Southeasthealth (Cape Girardeau, MO)",96,97,0.0321,0.0446
260113,Missouri Delta Medical Center,Sikeston,MO,Missouri,General hospital,Nonprofit,Rural,98.0,2023,0.0287,4274621.0,148828900.0,0,Made money,0,"Missouri Delta Medical Center (Sikeston, MO)",50,97,0.0321,0.0446
260119,Poplar Bluff Regional Medical Center,Poplar Bluff,MO,Missouri,General hospital,For-profit,Rural,232.0,2023,0.1741,44854546.0,257585896.0,0,Made money,0,"Poplar Bluff Regional Medical Center (Poplar Bluff, MO)",11,97,0.0321,0.0446
260137,Freeman Oak Hill Health System,Joplin,MO,Missouri,General hospital,Nonprofit,Urban,348.0,2023,0.0638,44758395.0,701996065.0,0,Made money,0,"Freeman Oak Hill Health System (Joplin, MO)",37,97,0.0321,0.0446
260138,Saint Lukes Hospital Of Kansas City,Kansas City,MO,Missouri,General hospital,Nonprofit,Urban,478.0,2023,0.0868,100557839.0,1157850592.0,0,Made money,0,"Saint Lukes Hospital Of Kansas City (Kansas City, MO)",29,97,0.0321,0.0446
260141,Univ Of Missouri Health Care,Columbia,MO,Missouri,General hospital,Government,Urban,665.0,2023,0.0032,5181033.0,1608763036.0,0,Made money,0,"Univ Of Missouri Health Care (Columbia, MO)",61,97,0.0321,0.0446
260142,John Fitzgibbon Memorial Hospital,Marshall,MO,Missouri,General hospital,Nonprofit,Rural,42.0,2023,-0.1193,-7345992.0,61569255.0,2,2 years,2,"John Fitzgibbon Memorial Hospital (Marshall, MO)",90,97,0.0321,0.0446
260160,Southeasthealth Center Of Stoddard C,Dexter,MO,Missouri,General hospital,Nonprofit,Rural,43.0,2023,-0.2677,-11560998.0,43190299.0,1,1 year,1,"Southeasthealth Center Of Stoddard C (Dexter, MO)",95,97,0.0321,0.0446
260162,Barnes Jewish West County Hospital,Creve Coeur,MO,Missouri,General hospital,Nonprofit,Urban,95.0,2023,0.0697,18600709.0,266697607.0,0,Made money,0,"Barnes Jewish West County Hospital (Creve Coeur, MO)",35,97,0.0321,0.0446
260163,Parkland Health Center - Farmington,Farmington,MO,Missouri,General hospital,Nonprofit,Rural,108.0,2023,0.051,7523669.0,147433932.0,0,Made money,0,"Parkland Health Center - Farmington (Farmington, MO)",42,97,0.0321,0.0446
260175,Golden Valley Memorial Hospital,Clinton,MO,Missouri,General hospital,Government,Rural,43.0,2023,0.034,5741725.0,168851342.0,0,Made money,0,"Golden Valley Memorial Hospital (Clinton, MO)",48,97,0.0321,0.0446
260176,St. Lukes Des Peres Hospital,St. Louis,MO,Missouri,General hospital,Nonprofit,Urban,55.0,2023,-0.033,-2767036.0,83760353.0,5,5+ years,4,"St. Lukes Des Peres Hospital (St. Louis, MO)",73,97,0.0321,0.0446
260177,Liberty Hospital,Liberty,MO,Missouri,General hospital,Government,Urban,199.0,2023,-0.1063,-34338991.0,322924563.0,3,3-4 years,3,"Liberty Hospital (Liberty, MO)",89,97,0.0321,0.0446
260179,St. Lukes Hospital,Chesterfield,MO,Missouri,General hospital,Nonprofit,Urban,390.0,2023,0.1248,83863985.0,671983677.0,0,Made money,0,"St. Lukes Hospital (Chesterfield, MO)",20,97,0.0321,0.0446
260180,Christian Hospital Northeast,St. Louis,MO,Missouri,General hospital,Nonprofit,Urban,265.0,2023,-0.1289,-45804658.0,355445874.0,13,5+ years,4,"Christian Hospital Northeast (St. Louis, MO)",92,97,0.0321,0.0446
260183,Saint Francis Medical Center,Cape Girardeau,MO,Missouri,General hospital,Nonprofit,Urban,282.0,2023,0.1617,112434494.0,695492142.0,0,Made money,0,"Saint Francis Medical Center (Cape Girardeau, MO)",13,97,0.0321,0.0446
260186,Lake Regional Health System,Osage Beach,MO,Missouri,General hospital,Nonprofit,Rural,105.0,2023,0.0051,1296932.0,252102955.0,0,Made money,0,"Lake Regional Health System (Osage Beach, MO)",60,97,0.0321,0.0446
260190,Am 2 Lees Summit Medical Center,Lees Summit,MO,Missouri,General hospital,For-profit,Urban,88.0,2023,0.1442,23748197.0,164655116.0,0,Made money,0,"Am 2 Lees Summit Medical Center (Lees Summit, MO)",16,97,0.0321,0.0446
260191,Barnes Jewish St. Peters Hospital,St. Peters,MO,Missouri,General hospital,Nonprofit,Urban,110.0,2023,0.0122,2479339.0,202775368.0,0,Made money,0,"Barnes Jewish St. Peters Hospital (St. Peters, MO)",55,97,0.0321,0.0446
260193,St Marys Medical Center,Blue Springs,MO,Missouri,General hospital,For-profit,Urban,73.0,2023,-0.1042,-7447278.0,71461921.0,2,2 years,2,"St Marys Medical Center (Blue Springs, MO)",88,97,0.0321,0.0446
260195,Citizens Memorial Hospital District,Bolivar,MO,Missouri,General hospital,Government,Urban,52.0,2023,-0.002,-469476.0,231498226.0,2,2 years,2,"Citizens Memorial Hospital District (Bolivar, MO)",62,97,0.0321,0.0446
260200,Ssm Health St. Joseph Hospital - Lsl,Lake St. Louis,MO,Missouri,General hospital,Nonprofit,Urban,179.0,2023,0.0753,19269111.0,256024949.0,0,Made money,0,"Ssm Health St. Joseph Hospital - Lsl (Lake St. Louis, MO)",33,97,0.0321,0.0446
260210,St. Alexius Hospital,St. Louis,MO,Missouri,General hospital,For-profit,Urban,147.0,2022,-0.3,-14559954.0,48541238.0,2,2 years,2,"St. Alexius Hospital (St. Louis, MO)",4,4,0.0321,0.0446
260214,Belton Regional Medical Center,Belton,MO,Missouri,General hospital,For-profit,Urban,62.0,2023,0.1834,18275732.0,99673865.0,0,Made money,0,"Belton Regional Medical Center (Belton, MO)",10,97,0.0321,0.0446
260216,St. Lukes East - Lees Summit,Lees Summit,MO,Missouri,General hospital,Nonprofit,Urban,216.0,2023,0.0906,34746976.0,383619147.0,0,Made money,0,"St. Lukes East - Lees Summit (Lees Summit, MO)",26,97,0.0321,0.0446
260219,Progress West Hospital,Ofallon,MO,Missouri,General hospital,Nonprofit,Urban,69.0,2023,0.0413,4956508.0,120132392.0,0,Made money,0,"Progress West Hospital (Ofallon, MO)",45,97,0.0321,0.0446
261301,Ellett Memorial Hospital,Appleton,MO,Missouri,Critical access hospital (small rural),Government,Rural,25.0,2023,0.0594,650601.0,10956389.0,0,Made money,0,"Ellett Memorial Hospital (Appleton, MO)",40,97,0.0321,0.0446
261302,Madison Medical Center,Fredericktown,MO,Missouri,Critical access hospital (small rural),Government,Rural,25.0,2023,0.0321,755310.0,23528619.0,0,Made money,0,"Madison Medical Center (Fredericktown, MO)",49,97,0.0321,0.0446
261303,Community Hospital Association  Inc.,Fairfax,MO,Missouri,Critical access hospital (small rural),Nonprofit,Rural,16.0,2023,-0.0232,-610742.0,26276483.0,3,3-4 years,3,"Community Hospital Association  Inc. (Fairfax, MO)",69,97,0.0321,0.0446
261305,Putnam County Memorial Hospital,Unionville,MO,Missouri,Critical access hospital (small rural),Government,Rural,15.0,2023,-0.0274,-391150.0,14292290.0,1,1 year,1,"Putnam County Memorial Hospital (Unionville, MO)",71,97,0.0321,0.0446
261306,Sullivan County Memorial Hospital,Milan,MO,Missouri,Critical access hospital (small rural),Government,Rural,17.0,2023,-0.1279,-1382304.0,10806123.0,2,2 years,2,"Sullivan County Memorial Hospital (Milan, MO)",91,97,0.0321,0.0446
261307,Pershing Memorial Hospital,Brookfield,MO,Missouri,Critical access hospital (small rural),Nonprofit,Rural,25.0,2023,-0.0914,-1931490.0,21124358.0,3,3-4 years,3,"Pershing Memorial Hospital (Brookfield, MO)",83,97,0.0321,0.0446
261308,Washington County Memorial Hospital,Potosi,MO,Missouri,Critical access hospital (small rural),Government,Rural,25.0,2023,0.0768,2325863.0,30274007.0,0,Made money,0,"Washington County Memorial Hospital (Potosi, MO)",32,97,0.0321,0.0446
261309,Wright Memorial Hospital,Trenton,MO,Missouri,Critical access hospital (small rural),Nonprofit,Rural,21.0,2023,0.007,267384.0,38173623.0,0,Made money,0,"Wright Memorial Hospital (Trenton, MO)",58,97,0.0321,0.0446
261310,Scotland County Memorial Hospital,Memphis,MO,Missouri,Critical access hospital (small rural),Government,Rural,25.0,2023,-0.059,-1964451.0,33307517.0,7,5+ years,4,"Scotland County Memorial Hospital (Memphis, MO)",78,97,0.0321,0.0446
261311,Perry County Memorial Hospital,Perryville,MO,Missouri,Critical access hospital (small rural),Nonprofit,Rural,25.0,2022,0.0214,1454063.0,67912300.0,0,Made money,0,"Perry County Memorial Hospital (Perryville, MO)",1,4,0.0321,0.0446
261312,Harrison County Community Hospital,Bethany,MO,Missouri,Critical access hospital (small rural),Government,Rural,15.0,2023,-0.0333,-1073580.0,32270212.0,1,1 year,1,"Harrison County Community Hospital (Bethany, MO)",74,97,0.0321,0.0446
261313,Samaritan Memorial Hospital,Macon,MO,Missouri,Critical access hospital (small rural),Government,Rural,25.0,2023,0.0115,334845.0,29152093.0,0,Made money,0,"Samaritan Memorial Hospital (Macon, MO)",56,97,0.0321,0.0446
261314,Hermann Area District Hospital,Hermann,MO,Missouri,Critical access hospital (small rural),Government,Rural,24.0,2023,-0.0849,-1654672.0,19491873.0,2,2 years,2,"Hermann Area District Hospital (Hermann, MO)",81,97,0.0321,0.0446
261315,Parkland Hlth Ctr - Bonne Terre,Bonne Terre,MO,Missouri,Critical access hospital (small rural),Nonprofit,Rural,3.0,2023,0.4384,4420470.0,10083502.0,0,Made money,0,"Parkland Hlth Ctr - Bonne Terre (Bonne Terre, MO)",1,97,0.0321,0.0446
261316,Mercy Hospital Aurora,Aurora,MO,Missouri,Critical access hospital (small rural),Nonprofit,Rural,25.0,2023,0.1911,6140818.0,32136541.0,0,Made money,0,"Mercy Hospital Aurora (Aurora, MO)",9,97,0.0321,0.0446
261317,Mercy Hospital Cassville,Cassville,MO,Missouri,Critical access hospital (small rural),Nonprofit,Rural,25.0,2023,0.1418,3423551.0,24140588.0,0,Made money,0,"Mercy Hospital Cassville (Cassville, MO)",17,97,0.0321,0.0446
261318,Salem Memorial District Hospital,Salem,MO,Missouri,Critical access hospital (small rural),Government,Rural,25.0,2023,-0.0456,-1268461.0,27795795.0,3,3-4 years,3,"Salem Memorial District Hospital (Salem, MO)",77,97,0.0321,0.0446
261319,Mercy Hospital Lincoln,Troy,MO,Missouri,Critical access hospital (small rural),Nonprofit,Urban,25.0,2023,0.1234,6801991.0,55104491.0,0,Made money,0,"Mercy Hospital Lincoln (Troy, MO)",21,97,0.0321,0.0446
261320,Lafayette Regional Health Center,Lexington,MO,Missouri,Critical access hospital (small rural),For-profit,Urban,25.0,2023,-0.0178,-683559.0,38392740.0,9,5+ years,4,"Lafayette Regional Health Center (Lexington, MO)",68,97,0.0321,0.0446
261321,Hedrick Medical Center,Chillicothe,MO,Missouri,Critical access hospital (small rural),Nonprofit,Rural,25.0,2023,0.0873,5888006.0,67414727.0,0,Made money,0,"Hedrick Medical Center (Chillicothe, MO)",28,97,0.0321,0.0446
261322,Excelsior Springs Hospital,Excelsior Springs,MO,Missouri,Critical access hospital (small rural),Government,Urban,25.0,2023,-0.1013,-5135308.0,50710498.0,1,1 year,1,"Excelsior Springs Hospital (Excelsior Springs, MO)",87,97,0.0321,0.0446
261323,Cedar County Memorial Hospital,El Dorado Springs,MO,Missouri,Critical access hospital (small rural),Government,Rural,25.0,2023,-0.0416,-825495.0,19845587.0,2,2 years,2,"Cedar County Memorial Hospital (El Dorado Springs, MO)",76,97,0.0321,0.0446
261324,Cass Regional Medical Center,Harrisonville,MO,Missouri,Critical access hospital (small rural),Government,Urban,25.0,2023,0.0744,7046018.0,94651959.0,0,Made money,0,"Cass Regional Medical Center (Harrisonville, MO)",34,97,0.0321,0.0446
261325,Cox Barton County Hospital,Lamar,MO,Missouri,Critical access hospital (small rural),Nonprofit,Rural,25.0,2023,0.1565,5167221.0,33019112.0,0,Made money,0,"Cox Barton County Hospital (Lamar, MO)",15,97,0.0321,0.0446
261327,Ray County Memorial Hospital,Richmond,MO,Missouri,Critical access hospital (small rural),Government,Urban,25.0,2023,-0.0907,-2196106.0,24223344.0,3,3-4 years,3,"Ray County Memorial Hospital (Richmond, MO)",82,97,0.0321,0.0446
261328,Northwest Medical Center,Albany,MO,Missouri,Critical access hospital (small rural),Nonprofit,Rural,25.0,2023,0.1095,3091545.0,28239138.0,0,Made money,0,"Northwest Medical Center (Albany, MO)",23,97,0.0321,0.0446
261329,Cox-Monett Hospital,Monett,MO,Missouri,Critical access hospital (small rural),Nonprofit,Rural,25.0,2023,0.1253,8981857.0,71672164.0,0,Made money,0,"Cox-Monett Hospital (Monett, MO)",19,97,0.0321,0.0446
261330,Ste. Genevieve Co. Memorial Hosp,Ste. Genevieve,MO,Missouri,Critical access hospital (small rural),Government,Rural,25.0,2023,-0.0156,-1184155.0,76041486.0,1,1 year,1,"Ste. Genevieve Co. Memorial Hosp (Ste. Genevieve, MO)",66,97,0.0321,0.0446
261331,Freeman Neosho Hospital,Neosho,MO,Missouri,Critical access hospital (small rural),Nonprofit,Urban,25.0,2023,0.2797,12384947.0,44279160.0,0,Made money,0,"Freeman Neosho Hospital (Neosho, MO)",3,97,0.0321,0.0446
261332,Carroll County Hospital,Carrollton,MO,Missouri,Critical access hospital (small rural),Nonprofit,Rural,21.0,2023,0.021,957164.0,45511744.0,0,Made money,0,"Carroll County Hospital (Carrollton, MO)",52,97,0.0321,0.0446
261333,Pike County Memorial Hospital,Louisiana,MO,Missouri,Critical access hospital (small rural),Government,Rural,25.0,2023,-0.0916,-2124635.0,23206439.0,1,1 year,1,"Pike County Memorial Hospital (Louisiana, MO)",84,97,0.0321,0.0446
261335,Mercy St Francis Hospital,Mountain View,MO,Missouri,Critical access hospital (small rural),Nonprofit,Rural,25.0,2023,0.1325,2705762.0,20414417.0,0,Made money,0,"Mercy St Francis Hospital (Mountain View, MO)",18,97,0.0321,0.0446
261336,Iron County Hospital,Pilot Knob,MO,Missouri,Critical access hospital (small rural),Government,Rural,15.0,2023,0.0634,1476380.0,23292707.0,0,Made money,0,"Iron County Hospital (Pilot Knob, MO)",38,97,0.0321,0.0446
261337,Missouri Baptist Sullivan Hospital,Sullivan,MO,Missouri,Critical access hospital (small rural),Nonprofit,Rural,25.0,2023,0.0451,3747266.0,83170918.0,0,Made money,0,"Missouri Baptist Sullivan Hospital (Sullivan, MO)",44,97,0.0321,0.0446
261338,Mercy Hospital Carthage,Carthage,MO,Missouri,Critical access hospital (small rural),Nonprofit,Urban,25.0,2023,0.2179,16211207.0,74404951.0,0,Made money,0,"Mercy Hospital Carthage (Carthage, MO)",4,97,0.0321,0.0446
270003,St. Peters Hospital,Helena,MT,Montana,General hospital,Nonprofit,Rural,125.0,2023,0.0626,22584391.0,360977462.0,0,Made money,0,"St. Peters Hospital (Helena, MT)",16,48,0.0479,0.0446
270004,Billings Clinic,Billings,MT,Montana,General hospital,Nonprofit,Urban,334.0,2022,-0.0321,-31824005.0,990261000.0,2,2 years,2,"Billings Clinic (Billings, MT)",7,10,0.0479,0.0446
270012,Benefis Hospitals  Inc.,Great Falls,MT,Montana,General hospital,Nonprofit,Urban,312.0,2023,0.1211,81794729.0,675503580.0,0,Made money,0,"Benefis Hospitals  Inc. (Great Falls, MT)",7,48,0.0479,0.0446
270014,St Patrick Hospital,Missoula,MT,Montana,General hospital,Nonprofit,Urban,206.0,2023,0.0506,23593294.0,465975645.0,0,Made money,0,"St Patrick Hospital (Missoula, MT)",24,48,0.0479,0.0446
270017,Saint James Healthcare,Butte,MT,Montana,General hospital,Nonprofit,Rural,69.0,2023,-0.0706,-9828859.0,139168968.0,1,1 year,1,"Saint James Healthcare (Butte, MT)",42,48,0.0479,0.0446
270023,Community Medical Center,Missoula,MT,Montana,General hospital,For-profit,Urban,141.0,2023,0.1352,34508157.0,255290101.0,0,Made money,0,"Community Medical Center (Missoula, MT)",5,48,0.0479,0.0446
270032,Northern Montana Hospital,Havre,MT,Montana,General hospital,Nonprofit,Rural,49.0,2022,0.0238,2377343.0,99989247.0,0,Made money,0,"Northern Montana Hospital (Havre, MT) #270032",4,10,0.0479,0.0446
270049,St Vincent Healthcare,Billings,MT,Montana,General hospital,Nonprofit,Urban,226.0,2023,-0.0007,-376517.0,563264990.0,2,2 years,2,"St Vincent Healthcare (Billings, MT)",35,48,0.0479,0.0446
270051,Logan Health Medical Center,Kalispell,MT,Montana,General hospital,Nonprofit,Rural,210.0,2022,0.0114,6234169.0,548280764.0,0,Made money,0,"Logan Health Medical Center (Kalispell, MT)",5,10,0.0479,0.0446
270057,Bozeman Deaconess Health Services,Bozeman,MT,Montana,General hospital,Nonprofit,Rural,139.0,2023,0.0341,15909882.0,466608238.0,0,Made money,0,"Bozeman Deaconess Health Services (Bozeman, MT)",29,48,0.0479,0.0446
270086,Great Falls Clinic Medical Center,Great Falls,MT,Montana,General hospital,For-profit,Urban,20.0,2023,0.1606,22409514.0,139567014.0,0,Made money,0,"Great Falls Clinic Medical Center (Great Falls, MT)",3,48,0.0479,0.0446
271300,Northeast Montana Healthcare-Poplar,Poplar,MT,Montana,Critical access hospital (small rural),Nonprofit,Rural,20.0,2023,0.0527,2312071.0,43908014.0,0,Made money,0,"Northeast Montana Healthcare-Poplar (Poplar, MT)",22,48,0.0479,0.0446
271301,Fallon Medical Complex,Baker,MT,Montana,Critical access hospital (small rural),Nonprofit,Rural,25.0,2023,-0.0807,-891018.0,11040798.0,3,3-4 years,3,"Fallon Medical Complex (Baker, MT)",44,48,0.0479,0.0446
271302,Dahl Memorial Healthcare Assoc.,Ekalaka,MT,Montana,Critical access hospital (small rural),Nonprofit,Rural,25.0,2023,-0.0813,-793654.0,9766233.0,2,2 years,2,"Dahl Memorial Healthcare Assoc. (Ekalaka, MT)",45,48,0.0479,0.0446
271303,Granite County Medical Center,Philipsburg,MT,Montana,Critical access hospital (small rural),Government,Rural,25.0,2023,0.0556,433225.0,7796469.0,0,Made money,0,"Granite County Medical Center (Philipsburg, MT)",20,48,0.0479,0.0446
271304,Bmrmc,Fort Benton,MT,Montana,Critical access hospital (small rural),Nonprofit,Rural,25.0,2022,0.0381,324979.0,8538640.0,0,Made money,0,"Bmrmc (Fort Benton, MT)",3,10,0.0479,0.0446
271305,Mccone County Health Center,Circle,MT,Montana,Critical access hospital (small rural),Nonprofit,Rural,25.0,2023,-0.0145,-77585.0,5346185.0,1,1 year,1,"Mccone County Health Center (Circle, MT)",36,48,0.0479,0.0446
271306,Mountainview Medical Center,White Sulpher Springs,MT,Montana,Critical access hospital (small rural),Nonprofit,Rural,25.0,2023,-0.0245,-197286.0,8037515.0,1,1 year,1,"Mountainview Medical Center (White Sulpher Springs, MT)",37,48,0.0479,0.0446
271307,Benefis Teton Medical Center,Choteau,MT,Montana,Critical access hospital (small rural),Nonprofit,Rural,25.0,2023,0.0031,29584.0,9633388.0,0,Made money,0,"Benefis Teton Medical Center (Choteau, MT)",34,48,0.0479,0.0446
271308,Roosevelt Medical Center,Culbertson,MT,Montana,Critical access hospital (small rural),Nonprofit,Rural,29.0,2023,0.0434,413853.0,9526031.0,0,Made money,0,"Roosevelt Medical Center (Culbertson, MT)",26,48,0.0479,0.0446
271309,Prairie Community Hospital,Terry,MT,Montana,Critical access hospital (small rural),Nonprofit,Rural,25.0,2023,0.0245,116326.0,4749147.0,0,Made money,0,"Prairie Community Hospital (Terry, MT)",32,48,0.0479,0.0446
271310,Garfield Co. Health Center,Jordan,MT,Montana,Critical access hospital (small rural),Nonprofit,Rural,25.0,2023,-0.2274,-627679.0,2759765.0,2,2 years,2,"Garfield Co. Health Center (Jordan, MT)",48,48,0.0479,0.0446
271311,Big Sandy Medical Center,Big Sandy,MT,Montana,Critical access hospital (small rural),Nonprofit,Rural,8.0,2023,0.1218,670966.0,5509570.0,0,Made money,0,"Big Sandy Medical Center (Big Sandy, MT)",6,48,0.0479,0.0446
271312,Phillips County Hospital,Malta,MT,Montana,Critical access hospital (small rural),Nonprofit,Rural,6.0,2023,-0.0639,-526582.0,8241027.0,3,3-4 years,3,"Phillips County Hospital (Malta, MT)",41,48,0.0479,0.0446
271313,Pioneer Medical Center,Big Timber,MT,Montana,Critical access hospital (small rural),Nonprofit,Rural,25.0,2023,-0.0856,-1097384.0,12813653.0,1,1 year,1,"Pioneer Medical Center (Big Timber, MT)",46,48,0.0479,0.0446
271314,Deer Lodge Medical Center,Deer Lodge,MT,Montana,Critical access hospital (small rural),Nonprofit,Rural,16.0,2023,0.0748,1986988.0,26580714.0,0,Made money,0,"Deer Lodge Medical Center (Deer Lodge, MT)",13,48,0.0479,0.0446
271316,Frances Mahon Deaconess Hospital,Glasgow,MT,Montana,Critical access hospital (small rural),Nonprofit,Rural,25.0,2023,0.0897,5554950.0,61929133.0,0,Made money,0,"Frances Mahon Deaconess Hospital (Glasgow, MT)",12,48,0.0479,0.0446
271317,Livingston Healthcare,Livingston,MT,Montana,Critical access hospital (small rural),Nonprofit,Rural,25.0,2023,0.025,2323779.0,92864760.0,0,Made money,0,"Livingston Healthcare (Livingston, MT)",31,48,0.0479,0.0446
271318,Barrett Hospital And Healthcare,Dillon,MT,Montana,Critical access hospital (small rural),Nonprofit,Rural,18.0,2023,0.03,1329859.0,44363052.0,0,Made money,0,"Barrett Hospital And Healthcare (Dillon, MT)",30,48,0.0479,0.0446
271319,Ruby Valley Hospital,Sheridan,MT,Montana,Critical access hospital (small rural),Nonprofit,Rural,7.0,2023,-0.033,-446408.0,13535878.0,2,2 years,2,"Ruby Valley Hospital (Sheridan, MT)",38,48,0.0479,0.0446
271320,Cabinet Peaks Medical Center,Libby,MT,Montana,Critical access hospital (small rural),Nonprofit,Rural,25.0,2023,0.0551,2807401.0,50957775.0,0,Made money,0,"Cabinet Peaks Medical Center (Libby, MT)",21,48,0.0479,0.0446
271321,Wheatland Memorial Healthcare,Harlowton,MT,Montana,Critical access hospital (small rural),Nonprofit,Rural,25.0,2023,0.0989,1159234.0,11719615.0,0,Made money,0,"Wheatland Memorial Healthcare (Harlowton, MT)",9,48,0.0479,0.0446
271322,Sheridan Memorial Hospital,Plentywood,MT,Montana,Critical access hospital (small rural),Nonprofit,Rural,19.0,2023,0.0619,1383670.0,22360654.0,0,Made money,0,"Sheridan Memorial Hospital (Plentywood, MT)",17,48,0.0479,0.0446
271323,Clark Fork Valley Hospital,Plains,MT,Montana,Critical access hospital (small rural),Nonprofit,Rural,16.0,2023,0.0401,1295574.0,32325229.0,0,Made money,0,"Clark Fork Valley Hospital (Plains, MT)",27,48,0.0479,0.0446
271324,Logan Health Conrad,Conrad,MT,Montana,Critical access hospital (small rural),Nonprofit,Rural,20.0,2022,-0.0716,-1273566.0,17785870.0,1,1 year,1,"Logan Health Conrad (Conrad, MT)",9,10,0.0479,0.0446
271325,St Luke Community Hospital,Ronan,MT,Montana,Critical access hospital (small rural),Nonprofit,Rural,25.0,2023,0.1641,9466930.0,57690546.0,0,Made money,0,"St Luke Community Hospital (Ronan, MT)",1,48,0.0479,0.0446
271326,Beartooth Billings Clinic,Red Lodge,MT,Montana,Critical access hospital (small rural),Nonprofit,Urban,10.0,2023,0.0347,744952.0,21445600.0,0,Made money,0,"Beartooth Billings Clinic (Red Lodge, MT)",28,48,0.0479,0.0446
271327,Rosebud Community Hospital,Forsyth,MT,Montana,Critical access hospital (small rural),Nonprofit,Rural,25.0,2023,0.0452,527966.0,11671670.0,0,Made money,0,"Rosebud Community Hospital (Forsyth, MT)",25,48,0.0479,0.0446
271328,Logan Health Shelby,Shelby,MT,Montana,Critical access hospital (small rural),Nonprofit,Rural,21.0,2022,-0.1375,-1851656.0,13466226.0,2,2 years,2,"Logan Health Shelby (Shelby, MT)",10,10,0.0479,0.0446
271329,Madison Valley Medical Center,Ennis,MT,Montana,Critical access hospital (small rural),Nonprofit,Rural,10.0,2023,0.0659,1084382.0,16458275.0,0,Made money,0,"Madison Valley Medical Center (Ennis, MT)",14,48,0.0479,0.0446
271330,Stillwater Billings Clinic,Columbus,MT,Montana,Critical access hospital (small rural),Government,Urban,16.0,2022,0.0068,95270.0,13938413.0,0,Made money,0,"Stillwater Billings Clinic (Columbus, MT)",6,10,0.0479,0.0446
271331,Mineral Community Hospital,Superior,MT,Montana,Critical access hospital (small rural),Nonprofit,Rural,25.0,2023,-0.0516,-597914.0,11582128.0,2,2 years,2,"Mineral Community Hospital (Superior, MT)",40,48,0.0479,0.0446
271332,Glendive Medical Center Inc,Glendive,MT,Montana,Critical access hospital (small rural),Nonprofit,Rural,25.0,2023,0.1123,8020837.0,71405955.0,0,Made money,0,"Glendive Medical Center Inc (Glendive, MT)",8,48,0.0479,0.0446
271333,Billings Clinic Broadwater,Townsend,MT,Montana,Critical access hospital (small rural),Nonprofit,Rural,25.0,2022,-0.0708,-692688.0,9782243.0,2,2 years,2,"Billings Clinic Broadwater (Townsend, MT)",8,10,0.0479,0.0446
271334,Logan Health Chester,Chester,MT,Montana,Critical access hospital (small rural),Nonprofit,Rural,25.0,2021,-0.0933,-896132.0,9602401.0,1,1 year,1,"Logan Health Chester (Chester, MT)",1,1,0.0479,0.0446
271335,Community Hospital Of Anaconda,Anaconda,MT,Montana,Critical access hospital (small rural),Nonprofit,Rural,25.0,2023,0.0195,1848000.0,94788491.0,0,Made money,0,"Community Hospital Of Anaconda (Anaconda, MT)",33,48,0.0479,0.0446
271336,Logan Health Whitefish,Whitefish,MT,Montana,Critical access hospital (small rural),Nonprofit,Rural,25.0,2022,0.1108,10939698.0,98701563.0,0,Made money,0,"Logan Health Whitefish (Whitefish, MT)",1,10,0.0479,0.0446
271337,Logan Health  Cutbank,Cutbank,MT,Montana,Critical access hospital (small rural),Nonprofit,Rural,25.0,2022,0.0784,982550.0,12531004.0,0,Made money,0,"Logan Health  Cutbank (Cutbank, MT)",2,10,0.0479,0.0446
271338,Big Horn Hospital,Hardin,MT,Montana,Critical access hospital (small rural),Nonprofit,Rural,18.0,2023,-0.0806,-1333852.0,16548714.0,3,3-4 years,3,"Big Horn Hospital (Hardin, MT)",43,48,0.0479,0.0446
271340,Marcus Daly Memorial Hospital,Hamilton,MT,Montana,Critical access hospital (small rural),Nonprofit,Rural,25.0,2023,0.0607,8132457.0,133918167.0,0,Made money,0,"Marcus Daly Memorial Hospital (Hamilton, MT)",18,48,0.0479,0.0446
271341,Northeast Montana Health Services,Wolf Point,MT,Montana,Critical access hospital (small rural),Nonprofit,Rural,22.0,2023,0.0527,2312071.0,43908014.0,0,Made money,0,"Northeast Montana Health Services (Wolf Point, MT)",22,48,0.0479,0.0446
271342,Daniels Memorial Hospital,Scobey,MT,Montana,Critical access hospital (small rural),Nonprofit,Rural,25.0,2023,0.0659,787125.0,11951274.0,0,Made money,0,"Daniels Memorial Hospital (Scobey, MT)",14,48,0.0479,0.0446
271343,Providence St Joseph Medical Ctr,Polson,MT,Montana,Critical access hospital (small rural),Nonprofit,Rural,22.0,2023,-0.1684,-7974278.0,47344421.0,11,5+ years,4,"Providence St Joseph Medical Ctr (Polson, MT)",47,48,0.0479,0.0446
271344,Sidney Health Center,Sidney,MT,Montana,Critical access hospital (small rural),Nonprofit,Rural,25.0,2023,0.0956,11253913.0,117734757.0,0,Made money,0,"Sidney Health Center (Sidney, MT)",11,48,0.0479,0.0446
271345,Central Montana Medical Center,Lewistown,MT,Montana,Critical access hospital (small rural),Nonprofit,Rural,25.0,2023,0.1437,8584150.0,59741194.0,0,Made money,0,"Central Montana Medical Center (Lewistown, MT)",4,48,0.0479,0.0446
271346,Roundup Memorial Healthcare,Roundup,MT,Montana,Critical access hospital (small rural),Nonprofit,Rural,25.0,2023,0.0958,1496217.0,15615745.0,0,Made money,0,"Roundup Memorial Healthcare (Roundup, MT)",10,48,0.0479,0.0446
271347,Holy Rosary Healthcare,Miles City,MT,Montana,Critical access hospital (small rural),Nonprofit,Rural,25.0,2023,0.1617,14734771.0,91142138.0,0,Made money,0,"Holy Rosary Healthcare (Miles City, MT)",2,48,0.0479,0.0446
271348,Northern Montana Hospital,Havre,MT,Montana,Critical access hospital (small rural),Nonprofit,Rural,25.0,2023,0.0592,4658021.0,78740854.0,0,Made money,0,"Northern Montana Hospital (Havre, MT) #271348",19,48,0.0479,0.0446
271389,Big Sky Medical Center,Big Sky,MT,Montana,Critical access hospital (small rural),Nonprofit,Rural,8.0,2023,-0.0436,-776909.0,17799526.0,4,3-4 years,3,"Big Sky Medical Center (Big Sky, MT)",39,48,0.0479,0.0446
280003,Bryan Medical Center,Lincoln,NE,Nebraska,General hospital,Nonprofit,Urban,510.0,2023,0.1731,164305024.0,949465416.0,0,Made money,0,"Bryan Medical Center (Lincoln, NE)",12,87,0.0448,0.0446
280009,Chi Health Good Samaritan,Kearney,NE,Nebraska,General hospital,Nonprofit,Rural,182.0,2023,0.1812,41289766.0,227826373.0,0,Made money,0,"Chi Health Good Samaritan (Kearney, NE)",9,87,0.0448,0.0446
280013,The Nebraska Medical Center,Omaha,NE,Nebraska,General hospital,Nonprofit,Urban,629.0,2023,0.0415,102804615.0,2475226645.0,0,Made money,0,"The Nebraska Medical Center (Omaha, NE)",46,87,0.0448,0.0446
280020,Chi Health St. Elizabeth,Lincoln,NE,Nebraska,General hospital,Nonprofit,Urban,137.0,2023,0.0527,10669814.0,202544211.0,0,Made money,0,"Chi Health St. Elizabeth (Lincoln, NE)",40,87,0.0448,0.0446
280023,Chi Health St. Francis,Grand Island,NE,Nebraska,General hospital,Nonprofit,Urban,113.0,2023,0.1699,29780105.0,175241324.0,0,Made money,0,"Chi Health St. Francis (Grand Island, NE)",13,87,0.0448,0.0446
280032,Mary Lanning Memorial Hospital Assoc,Hastings,NE,Nebraska,General hospital,Nonprofit,Rural,106.0,2023,0.0263,6129166.0,232889336.0,0,Made money,0,"Mary Lanning Memorial Hospital Assoc (Hastings, NE)",49,87,0.0448,0.0446
280040,Nebraska Methodist Hospital,Omaha,NE,Nebraska,General hospital,Nonprofit,Urban,363.0,2023,0.1407,110324000.0,784355000.0,0,Made money,0,"Nebraska Methodist Hospital (Omaha, NE)",16,87,0.0448,0.0446
280060,Chi Health Creighton University Berg,Omaha,NE,Nebraska,General hospital,Nonprofit,Urban,389.0,2023,0.055,37527530.0,681717981.0,0,Made money,0,"Chi Health Creighton University Berg (Omaha, NE)",38,87,0.0448,0.0446
280061,Regional West Medical Center,Scottsbluff,NE,Nebraska,General hospital,Nonprofit,Rural,122.0,2023,-0.0003,-65470.0,237013335.0,2,2 years,2,"Regional West Medical Center (Scottsbluff, NE)",61,87,0.0448,0.0446
280065,Great Plains Health,North Platte,NE,Nebraska,General hospital,Nonprofit,Rural,96.0,2023,0.1614,53827519.0,333466694.0,0,Made money,0,"Great Plains Health (North Platte, NE)",14,87,0.0448,0.0446
280077,Methodist Fremont Health,Fremont,NE,Nebraska,General hospital,Nonprofit,Rural,50.0,2023,0.1893,29689155.0,156815535.0,0,Made money,0,"Methodist Fremont Health (Fremont, NE)",7,87,0.0448,0.0446
280081,Chi Health Immanuel,Omaha,NE,Nebraska,General hospital,Nonprofit,Urban,177.0,2023,0.0858,21337308.0,248756244.0,0,Made money,0,"Chi Health Immanuel (Omaha, NE)",27,87,0.0448,0.0446
280105,Chi Health Midlands,Papillion,NE,Nebraska,General hospital,Nonprofit,Urban,28.0,2023,-0.0251,-1297659.0,51641220.0,3,3-4 years,3,"Chi Health Midlands (Papillion, NE)",68,87,0.0448,0.0446
280111,Columbus Community Hospital,Columbus  Nebraska,NE,Nebraska,General hospital,Nonprofit,Rural,50.0,2023,0.1196,20327188.0,169965423.0,0,Made money,0,"Columbus Community Hospital (Columbus  Nebraska, NE)",20,87,0.0448,0.0446
280125,Faith Regional Health Services,Norfolk,NE,Nebraska,General hospital,Nonprofit,Rural,122.0,2023,0.0264,6006535.0,227896452.0,0,Made money,0,"Faith Regional Health Services (Norfolk, NE)",48,87,0.0448,0.0446
280127,Lincoln Surgical Hospital,Lincoln,NE,Nebraska,General hospital,For-profit,Urban,20.0,2023,0.1739,14076692.0,80936309.0,0,Made money,0,"Lincoln Surgical Hospital (Lincoln, NE)",11,87,0.0448,0.0446
280128,Chi Health Nebraska Heart,Lincoln,NE,Nebraska,General hospital,Nonprofit,Urban,63.0,2023,0.011,825503.0,74956353.0,0,Made money,0,"Chi Health Nebraska Heart (Lincoln, NE)",56,87,0.0448,0.0446
280129,Nebraska Orthopaedic Hospital Llc,Omaha,NE,Nebraska,General hospital,For-profit,Urban,24.0,2023,0.0448,5618321.0,125344740.0,0,Made money,0,"Nebraska Orthopaedic Hospital Llc (Omaha, NE)",44,87,0.0448,0.0446
280130,Chi Health Lakeside,Omaha,NE,Nebraska,General hospital,Nonprofit,Urban,109.0,2023,0.1578,35168919.0,222879619.0,0,Made money,0,"Chi Health Lakeside (Omaha, NE)",15,87,0.0448,0.0446
280131,Midwest Surgical Hospital,Omaha,NE,Nebraska,General hospital,For-profit,Urban,19.0,2023,0.3405,24689125.0,72516733.0,0,Made money,0,"Midwest Surgical Hospital (Omaha, NE)",3,87,0.0448,0.0446
280132,Bellevue Medical Center,Bellevue,NE,Nebraska,General hospital,For-profit,Urban,71.0,2023,0.1892,24979526.0,132029620.0,0,Made money,0,"Bellevue Medical Center (Bellevue, NE)",8,87,0.0448,0.0446
280133,Nebraska Spine Hospital,Omaha,NE,Nebraska,General hospital,For-profit,Urban,34.0,2023,0.5075,30417374.0,59938400.0,0,Made money,0,"Nebraska Spine Hospital (Omaha, NE)",1,87,0.0448,0.0446
280134,Kearney Regional Medical Center,Kearney,NE,Nebraska,General hospital,Nonprofit,Rural,93.0,2023,0.4593,148178313.0,322649851.0,0,Made money,0,"Kearney Regional Medical Center (Kearney, NE)",2,87,0.0448,0.0446
280139,Grand Island Regional Medical Center,Grand Island,NE,Nebraska,General hospital,Nonprofit,Urban,60.0,2023,-0.2123,-15051968.0,70885837.0,3,3-4 years,3,"Grand Island Regional Medical Center (Grand Island, NE)",87,87,0.0448,0.0446
281300,Harlan County Health System,Alma,NE,Nebraska,Critical access hospital (small rural),Government,Rural,19.0,2023,0.0783,1292929.0,16503578.0,0,Made money,0,"Harlan County Health System (Alma, NE)",31,87,0.0448,0.0446
281301,Fillmore County Hospital,Geneva,NE,Nebraska,Critical access hospital (small rural),Government,Rural,20.0,2023,0.0038,114859.0,30260216.0,0,Made money,0,"Fillmore County Hospital (Geneva, NE)",58,87,0.0448,0.0446
281302,Pawnee County Memorial Hospital,Pawnee City,NE,Nebraska,Critical access hospital (small rural),Government,Rural,17.0,2023,0.0611,672651.0,11007808.0,0,Made money,0,"Pawnee County Memorial Hospital (Pawnee City, NE)",35,87,0.0448,0.0446
281303,Niobrara Valley Hospital,Lynch,NE,Nebraska,Critical access hospital (small rural),Nonprofit,Rural,15.0,2023,-0.0537,-207369.0,3858948.0,1,1 year,1,"Niobrara Valley Hospital (Lynch, NE)",76,87,0.0448,0.0446
281304,Thayer County Health Services,Hebron,NE,Nebraska,Critical access hospital (small rural),Government,Rural,19.0,2023,0.0069,219389.0,31975784.0,0,Made money,0,"Thayer County Health Services (Hebron, NE)",57,87,0.0448,0.0446
281305,Kimball County Hospital,Kimball,NE,Nebraska,Critical access hospital (small rural),Government,Rural,14.0,2023,-0.0934,-2370580.0,25370694.0,1,1 year,1,"Kimball County Hospital (Kimball, NE)",79,87,0.0448,0.0446
281306,Kearney County Health Services,Minden,NE,Nebraska,Critical access hospital (small rural),Government,Rural,10.0,2023,0.0568,1066681.0,18763369.0,0,Made money,0,"Kearney County Health Services (Minden, NE)",36,87,0.0448,0.0446
281307,Saunders Medical Center,Wahoo,NE,Nebraska,Critical access hospital (small rural),Government,Urban,16.0,2023,0.1999,9282142.0,46435054.0,0,Made money,0,"Saunders Medical Center (Wahoo, NE)",5,87,0.0448,0.0446
281308,Henderson Health Care Services,Henderson,NE,Nebraska,Critical access hospital (small rural),Nonprofit,Rural,13.0,2023,0.0888,1959982.0,22074726.0,0,Made money,0,"Henderson Health Care Services (Henderson, NE)",26,87,0.0448,0.0446
281309,Syracuse Area Health,Syracuse,NE,Nebraska,Critical access hospital (small rural),Government,Rural,10.0,2023,-0.018,-592034.0,32921084.0,3,3-4 years,3,"Syracuse Area Health (Syracuse, NE)",64,87,0.0448,0.0446
281310,Regional West Garden County Hospital,Oshkosh,NE,Nebraska,Critical access hospital (small rural),Nonprofit,Rural,10.0,2023,-0.0226,-248418.0,11013288.0,3,3-4 years,3,"Regional West Garden County Hospital (Oshkosh, NE)",67,87,0.0448,0.0446
281311,Franklin County Memorial Hospital,Franklin,NE,Nebraska,Critical access hospital (small rural),Government,Rural,14.0,2023,-0.073,-428563.0,5871372.0,1,1 year,1,"Franklin County Memorial Hospital (Franklin, NE)",78,87,0.0448,0.0446
281312,Genoa Community Hospital,Genoa,NE,Nebraska,Critical access hospital (small rural),Government,Rural,19.0,2023,-0.0293,-282319.0,9629765.0,1,1 year,1,"Genoa Community Hospital (Genoa, NE)",69,87,0.0448,0.0446
281313,Gothenburg Memorial Hosp,Gothenburg,NE,Nebraska,Critical access hospital (small rural),Government,Rural,15.0,2023,-0.0457,-1506043.0,32921955.0,1,1 year,1,"Gothenburg Memorial Hosp (Gothenburg, NE)",73,87,0.0448,0.0446
281314,Annie Jeffrey Mem. Cnty Hlth. Ctr.,Osceola,NE,Nebraska,Critical access hospital (small rural),Government,Rural,16.0,2023,0.0199,179026.0,8992418.0,0,Made money,0,"Annie Jeffrey Mem. Cnty Hlth. Ctr. (Osceola, NE)",53,87,0.0448,0.0446
281315,Brodstone Memorial Hospital,Superior,NE,Nebraska,Critical access hospital (small rural),Nonprofit,Rural,25.0,2023,0.0919,3870362.0,42132267.0,0,Made money,0,"Brodstone Memorial Hospital (Superior, NE)",25,87,0.0448,0.0446
281316,Webster County Community Hospital,Red Cloud,NE,Nebraska,Critical access hospital (small rural),Government,Rural,13.0,2023,-0.1191,-841006.0,7060389.0,3,3-4 years,3,"Webster County Community Hospital (Red Cloud, NE)",83,87,0.0448,0.0446
281318,Morrill County Community Hospital,Bridgeport,NE,Nebraska,Critical access hospital (small rural),Government,Rural,20.0,2023,-0.1182,-3430655.0,29014134.0,2,2 years,2,"Morrill County Community Hospital (Bridgeport, NE)",82,87,0.0448,0.0446
281319,Jefferson Community Health Center,Fairbury,NE,Nebraska,Critical access hospital (small rural),Nonprofit,Rural,17.0,2023,0.1321,4749452.0,35957208.0,0,Made money,0,"Jefferson Community Health Center (Fairbury, NE)",18,87,0.0448,0.0446
281320,Memorial Community Health  Inc.,Aurora,NE,Nebraska,Critical access hospital (small rural),Nonprofit,Rural,14.0,2023,0.0114,332798.0,29265261.0,0,Made money,0,"Memorial Community Health  Inc. (Aurora, NE)",55,87,0.0448,0.0446
281322,Franciscan Healthcare,West Point,NE,Nebraska,Critical access hospital (small rural),Nonprofit,Rural,25.0,2023,0.1966,11653758.0,59287391.0,0,Made money,0,"Franciscan Healthcare (West Point, NE)",6,87,0.0448,0.0446
281323,Chi Health Schuyler,Schuyler,NE,Nebraska,Critical access hospital (small rural),Nonprofit,Rural,25.0,2023,-0.0351,-517250.0,14728809.0,1,1 year,1,"Chi Health Schuyler (Schuyler, NE)",71,87,0.0448,0.0446
281324,Nemaha County Hospital,Auburn,NE,Nebraska,Critical access hospital (small rural),Government,Rural,16.0,2023,0.0453,945812.0,20872333.0,0,Made money,0,"Nemaha County Hospital (Auburn, NE)",43,87,0.0448,0.0446
281325,Brown County Hospital,Ainsworth,NE,Nebraska,Critical access hospital (small rural),Government,Rural,23.0,2023,-0.0126,-159213.0,12656350.0,1,1 year,1,"Brown County Hospital (Ainsworth, NE)",63,87,0.0448,0.0446
281326,Antelope Memorial Hospital,Neligh,NE,Nebraska,Critical access hospital (small rural),Nonprofit,Rural,16.0,2023,0.0301,640919.0,21309922.0,0,Made money,0,"Antelope Memorial Hospital (Neligh, NE)",47,87,0.0448,0.0446
281327,Cozad Community Hospital,Cozad,NE,Nebraska,Critical access hospital (small rural),Government,Rural,20.0,2023,0.0568,1500330.0,26394277.0,0,Made money,0,"Cozad Community Hospital (Cozad, NE)",36,87,0.0448,0.0446
281328,Merrick Medical Center,Central City,NE,Nebraska,Critical access hospital (small rural),Nonprofit,Urban,6.0,2023,0.08,2141547.0,26757400.0,0,Made money,0,"Merrick Medical Center (Central City, NE)",29,87,0.0448,0.0446
281329,Avera St. Anthonys Hospital,Oneill,NE,Nebraska,Critical access hospital (small rural),Nonprofit,Rural,25.0,2023,0.2196,12184165.0,55472873.0,0,Made money,0,"Avera St. Anthonys Hospital (Oneill, NE)",4,87,0.0448,0.0446
281330,Warren Memorial Hospital,Friend,NE,Nebraska,Critical access hospital (small rural),Government,Rural,15.0,2023,-0.1634,-996518.0,6100357.0,2,2 years,2,"Warren Memorial Hospital (Friend, NE)",86,87,0.0448,0.0446
281331,Avera Creighton Hospital,Creighton,NE,Nebraska,Critical access hospital (small rural),Nonprofit,Rural,17.0,2023,-0.0499,-922156.0,18481301.0,5,5+ years,4,"Avera Creighton Hospital (Creighton, NE)",74,87,0.0448,0.0446
281332,Butler County Health Care Center,David City,NE,Nebraska,Critical access hospital (small rural),Government,Rural,20.0,2023,0.047,1160419.0,24677032.0,0,Made money,0,"Butler County Health Care Center (David City, NE)",41,87,0.0448,0.0446
281333,Rock County Hospital,Bassett,NE,Nebraska,Critical access hospital (small rural),Government,Rural,15.0,2023,-0.0104,-164445.0,15785401.0,1,1 year,1,"Rock County Hospital (Bassett, NE)",62,87,0.0448,0.0446
281334,Boone County Health Center,Albion,NE,Nebraska,Critical access hospital (small rural),Government,Rural,25.0,2023,0.0019,80273.0,43362651.0,0,Made money,0,"Boone County Health Center (Albion, NE)",60,87,0.0448,0.0446
281335,Callaway District Hospital,Callaway,NE,Nebraska,Critical access hospital (small rural),Government,Rural,12.0,2023,0.0625,843656.0,13498899.0,0,Made money,0,"Callaway District Hospital (Callaway, NE)",34,87,0.0448,0.0446
281336,York General Hospital Inc,York,NE,Nebraska,Critical access hospital (small rural),Nonprofit,Rural,25.0,2023,0.047,3025724.0,64383739.0,0,Made money,0,"York General Hospital Inc (York, NE)",41,87,0.0448,0.0446
281338,Howard County Medical Center,Saint Paul,NE,Nebraska,Critical access hospital (small rural),Government,Urban,10.0,2023,0.0799,2255160.0,28219042.0,0,Made money,0,"Howard County Medical Center (Saint Paul, NE)",30,87,0.0448,0.0446
281339,Memorial Health Care Systems,Seward,NE,Nebraska,Critical access hospital (small rural),Nonprofit,Urban,24.0,2023,0.1391,6698569.0,48158008.0,0,Made money,0,"Memorial Health Care Systems (Seward, NE)",17,87,0.0448,0.0446
281340,Dundy County Hospital,Benkelman,NE,Nebraska,Critical access hospital (small rural),Government,Rural,12.0,2023,-0.1131,-1441525.0,12747291.0,2,2 years,2,"Dundy County Hospital (Benkelman, NE)",80,87,0.0448,0.0446
281341,Chadron Community Hospital,Chadron,NE,Nebraska,Critical access hospital (small rural),Nonprofit,Rural,25.0,2023,-0.0607,-1875604.0,30920273.0,1,1 year,1,"Chadron Community Hospital (Chadron, NE)",77,87,0.0448,0.0446
281342,Saint Marys Hospital,Nebraska City,NE,Nebraska,Critical access hospital (small rural),Nonprofit,Rural,18.0,2023,0.0802,3339049.0,41657265.0,0,Made money,0,"Saint Marys Hospital (Nebraska City, NE)",28,87,0.0448,0.0446
281343,West Holt Memorial Hospital,Atkinson,NE,Nebraska,Critical access hospital (small rural),Nonprofit,Rural,15.0,2023,0.0135,239531.0,17698504.0,0,Made money,0,"West Holt Memorial Hospital (Atkinson, NE)",54,87,0.0448,0.0446
281344,Cherry County Hospital,Valentine,NE,Nebraska,Critical access hospital (small rural),Government,Rural,25.0,2023,-0.0208,-681491.0,32779756.0,1,1 year,1,"Cherry County Hospital (Valentine, NE)",65,87,0.0448,0.0446
281345,Providence Medical Center,Wayne,NE,Nebraska,Critical access hospital (small rural),Nonprofit,Rural,21.0,2023,0.0247,750757.0,30405042.0,0,Made money,0,"Providence Medical Center (Wayne, NE)",51,87,0.0448,0.0446
281346,Chi Health Plainview,Plainview,NE,Nebraska,Critical access hospital (small rural),Nonprofit,Rural,15.0,2023,-0.052,-512672.0,9866418.0,1,1 year,1,"Chi Health Plainview (Plainview, NE)",75,87,0.0448,0.0446
281347,Osmond General Hospital,Osmond,NE,Nebraska,Critical access hospital (small rural),Nonprofit,Rural,20.0,2023,0.0444,432097.0,9732019.0,0,Made money,0,"Osmond General Hospital (Osmond, NE)",45,87,0.0448,0.0446
281348,Tri Valley Health System,Cambridge,NE,Nebraska,Critical access hospital (small rural),Nonprofit,Rural,20.0,2023,-0.0449,-1163990.0,25901665.0,2,2 years,2,"Tri Valley Health System (Cambridge, NE)",72,87,0.0448,0.0446
281349,Pender Community Hospital District,Pender,NE,Nebraska,Critical access hospital (small rural),Government,Rural,21.0,2023,-0.1297,-4136863.0,31885167.0,1,1 year,1,"Pender Community Hospital District (Pender, NE)",84,87,0.0448,0.0446
281350,Johnson County Hospital,Tecumseh,NE,Nebraska,Critical access hospital (small rural),Government,Rural,18.0,2023,-0.0325,-687165.0,21150293.0,1,1 year,1,"Johnson County Hospital (Tecumseh, NE)",70,87,0.0448,0.0446
281351,Chase County Community Hospital,Imperial,NE,Nebraska,Critical access hospital (small rural),Government,Rural,15.0,2023,-0.022,-316708.0,14374516.0,1,1 year,1,"Chase County Community Hospital (Imperial, NE)",66,87,0.0448,0.0446
281352,Community Medical Center  Inc.,Falls City,NE,Nebraska,Critical access hospital (small rural),Nonprofit,Rural,24.0,2023,0.0643,2495257.0,38776952.0,0,Made money,0,"Community Medical Center  Inc. (Falls City, NE)",33,87,0.0448,0.0446
281353,Valley County Health System,Ord,NE,Nebraska,Critical access hospital (small rural),Government,Rural,16.0,2023,0.0972,2939860.0,30253241.0,0,Made money,0,"Valley County Health System (Ord, NE)",23,87,0.0448,0.0446
281354,Crete Area Medical Center,Crete,NE,Nebraska,Critical access hospital (small rural),Nonprofit,Rural,15.0,2023,0.1266,4529589.0,35783612.0,0,Made money,0,"Crete Area Medical Center (Crete, NE)",19,87,0.0448,0.0446
281355,Ogallala Community Hospital,Ogallala,NE,Nebraska,Critical access hospital (small rural),Nonprofit,Rural,18.0,2023,-0.1438,-3291518.0,22892372.0,6,5+ years,4,"Ogallala Community Hospital (Ogallala, NE)",85,87,0.0448,0.0446
281356,Perkins County Health Services,Grant,NE,Nebraska,Critical access hospital (small rural),Government,Rural,20.0,2023,0.055,1705480.0,31008111.0,0,Made money,0,"Perkins County Health Services (Grant, NE)",38,87,0.0448,0.0446
281357,Sidney Regional Medical Center,Sidney,NE,Nebraska,Critical access hospital (small rural),Nonprofit,Rural,19.0,2023,0.1134,8964315.0,79065711.0,0,Made money,0,"Sidney Regional Medical Center (Sidney, NE)",21,87,0.0448,0.0446
281358,Gordon Memorial Hospital District,Gordon,NE,Nebraska,Critical access hospital (small rural),Government,Rural,25.0,2023,0.021,372072.0,17698439.0,0,Made money,0,"Gordon Memorial Hospital District (Gordon, NE)",52,87,0.0448,0.0446
281359,Memorial Community Hospital,Blair,NE,Nebraska,Critical access hospital (small rural),Nonprofit,Urban,21.0,2023,0.1081,5711607.0,52822602.0,0,Made money,0,"Memorial Community Hospital (Blair, NE)",22,87,0.0448,0.0446
281360,Box Butte General Hospital,Alliance,NE,Nebraska,Critical access hospital (small rural),Government,Rural,25.0,2023,-0.115,-6556647.0,57036229.0,1,1 year,1,"Box Butte General Hospital (Alliance, NE)",81,87,0.0448,0.0446
281361,Lexington Regional Health Center,Lexington,NE,Nebraska,Critical access hospital (small rural),Government,Rural,25.0,2023,0.0259,1311416.0,50596475.0,0,Made money,0,"Lexington Regional Health Center (Lexington, NE)",50,87,0.0448,0.0446
281362,Phelps Memorial Health Center,Holdrege,NE,Nebraska,Critical access hospital (small rural),Nonprofit,Rural,25.0,2023,0.1741,16478131.0,94657244.0,0,Made money,0,"Phelps Memorial Health Center (Holdrege, NE)",10,87,0.0448,0.0446
281363,Community Hospital Assocociation,Mccook,NE,Nebraska,Critical access hospital (small rural),Nonprofit,Rural,25.0,2023,0.0028,186957.0,66135011.0,0,Made money,0,"Community Hospital Assocociation (Mccook, NE)",59,87,0.0448,0.0446
281364,Beatrice Community Hospital,Beatrice,NE,Nebraska,Critical access hospital (small rural),Nonprofit,Rural,25.0,2023,0.0947,9264149.0,97831721.0,0,Made money,0,"Beatrice Community Hospital (Beatrice, NE)",24,87,0.0448,0.0446
281365,Jennie M. Melham Memorial Med Center,Broken Bow,NE,Nebraska,Critical access hospital (small rural),Nonprofit,Rural,23.0,2023,0.0667,1441291.0,21600217.0,0,Made money,0,"Jennie M. Melham Memorial Med Center (Broken Bow, NE)",32,87,0.0448,0.0446
290001,Renown Regional Medical Center,Reno,NV,Nevada,General hospital,Nonprofit,Urban,592.0,2023,0.0562,63463840.0,1129410976.0,0,Made money,0,"Renown Regional Medical Center (Reno, NV)",19,35,0.0782,0.0446
290003,Sunrise Hospital And Medical Center,Las Vegas,NV,Nevada,General hospital,For-profit,Urban,748.0,2023,0.0092,7791058.0,843695198.0,0,Made money,0,"Sunrise Hospital And Medical Center (Las Vegas, NV)",25,35,0.0782,0.0446
290005,North Vista Hospital,North Las Vegas,NV,Nevada,General hospital,For-profit,Urban,161.0,2023,0.1205,14818304.0,122940506.0,0,Made money,0,"North Vista Hospital (North Las Vegas, NV)",14,35,0.0782,0.0446
290007,University Medical Center,Las Vegas,NV,Nevada,General hospital,Government,Urban,518.0,2023,-0.0131,-12898769.0,986792605.0,1,1 year,1,"University Medical Center (Las Vegas, NV)",26,35,0.0782,0.0446
290008,Northeastern Nevada Regional Hospita,Elko,NV,Nevada,General hospital,For-profit,Rural,59.0,2023,0.2164,19969642.0,92269574.0,0,Made money,0,"Northeastern Nevada Regional Hospita (Elko, NV)",3,35,0.0782,0.0446
290009,St Marys Regional Medical Center,Reno,NV,Nevada,General hospital,For-profit,Urban,356.0,2023,-0.1078,-19744236.0,183145430.0,2,2 years,2,"St Marys Regional Medical Center (Reno, NV)",33,35,0.0782,0.0446
290012,St. Rose Dominican - Delima,Henderson,NV,Nevada,General hospital,Nonprofit,Urban,10.0,2023,-0.0457,-1381150.0,30252356.0,2,2 years,2,"St. Rose Dominican - Delima (Henderson, NV)",30,35,0.0782,0.0446
290019,Carson Tahoe Regional Healthcare,Carson City,NV,Nevada,General hospital,Nonprofit,Urban,175.0,2023,0.1294,49972302.0,386295746.0,0,Made money,0,"Carson Tahoe Regional Healthcare (Carson City, NV)",13,35,0.0782,0.0446
290021,Valley Hospital Medical Center,Las Vegas,NV,Nevada,General hospital,For-profit,Urban,306.0,2023,0.0382,13273479.0,347189306.0,0,Made money,0,"Valley Hospital Medical Center (Las Vegas, NV)",21,35,0.0782,0.0446
290022,Desert Springs Hospital Medical Cntr,Las Vegas,NV,Nevada,General hospital,For-profit,Urban,190.0,2022,-0.3761,-69660943.0,185198574.0,1,1 year,1,"Desert Springs Hospital Medical Cntr (Las Vegas, NV)",1,1,0.0782,0.0446
290032,Northern Nevada Medical Center,Sparks,NV,Nevada,General hospital,For-profit,Urban,88.0,2023,0.0782,12829539.0,164019855.0,0,Made money,0,"Northern Nevada Medical Center (Sparks, NV)",18,35,0.0782,0.0446
290039,Mountain View Hospital,Las Vegas,NV,Nevada,General hospital,For-profit,Urban,363.0,2023,0.1491,91084783.0,610780195.0,0,Made money,0,"Mountain View Hospital (Las Vegas, NV)",9,35,0.0782,0.0446
290041,Summerlin Hospital Medical Center,Las Vegas,NV,Nevada,General hospital,For-profit,Urban,416.0,2023,0.1632,73338114.0,449336764.0,0,Made money,0,"Summerlin Hospital Medical Center (Las Vegas, NV)",6,35,0.0782,0.0446
290042,Harmon Hospital,Las Vegas,NV,Nevada,General hospital,For-profit,Urban,108.0,2023,0.1421,3547849.0,24973373.0,0,Made money,0,"Harmon Hospital (Las Vegas, NV)",10,35,0.0782,0.0446
290045,St. Rose Dominican - Siena,Henderson,NV,Nevada,General hospital,Nonprofit,Urban,326.0,2023,0.0522,30625424.0,587242307.0,0,Made money,0,"St. Rose Dominican - Siena (Henderson, NV)",20,35,0.0782,0.0446
290046,Spring Valley Hospital Medical Cntr,Las Vegas,NV,Nevada,General hospital,For-profit,Urban,334.0,2023,0.1194,52157212.0,436924361.0,0,Made money,0,"Spring Valley Hospital Medical Cntr (Las Vegas, NV)",15,35,0.0782,0.0446
290047,Southern Hills Hospital & Medical Ct,Las Vegas,NV,Nevada,General hospital,For-profit,Urban,205.0,2023,0.1572,56348446.0,358469028.0,0,Made money,0,"Southern Hills Hospital & Medical Ct (Las Vegas, NV)",7,35,0.0782,0.0446
290049,Renown South Meadows Med Ctr,Reno,NV,Nevada,General hospital,Nonprofit,Urban,60.0,2023,0.0915,16179455.0,176886775.0,0,Made money,0,"Renown South Meadows Med Ctr (Reno, NV)",17,35,0.0782,0.0446
290053,St. Rose Dominican - San Martin,Las Vegas,NV,Nevada,General hospital,Nonprofit,Urban,124.0,2023,-0.1317,-25496848.0,193647551.0,4,3-4 years,3,"St. Rose Dominican - San Martin (Las Vegas, NV)",34,35,0.0782,0.0446
290054,Centennial Hills Hospital,Las Vegas,NV,Nevada,General hospital,For-profit,Urban,327.0,2023,0.0927,30619770.0,330177950.0,0,Made money,0,"Centennial Hills Hospital (Las Vegas, NV)",16,35,0.0782,0.0446
290057,Henderson Hospital,Henderson,NV,Nevada,General hospital,For-profit,Urban,298.0,2023,0.1849,68812357.0,372217339.0,0,Made money,0,"Henderson Hospital (Henderson, NV)",5,35,0.0782,0.0446
290058,Diginty Health St Rose Dominican,North Las Vegas,NV,Nevada,General hospital,For-profit,Urban,32.0,2023,0.1864,12496845.0,67039355.0,0,Made money,0,"Diginty Health St Rose Dominican (North Las Vegas, NV)",4,35,0.0782,0.0446
290061,Northern Nevada Sierra Medical Cntr,Reno,NV,Nevada,General hospital,For-profit,Urban,170.0,2023,-0.3277,-42246903.0,128910552.0,1,1 year,1,"Northern Nevada Sierra Medical Cntr (Reno, NV)",35,35,0.0782,0.0446
291300,Mt. Grant General Hospital,Hawthorne,NV,Nevada,Critical access hospital (small rural),Government,Rural,11.0,2023,-0.0645,-1135701.0,17609793.0,2,2 years,2,"Mt. Grant General Hospital (Hawthorne, NV)",31,35,0.0782,0.0446
291301,Incline Village Hospital,Inclne Village,NV,Nevada,Critical access hospital (small rural),Government,Urban,4.0,2023,0.3528,10771683.0,30529870.0,0,Made money,0,"Incline Village Hospital (Inclne Village, NV)",1,35,0.0782,0.0446
291302,William Bee Ririe Hospital,Ely,NV,Nevada,Critical access hospital (small rural),Government,Rural,25.0,2023,0.0278,1146780.0,41319579.0,0,Made money,0,"William Bee Ririe Hospital (Ely, NV)",23,35,0.0782,0.0446
291303,Battle Mountain General Hospital,Battle Mountain,NV,Nevada,Critical access hospital (small rural),Government,Rural,5.0,2023,0.2816,6798413.0,24139786.0,0,Made money,0,"Battle Mountain General Hospital (Battle Mountain, NV)",2,35,0.0782,0.0446
291304,Pershing General Hospital,Lovelock,NV,Nevada,Critical access hospital (small rural),Government,Rural,13.0,2023,-0.0268,-464249.0,17344048.0,1,1 year,1,"Pershing General Hospital (Lovelock, NV)",29,35,0.0782,0.0446
291306,Carson Valley Medical Center,Gardnerville,NV,Nevada,Critical access hospital (small rural),Nonprofit,Rural,23.0,2023,0.1342,13839313.0,103090058.0,0,Made money,0,"Carson Valley Medical Center (Gardnerville, NV)",12,35,0.0782,0.0446
291307,Mesa View Regional Hospital,Mesquite,NV,Nevada,Critical access hospital (small rural),For-profit,Urban,25.0,2023,0.1392,6841605.0,49133156.0,0,Made money,0,"Mesa View Regional Hospital (Mesquite, NV)",11,35,0.0782,0.0446
291308,Humboldt General Hospital,Winnemucca,NV,Nevada,Critical access hospital (small rural),Government,Rural,25.0,2023,-0.0233,-1843962.0,79066247.0,5,5+ years,4,"Humboldt General Hospital (Winnemucca, NV)",28,35,0.0782,0.0446
291309,Boulder City Hospital,Boulder City,NV,Nevada,Critical access hospital (small rural),Nonprofit,Urban,25.0,2023,0.0132,516356.0,39051736.0,0,Made money,0,"Boulder City Hospital (Boulder City, NV)",24,35,0.0782,0.0446
291311,Desert View Regional Medical Center,Pahrump,NV,Nevada,Critical access hospital (small rural),For-profit,Rural,25.0,2023,0.152,6305193.0,41481106.0,0,Made money,0,"Desert View Regional Medical Center (Pahrump, NV)",8,35,0.0782,0.0446
291312,Grover C Dils Medical Center,Caliente,NV,Nevada,Critical access hospital (small rural),Government,Rural,4.0,2023,-0.0653,-603699.0,9244734.0,2,2 years,2,"Grover C Dils Medical Center (Caliente, NV)",32,35,0.0782,0.0446
291313,Banner Churchill Community Hospital,Fallon,NV,Nevada,Critical access hospital (small rural),Nonprofit,Rural,25.0,2023,0.0298,1974734.0,66196779.0,0,Made money,0,"Banner Churchill Community Hospital (Fallon, NV)",22,35,0.0782,0.0446
291314,South Lyon Medical Center,Yerington,NV,Nevada,Critical access hospital (small rural),Government,Rural,14.0,2023,-0.0171,-285352.0,16680083.0,1,1 year,1,"South Lyon Medical Center (Yerington, NV)",27,35,0.0782,0.0446
300001,Concord Hospital  Inc.,Concord,NH,New Hampshire,General hospital,Nonprofit,Rural,206.0,2023,0.103,66799931.0,648292786.0,0,Made money,0,"Concord Hospital  Inc. (Concord, NH)",11,26,0.0833,0.0446
300003,Mary Hitchcock Memorial Hosp,Lebanon,NH,New Hampshire,General hospital,Nonprofit,Rural,476.0,2023,0.0665,159807177.0,2402162560.0,0,Made money,0,"Mary Hitchcock Memorial Hosp (Lebanon, NH)",16,26,0.0833,0.0446
300005,Concord Hospital - Laconia,Laconia,NH,New Hampshire,General hospital,Nonprofit,Rural,86.0,2023,-0.0162,-2294730.0,141948884.0,2,2 years,2,"Concord Hospital - Laconia (Laconia, NH)",23,26,0.0833,0.0446
300011,St. Joseph Hospital,Nashua,NH,New Hampshire,General hospital,Nonprofit,Urban,160.0,2023,0.0516,15137736.0,293490058.0,0,Made money,0,"St. Joseph Hospital (Nashua, NH)",17,26,0.0833,0.0446
300012,Elliot Hospital,Manchester,NH,New Hampshire,General hospital,Nonprofit,Urban,215.0,2023,0.1547,114484561.0,740247544.0,0,Made money,0,"Elliot Hospital (Manchester, NH)",7,26,0.0833,0.0446
300014,Frisbie Memorial Hospital,Rochester,NH,New Hampshire,General hospital,For-profit,Urban,39.0,2023,-0.2764,-18116009.0,65544703.0,7,5+ years,4,"Frisbie Memorial Hospital (Rochester, NH)",26,26,0.0833,0.0446
300017,Parkland Medical Center,Derby,NH,New Hampshire,General hospital,For-profit,Urban,68.0,2023,0.4333,72728879.0,167834495.0,0,Made money,0,"Parkland Medical Center (Derby, NH)",2,26,0.0833,0.0446
300018,Wentworth Douglass Hospital,Dover,NH,New Hampshire,General hospital,Nonprofit,Urban,118.0,2023,0.1748,99421591.0,568927333.0,0,Made money,0,"Wentworth Douglass Hospital (Dover, NH)",5,26,0.0833,0.0446
300019,Cheshire Medical Center,Keene,NH,New Hampshire,General hospital,Nonprofit,Rural,86.0,2023,-0.0263,-7935000.0,301506000.0,5,5+ years,4,"Cheshire Medical Center (Keene, NH)",24,26,0.0833,0.0446
300020,Southern Nh Medical Center,Nashua,NH,New Hampshire,General hospital,Nonprofit,Urban,139.0,2023,0.174,70414910.0,404695998.0,0,Made money,0,"Southern Nh Medical Center (Nashua, NH)",6,26,0.0833,0.0446
300023,Exeter Hospital  Inc.,Exeter,NH,New Hampshire,General hospital,Nonprofit,Urban,99.0,2023,-0.0721,-19868400.0,275387432.0,2,2 years,2,"Exeter Hospital  Inc. (Exeter, NH)",25,26,0.0833,0.0446
300029,Portsmouth Regional Hospital,Portsmouth,NH,New Hampshire,General hospital,For-profit,Urban,177.0,2023,0.4532,174712191.0,385543057.0,0,Made money,0,"Portsmouth Regional Hospital (Portsmouth, NH)",1,26,0.0833,0.0446
300034,Catholic Medical Center,Manchester,NH,New Hampshire,General hospital,Nonprofit,Urban,262.0,2023,-0.0043,-2333441.0,536690325.0,1,1 year,1,"Catholic Medical Center (Manchester, NH)",21,26,0.0833,0.0446
301300,Upper Connecticut Valley Hospital,Colebrook,NH,New Hampshire,Critical access hospital (small rural),Nonprofit,Rural,16.0,2023,0.1926,7241106.0,37599319.0,0,Made money,0,"Upper Connecticut Valley Hospital (Colebrook, NH)",4,26,0.0833,0.0446
301301,Cottage Hospital,Woodsville,NH,New Hampshire,Critical access hospital (small rural),Nonprofit,Rural,25.0,2023,-0.0062,-261330.0,41932542.0,2,2 years,2,"Cottage Hospital (Woodsville, NH)",22,26,0.0833,0.0446
301302,Littleton Regional Healthcare,Littleton,NH,New Hampshire,Critical access hospital (small rural),Nonprofit,Rural,25.0,2023,0.0242,2926868.0,120804402.0,0,Made money,0,"Littleton Regional Healthcare (Littleton, NH)",18,26,0.0833,0.0446
301303,Weeks Medical Center,Lancaster,NH,New Hampshire,Critical access hospital (small rural),Nonprofit,Rural,25.0,2023,0.0057,485702.0,84823384.0,0,Made money,0,"Weeks Medical Center (Lancaster, NH)",20,26,0.0833,0.0446
301304,New London Hospital,New London,NH,New Hampshire,Critical access hospital (small rural),Nonprofit,Rural,25.0,2023,0.0834,8520836.0,102228636.0,0,Made money,0,"New London Hospital (New London, NH)",13,26,0.0833,0.0446
301305,Alice Peck Day Memorial Hospital,Lebanon,NH,New Hampshire,Critical access hospital (small rural),Nonprofit,Rural,24.0,2023,0.1126,13223000.0,117457628.0,0,Made money,0,"Alice Peck Day Memorial Hospital (Lebanon, NH)",10,26,0.0833,0.0446
301306,Concord Hospital - Franklin,Franklin,NH,New Hampshire,Critical access hospital (small rural),Nonprofit,Rural,25.0,2023,0.2643,9250255.0,34999712.0,0,Made money,0,"Concord Hospital - Franklin (Franklin, NH)",3,26,0.0833,0.0446
301307,Memorial Hospital,North Conway,NH,New Hampshire,Critical access hospital (small rural),Nonprofit,Rural,25.0,2023,0.0832,9597024.0,115389212.0,0,Made money,0,"Memorial Hospital (North Conway, NH)",14,26,0.0833,0.0446
301308,Valley Regional Hospital,Claremont,NH,New Hampshire,Critical access hospital (small rural),Nonprofit,Rural,25.0,2023,0.0756,5067427.0,67023588.0,0,Made money,0,"Valley Regional Hospital (Claremont, NH)",15,26,0.0833,0.0446
301309,Monadnock Community Hospital,Peterborough,NH,New Hampshire,Critical access hospital (small rural),Nonprofit,Urban,25.0,2023,0.1367,15975487.0,116904814.0,0,Made money,0,"Monadnock Community Hospital (Peterborough, NH)",8,26,0.0833,0.0446
301310,Androscoggin Valley Hospital,Berlin,NH,New Hampshire,Critical access hospital (small rural),Nonprofit,Rural,25.0,2023,0.1159,10974774.0,94718272.0,0,Made money,0,"Androscoggin Valley Hospital (Berlin, NH)",9,26,0.0833,0.0446
301311,Speare Memorial Hospital,Plymouth,NH,New Hampshire,Critical access hospital (small rural),Nonprofit,Rural,25.0,2023,0.0205,1673689.0,81641707.0,0,Made money,0,"Speare Memorial Hospital (Plymouth, NH)",19,26,0.0833,0.0446
301312,Huggins Hospital,Wolfeboro,NH,New Hampshire,Critical access hospital (small rural),Nonprofit,Rural,25.0,2023,0.0849,9081815.0,106957814.0,0,Made money,0,"Huggins Hospital (Wolfeboro, NH)",12,26,0.0833,0.0446
310001,Hackensack University Medical Center,Hackensack,NJ,New Jersey,General hospital,Nonprofit,Urban,769.0,2023,0.0334,85984946.0,2577628937.0,0,Made money,0,"Hackensack University Medical Center (Hackensack, NJ)",32,61,0.0357,0.0446
310002,Newark Beth Israel Medical Center,Newark,NJ,New Jersey,General hospital,Nonprofit,Urban,408.0,2023,0.0046,3773702.0,814741628.0,0,Made money,0,"Newark Beth Israel Medical Center (Newark, NJ)",41,61,0.0357,0.0446
310003,Palisades Medical Center,North Bergen,NJ,New Jersey,General hospital,Nonprofit,Urban,186.0,2023,-0.0277,-5605652.0,202184980.0,1,1 year,1,"Palisades Medical Center (North Bergen, NJ)",48,61,0.0357,0.0446
310005,Hunterdon Medical Center,Flemington,NJ,New Jersey,General hospital,Nonprofit,Urban,184.0,2023,0.05,22336662.0,447148279.0,0,Made money,0,"Hunterdon Medical Center (Flemington, NJ)",26,61,0.0357,0.0446
310006,St. Marys Hospital - Passaic,Passaic,NJ,New Jersey,General hospital,For-profit,Urban,122.0,2023,0.0526,9002427.0,171037046.0,0,Made money,0,"St. Marys Hospital - Passaic (Passaic, NJ)",25,61,0.0357,0.0446
310008,Holy Name Hospital,Teaneck,NJ,New Jersey,General hospital,Nonprofit,Urban,289.0,2023,0.1427,77896355.0,545923230.0,0,Made money,0,"Holy Name Hospital (Teaneck, NJ)",9,61,0.0357,0.0446
310009,Clara Maass Medical Center,Belleville,NJ,New Jersey,General hospital,Nonprofit,Urban,259.0,2023,-0.0314,-11401208.0,363194386.0,2,2 years,2,"Clara Maass Medical Center (Belleville, NJ)",49,61,0.0357,0.0446
310010,Princeton Healthcare System,Plainsboro,NJ,New Jersey,General hospital,Nonprofit,Urban,206.0,2023,0.0021,1285382.0,625577364.0,0,Made money,0,"Princeton Healthcare System (Plainsboro, NJ)",42,61,0.0357,0.0446
310011,Cape Regional Medical Center,Cape May Court House,NJ,New Jersey,General hospital,Nonprofit,Urban,149.0,2023,-0.0047,-695010.0,146378542.0,2,2 years,2,"Cape Regional Medical Center (Cape May Court House, NJ)",43,61,0.0357,0.0446
310012,The Valley Hospital,Ridgewood,NJ,New Jersey,General hospital,Nonprofit,Urban,385.0,2023,0.1814,186114876.0,1026064226.0,0,Made money,0,"The Valley Hospital (Ridgewood, NJ)",4,61,0.0357,0.0446
310014,Cooper University Hospital,Camden,NJ,New Jersey,General hospital,Nonprofit,Urban,578.0,2023,0.1478,267695000.0,1811249000.0,0,Made money,0,"Cooper University Hospital (Camden, NJ)",8,61,0.0357,0.0446
310015,Morristown Medical Center,Morristown,NJ,New Jersey,General hospital,Nonprofit,Urban,712.0,2023,0.3108,596275342.0,1918364295.0,0,Made money,0,"Morristown Medical Center (Morristown, NJ)",2,61,0.0357,0.0446
310016,Christ Hospital,Jersey City,NJ,New Jersey,General hospital,For-profit,Urban,163.0,2023,-0.197,-30166000.0,153089950.0,7,5+ years,4,"Christ Hospital (Jersey City, NJ)",60,61,0.0357,0.0446
310017,Chilton Hospital,Pompton Plains,NJ,New Jersey,General hospital,Nonprofit,Urban,180.0,2023,0.0777,21887870.0,281796770.0,0,Made money,0,"Chilton Hospital (Pompton Plains, NJ)",18,61,0.0357,0.0446
310019,St. Josephs University Medical Cent,Paterson,NJ,New Jersey,General hospital,Nonprofit,Urban,681.0,2023,0.0305,31683000.0,1039831256.0,0,Made money,0,"St. Josephs University Medical Cent (Paterson, NJ)",34,61,0.0357,0.0446
310021,St. Francis - Trenton,Trenton,NJ,New Jersey,General hospital,Nonprofit,Urban,134.0,2021,-0.3838,-42567548.0,110913584.0,1,1 year,1,"St. Francis - Trenton (Trenton, NJ)",1,1,0.0357,0.0446
310022,West Jersey Health System,Voorhees,NJ,New Jersey,General hospital,Nonprofit,Urban,589.0,2023,0.315,344348818.0,1093339010.0,0,Made money,0,"West Jersey Health System (Voorhees, NJ)",1,61,0.0357,0.0446
310024,Robert Wood Johnson Hospital @ Rahw,Rahway,NJ,New Jersey,General hospital,Nonprofit,Urban,139.0,2023,-0.0146,-1979864.0,135795070.0,3,3-4 years,3,"Robert Wood Johnson Hospital @ Rahw (Rahway, NJ)",46,61,0.0357,0.0446
310025,Bayonne Medical Center,Bayonne,NJ,New Jersey,General hospital,For-profit,Urban,131.0,2023,-0.2042,-27634000.0,135351267.0,6,5+ years,4,"Bayonne Medical Center (Bayonne, NJ)",61,61,0.0357,0.0446
310027,Trinitas Hospital,Elizabeth,NJ,New Jersey,General hospital,Nonprofit,Urban,182.0,2023,-0.1352,-42784125.0,316345474.0,2,2 years,2,"Trinitas Hospital (Elizabeth, NJ)",58,61,0.0357,0.0446
310028,Newton Medical Center,Newton,NJ,New Jersey,General hospital,Nonprofit,Urban,139.0,2023,-0.0502,-10128150.0,201573100.0,2,2 years,2,"Newton Medical Center (Newton, NJ)",52,61,0.0357,0.0446
310029,Virtua Our Lady Of Lourdes Hospital,Camden,NJ,New Jersey,General hospital,Nonprofit,Urban,279.0,2023,0.0219,10652844.0,487103160.0,0,Made money,0,"Virtua Our Lady Of Lourdes Hospital (Camden, NJ)",38,61,0.0357,0.0446
310031,Deborah Heart And Lung Center,Browns Mills,NJ,New Jersey,General hospital,Nonprofit,Urban,84.0,2023,0.0254,6324101.0,249164031.0,0,Made money,0,"Deborah Heart And Lung Center (Browns Mills, NJ)",36,61,0.0357,0.0446
310032,Inspira Medical Center Vineland,Vineland,NJ,New Jersey,General hospital,Nonprofit,Urban,280.0,2023,-0.05,-29429570.0,588199193.0,2,2 years,2,"Inspira Medical Center Vineland (Vineland, NJ)",51,61,0.0357,0.0446
310034,Riverview Medical Center,Red Bank,NJ,New Jersey,General hospital,Nonprofit,Urban,267.0,2023,0.0625,25001224.0,399744819.0,0,Made money,0,"Riverview Medical Center (Red Bank, NJ)",21,61,0.0357,0.0446
310038,Robert Wood Johnson University Hospi,New Brunswick,NJ,New Jersey,General hospital,Nonprofit,Urban,630.0,2023,-0.1238,-196860196.0,1589958555.0,2,2 years,2,"Robert Wood Johnson University Hospi (New Brunswick, NJ)",57,61,0.0357,0.0446
310039,Raritan Bay Medical Center,Perth Amboy,NJ,New Jersey,General hospital,Nonprofit,Urban,270.0,2023,0.0789,26551788.0,336563740.0,0,Made money,0,"Raritan Bay Medical Center (Perth Amboy, NJ)",17,61,0.0357,0.0446
310040,Hoboken University Medical Center,Hoboken,NJ,New Jersey,General hospital,Nonprofit,Urban,114.0,2023,-0.0794,-13734000.0,173004738.0,2,2 years,2,"Hoboken University Medical Center (Hoboken, NJ)",54,61,0.0357,0.0446
310041,Community Medical Center,Toms River,NJ,New Jersey,General hospital,Nonprofit,Urban,410.0,2023,-0.0052,-2686124.0,521320056.0,3,3-4 years,3,"Community Medical Center (Toms River, NJ)",44,61,0.0357,0.0446
310044,Capital Health Med Center - Hopewell,Hopewell,NJ,New Jersey,General hospital,Nonprofit,Urban,203.0,2023,0.0546,45654527.0,836019182.0,0,Made money,0,"Capital Health Med Center - Hopewell (Hopewell, NJ)",24,61,0.0357,0.0446
310045,Englewood Hospital & Med Ctr,Englewood,NJ,New Jersey,General hospital,Nonprofit,Urban,274.0,2023,0.0089,9697237.0,1088850675.0,0,Made money,0,"Englewood Hospital & Med Ctr (Englewood, NJ)",39,61,0.0357,0.0446
310047,Shore Memorial Hospital,Somers Point,NJ,New Jersey,General hospital,Nonprofit,Urban,199.0,2023,0.135,32691341.0,242123350.0,0,Made money,0,"Shore Memorial Hospital (Somers Point, NJ)",11,61,0.0357,0.0446
310048,Robert Wood Johnson Univ Hosp @ Som,Somerville,NJ,New Jersey,General hospital,Nonprofit,Urban,332.0,2023,-0.0422,-16285024.0,385589687.0,3,3-4 years,3,"Robert Wood Johnson Univ Hosp @ Som (Somerville, NJ)",50,61,0.0357,0.0446
310050,St. Clares  Hospital,Denville,NJ,New Jersey,General hospital,For-profit,Urban,242.0,2023,0.0484,15339366.0,317252669.0,0,Made money,0,"St. Clares  Hospital (Denville, NJ)",27,61,0.0357,0.0446
310051,Overlook Medical Center,Summit,NJ,New Jersey,General hospital,Nonprofit,Urban,442.0,2023,0.1106,107832186.0,974952827.0,0,Made money,0,"Overlook Medical Center (Summit, NJ)",12,61,0.0357,0.0446
310052,Hmh -Ocean University Medical Center,Brick,NJ,New Jersey,General hospital,Nonprofit,Urban,313.0,2023,0.0288,15787227.0,547680322.0,0,Made money,0,"Hmh -Ocean University Medical Center (Brick, NJ)",35,61,0.0357,0.0446
310054,Mountainside Hospital,Montclair,NJ,New Jersey,General hospital,For-profit,Urban,193.0,2023,0.1745,59960026.0,343677229.0,0,Made money,0,"Mountainside Hospital (Montclair, NJ)",6,61,0.0357,0.0446
310057,Virtua Mount Holly Hospital,Mt. Holly,NJ,New Jersey,General hospital,Nonprofit,Urban,312.0,2023,0.181,80761903.0,446113150.0,0,Made money,0,"Virtua Mount Holly Hospital (Mt. Holly, NJ)",5,61,0.0357,0.0446
310058,Bergen New Bridge Medical Center,Paramus,NJ,New Jersey,General hospital,Government,Urban,107.0,2023,0.0084,2632358.0,311897385.0,0,Made money,0,"Bergen New Bridge Medical Center (Paramus, NJ)",40,61,0.0357,0.0446
310060,St Lukes Warren Hospital,Phillipsburg,NJ,New Jersey,General hospital,Nonprofit,Urban,92.0,2023,0.2967,68756651.0,231723722.0,0,Made money,0,"St Lukes Warren Hospital (Phillipsburg, NJ)",3,61,0.0357,0.0446
310061,Virtua Willingboro Hospital,Willingboro,NJ,New Jersey,General hospital,Nonprofit,Urban,149.0,2023,-0.0607,-7158153.0,117996066.0,1,1 year,1,"Virtua Willingboro Hospital (Willingboro, NJ)",53,61,0.0357,0.0446
310064,Atlanticare Regional Medical Center,Pomona,NJ,New Jersey,General hospital,Nonprofit,Urban,532.0,2023,0.1357,134151834.0,988256746.0,0,Made money,0,"Atlanticare Regional Medical Center (Pomona, NJ)",10,61,0.0357,0.0446
310069,Inspira Medical Center Mullica Hill,Mullica Hill,NJ,New Jersey,General hospital,Nonprofit,Urban,286.0,2023,0.0848,43453998.0,512265721.0,0,Made money,0,"Inspira Medical Center Mullica Hill (Mullica Hill, NJ)",15,61,0.0357,0.0446
310070,St. Peters University Hospital,New Brunswick,NJ,New Jersey,General hospital,Nonprofit,Urban,352.0,2023,0.0955,57699023.0,604174356.0,0,Made money,0,"St. Peters University Hospital (New Brunswick, NJ)",14,61,0.0357,0.0446
310073,Jersey Shore University Med Ctr,Neptune,NJ,New Jersey,General hospital,Nonprofit,Urban,580.0,2023,0.0848,120341127.0,1418626765.0,0,Made money,0,"Jersey Shore University Med Ctr (Neptune, NJ)",15,61,0.0357,0.0446
310074,Jersey City Medical Center,Jersey City,NJ,New Jersey,General hospital,Nonprofit,Urban,303.0,2023,-0.0132,-7117068.0,539906701.0,4,3-4 years,3,"Jersey City Medical Center (Jersey City, NJ)",45,61,0.0357,0.0446
310075,Monmouth Medical Center,Long Branch,NJ,New Jersey,General hospital,Nonprofit,Urban,235.0,2023,0.0977,54218250.0,554663877.0,0,Made money,0,"Monmouth Medical Center (Long Branch, NJ)",13,61,0.0357,0.0446
310076,Cooperman Barnabas Medical Center,Livingston,NJ,New Jersey,General hospital,Nonprofit,Urban,597.0,2023,0.0361,43811577.0,1212257711.0,0,Made money,0,"Cooperman Barnabas Medical Center (Livingston, NJ)",30,61,0.0357,0.0446
310083,East Orange General Hospital,East Orange,NJ,New Jersey,General hospital,Government,Urban,159.0,2023,-0.0919,-8964063.0,97505544.0,12,5+ years,4,"East Orange General Hospital (East Orange, NJ)",55,61,0.0357,0.0446
310084,Monmouth Medical Center Southern Cam,Lakewood,NJ,New Jersey,General hospital,Nonprofit,Urban,201.0,2023,0.0233,3662632.0,157132266.0,0,Made money,0,"Monmouth Medical Center Southern Cam (Lakewood, NJ)",37,61,0.0357,0.0446
310086,Kennedy University Hospital,Cherry Hill,NJ,New Jersey,General hospital,Nonprofit,Urban,546.0,2023,0.0736,61353755.0,834024234.0,0,Made money,0,"Kennedy University Hospital (Cherry Hill, NJ)",19,61,0.0357,0.0446
310091,Salem Medical Center,Salem,NJ,New Jersey,General hospital,For-profit,Urban,113.0,2022,0.3948,34284479.0,86830702.0,0,Made money,0,"Salem Medical Center (Salem, NJ)",1,1,0.0357,0.0446
310092,Capital Health Regional Medical Ctr,Trenton,NJ,New Jersey,General hospital,Nonprofit,Urban,179.0,2023,-0.0953,-50384688.0,528747602.0,1,1 year,1,"Capital Health Regional Medical Ctr (Trenton, NJ)",56,61,0.0357,0.0446
310096,St. Michaels Medical Center,Newark,NJ,New Jersey,General hospital,For-profit,Urban,147.0,2023,-0.164,-26657983.0,162598103.0,2,2 years,2,"St. Michaels Medical Center (Newark, NJ)",59,61,0.0357,0.0446
310108,Jfk University Medical Center,Edison,NJ,New Jersey,General hospital,Nonprofit,Urban,353.0,2023,0.0675,64167271.0,950356940.0,0,Made money,0,"Jfk University Medical Center (Edison, NJ)",20,61,0.0357,0.0446
310110,Robert Wood Johnson Hospital @ Hami,Hamilton,NJ,New Jersey,General hospital,Nonprofit,Urban,152.0,2023,0.0357,8164655.0,228855395.0,0,Made money,0,"Robert Wood Johnson Hospital @ Hami (Hamilton, NJ)",31,61,0.0357,0.0446
310111,Centrastate Medical Center,Freehold,NJ,New Jersey,General hospital,Nonprofit,Urban,240.0,2023,0.0408,16473160.0,403620781.0,0,Made money,0,"Centrastate Medical Center (Freehold, NJ)",29,61,0.0357,0.0446
310112,Bayshore Medical Center,Holmdel,NJ,New Jersey,General hospital,Nonprofit,Urban,175.0,2023,0.0417,8269983.0,198403758.0,0,Made money,0,"Bayshore Medical Center (Holmdel, NJ)",28,61,0.0357,0.0446
310113,Southern Ocean Medical Center,Manahawkin,NJ,New Jersey,General hospital,Nonprofit,Urban,156.0,2023,0.0621,15020908.0,241974222.0,0,Made money,0,"Southern Ocean Medical Center (Manahawkin, NJ)",22,61,0.0357,0.0446
310115,Hackettstown Medical Center,Hackettstown,NJ,New Jersey,General hospital,Nonprofit,Urban,95.0,2023,0.0332,4469159.0,134768889.0,0,Made money,0,"Hackettstown Medical Center (Hackettstown, NJ)",33,61,0.0357,0.0446
310118,Hudson Regional Hospital,Secaucus,NJ,New Jersey,General hospital,For-profit,Urban,102.0,2023,0.0547,9904687.0,181151180.0,0,Made money,0,"Hudson Regional Hospital (Secaucus, NJ)",23,61,0.0357,0.0446
310119,Uh - University Hospital,Newark,NJ,New Jersey,General hospital,Government,Urban,358.0,2023,-0.017,-16921893.0,997438106.0,1,1 year,1,"Uh - University Hospital (Newark, NJ)",47,61,0.0357,0.0446
310130,Hackensack Umc At Pascack Valley,Westwood,NJ,New Jersey,General hospital,For-profit,Urban,78.0,2023,0.1577,23904367.0,151611628.0,0,Made money,0,"Hackensack Umc At Pascack Valley (Westwood, NJ)",7,61,0.0357,0.0446
320001,University Of New Mexico Hospital,Albuquerque,NM,New Mexico,General hospital,Government,Urban,508.0,2023,0.0579,104886726.0,1813064615.0,0,Made money,0,"University Of New Mexico Hospital (Albuquerque, NM)",15,34,0.0376,0.0446
320002,St. Vincent Hospital,Santa Fe,NM,New Mexico,General hospital,Nonprofit,Urban,171.0,2023,0.1221,80812187.0,661700014.0,0,Made money,0,"St. Vincent Hospital (Santa Fe, NM)",8,34,0.0376,0.0446
320003,Alta Vista Regional Hospital,Las Vegas,NM,New Mexico,General hospital,For-profit,Rural,46.0,2022,-0.3304,-7186610.0,21751273.0,3,3-4 years,3,"Alta Vista Regional Hospital (Las Vegas, NM) #320003",4,4,0.0376,0.0446
320004,Gerald Champion Regional Medical Ctr,Alamogordo,NM,New Mexico,General hospital,Nonprofit,Rural,76.0,2023,0.0875,24972076.0,285400264.0,0,Made money,0,"Gerald Champion Regional Medical Ctr (Alamogordo, NM)",13,34,0.0376,0.0446
320005,San Juan Regional Medical Center,Farmington,NM,New Mexico,General hospital,Nonprofit,Urban,182.0,2023,0.0495,19632470.0,396743705.0,0,Made money,0,"San Juan Regional Medical Center (Farmington, NM)",16,34,0.0376,0.0446
320006,Eastern New Mexico Medical Center,Roswell,NM,New Mexico,General hospital,For-profit,Rural,120.0,2023,0.649,79679707.0,122767871.0,0,Made money,0,"Eastern New Mexico Medical Center (Roswell, NM)",1,34,0.0376,0.0446
320009,Lovelace Medical Center- Downtown,Albuquerque,NM,New Mexico,General hospital,For-profit,Urban,286.0,2023,-0.0793,-27285492.0,344291233.0,2,2 years,2,"Lovelace Medical Center- Downtown (Albuquerque, NM)",29,34,0.0376,0.0446
320011,Espanola Hospital,Espanola,NM,New Mexico,General hospital,Nonprofit,Rural,70.0,2023,0.1077,11096667.0,102999434.0,0,Made money,0,"Espanola Hospital (Espanola, NM)",9,34,0.0376,0.0446
320017,Lovelace Womens Hospital,Albuquerque,NM,New Mexico,General hospital,For-profit,Urban,162.0,2023,0.1364,28592945.0,209644233.0,0,Made money,0,"Lovelace Womens Hospital (Albuquerque, NM)",6,34,0.0376,0.0446
320018,Memorial Medical Center,Las Cruces,NM,New Mexico,General hospital,For-profit,Urban,199.0,2023,0.0832,29518672.0,354674721.0,0,Made money,0,"Memorial Medical Center (Las Cruces, NM)",14,34,0.0376,0.0446
320021,Presbyterian Hospital,Albuquerque,NM,New Mexico,General hospital,Nonprofit,Urban,942.0,2023,-0.1101,-172740650.0,1568506399.0,4,3-4 years,3,"Presbyterian Hospital (Albuquerque, NM)",31,34,0.0376,0.0446
320022,Plains Regional Medical Ctr - Clovis,Clovis,NM,New Mexico,General hospital,Nonprofit,Rural,100.0,2023,0.0022,264939.0,119921399.0,0,Made money,0,"Plains Regional Medical Ctr - Clovis (Clovis, NM)",25,34,0.0376,0.0446
320030,Artesia General Hospital,Artesia,NM,New Mexico,General hospital,Nonprofit,Rural,25.0,2023,-0.027,-2032435.0,75371829.0,3,3-4 years,3,"Artesia General Hospital (Artesia, NM)",27,34,0.0376,0.0446
320033,Los Alamos Medical Center,Los Alamos,NM,New Mexico,General hospital,For-profit,Rural,47.0,2023,0.0232,1242650.0,53646478.0,0,Made money,0,"Los Alamos Medical Center (Los Alamos, NM)",21,34,0.0376,0.0446
320038,Rehoboth Mckinley Christian Hospital,Gallup,NM,New Mexico,General hospital,Nonprofit,Rural,50.0,2022,-0.3128,-19588737.0,62627012.0,2,2 years,2,"Rehoboth Mckinley Christian Hospital (Gallup, NM)",3,4,0.0376,0.0446
320063,Carlsbad Medical Center,Carlsbad,NM,New Mexico,General hospital,For-profit,Rural,53.0,2023,0.2933,33200093.0,113207134.0,0,Made money,0,"Carlsbad Medical Center (Carlsbad, NM)",3,34,0.0376,0.0446
320065,Covenant Health Hobbs Hospital,Hobbs,NM,New Mexico,General hospital,Nonprofit,Rural,25.0,2023,-0.827,-32199804.0,38933373.0,3,3-4 years,3,"Covenant Health Hobbs Hospital (Hobbs, NM)",34,34,0.0376,0.0446
320067,Guadalupe County Hospital,Santa Rosa,NM,New Mexico,General hospital,Government,Rural,10.0,2022,-0.1578,-1599291.0,10132058.0,1,1 year,1,"Guadalupe County Hospital (Santa Rosa, NM) #320067",2,4,0.0376,0.0446
320074,Lovelace Westside Hospital,Albuquerque,NM,New Mexico,General hospital,For-profit,Urban,92.0,2023,0.0365,2543396.0,69760018.0,0,Made money,0,"Lovelace Westside Hospital (Albuquerque, NM)",19,34,0.0376,0.0446
320084,Roosevelt General Hospital,Portales,NM,New Mexico,General hospital,Government,Rural,12.0,2023,0.1077,4897417.0,45479506.0,0,Made money,0,"Roosevelt General Hospital (Portales, NM)",9,34,0.0376,0.0446
320085,Mountain View Reg Med Ctr,Las Cruces,NM,New Mexico,General hospital,For-profit,Urban,166.0,2023,0.2625,69165322.0,263463921.0,0,Made money,0,"Mountain View Reg Med Ctr (Las Cruces, NM)",4,34,0.0376,0.0446
320086,Lovelace Regional Hospital-Roswell,Roswell,NM,New Mexico,General hospital,For-profit,Rural,27.0,2023,0.1075,5975899.0,55610274.0,0,Made money,0,"Lovelace Regional Hospital-Roswell (Roswell, NM)",11,34,0.0376,0.0446
320089,Unm Sandoval Regional Medical Center,Rio Rancho,NM,New Mexico,General hospital,Nonprofit,Urban,60.0,2022,-0.0464,-5312147.0,114376576.0,1,1 year,1,"Unm Sandoval Regional Medical Center (Rio Rancho, NM)",1,4,0.0376,0.0446
320090,Santa Fe Medical Center,Santa Fe,NM,New Mexico,General hospital,Nonprofit,Urban,36.0,2023,-0.2499,-25119203.0,100500609.0,5,5+ years,4,"Santa Fe Medical Center (Santa Fe, NM)",32,34,0.0376,0.0446
320091,Three Crosses Regional Hospital,Las Cruces,NM,New Mexico,General hospital,For-profit,Urban,46.0,2023,-0.4041,-28999674.0,71758647.0,1,1 year,1,"Three Crosses Regional Hospital (Las Cruces, NM)",33,34,0.0376,0.0446
320779,Guadalupe County Hospital,Santa Rosa,NM,New Mexico,General hospital,Government,Rural,,2023,0.0374,313937.0,8390425.0,0,Made money,0,"Guadalupe County Hospital (Santa Rosa, NM) #320779",18,34,0.0376,0.0446
321300,Sierra Vista Hospital,Truth Or Consequences,NM,New Mexico,Critical access hospital (small rural),Government,Rural,11.0,2023,-0.0923,-3426972.0,37115651.0,2,2 years,2,"Sierra Vista Hospital (Truth Or Consequences, NM)",30,34,0.0376,0.0446
321301,Socorro General Hospital,Socorro,NM,New Mexico,Critical access hospital (small rural),Nonprofit,Rural,24.0,2023,0.0377,1422519.0,37776900.0,0,Made money,0,"Socorro General Hospital (Socorro, NM)",17,34,0.0376,0.0446
321302,Dr. Dan C. Trigg,Tucumcari,NM,New Mexico,Critical access hospital (small rural),Nonprofit,Rural,25.0,2023,0.0252,464624.0,18410337.0,0,Made money,0,"Dr. Dan C. Trigg (Tucumcari, NM)",20,34,0.0376,0.0446
321304,Union County Gen. Hospital,Clayton,NM,New Mexico,Critical access hospital (small rural),Government,Rural,25.0,2023,0.0193,303146.0,15707780.0,0,Made money,0,"Union County Gen. Hospital (Clayton, NM)",22,34,0.0376,0.0446
321305,Nor-Lea Hospital,Lovington,NM,New Mexico,Critical access hospital (small rural),Government,Rural,25.0,2023,0.1356,22658192.0,167119174.0,0,Made money,0,"Nor-Lea Hospital (Lovington, NM)",7,34,0.0376,0.0446
321306,Lincoln County Medical Center,Ruidoso,NM,New Mexico,Critical access hospital (small rural),Nonprofit,Rural,25.0,2023,0.1674,13737005.0,82037007.0,0,Made money,0,"Lincoln County Medical Center (Ruidoso, NM)",5,34,0.0376,0.0446
321307,Miner Of Colfax Medical Center,Raton,NM,New Mexico,Critical access hospital (small rural),Government,Rural,25.0,2023,0.3287,19800652.0,60234151.0,0,Made money,0,"Miner Of Colfax Medical Center (Raton, NM)",2,34,0.0376,0.0446
321308,Cibola General Hospital,Grants,NM,New Mexico,Critical access hospital (small rural),Government,Rural,25.0,2023,-0.0712,-3860366.0,54217295.0,3,3-4 years,3,"Cibola General Hospital (Grants, NM)",28,34,0.0376,0.0446
321309,Mimbres Memorial Hospital,Deming,NM,New Mexico,Critical access hospital (small rural),For-profit,Rural,25.0,2023,0.102,5466182.0,53606367.0,0,Made money,0,"Mimbres Memorial Hospital (Deming, NM)",12,34,0.0376,0.0446
321310,Holy Cross Hospital,Taos,NM,New Mexico,Critical access hospital (small rural),Nonprofit,Rural,25.0,2023,0.0106,997545.0,94068869.0,0,Made money,0,"Holy Cross Hospital (Taos, NM)",23,34,0.0376,0.0446
321311,Gila Regional Medical Center,Silver City,NM,New Mexico,Critical access hospital (small rural),Government,Rural,25.0,2023,0.0059,547749.0,92256116.0,0,Made money,0,"Gila Regional Medical Center (Silver City, NM)",24,34,0.0376,0.0446
321312,Alta Vista Regional Hospital,Las Vegas,NM,New Mexico,Critical access hospital (small rural),For-profit,Rural,25.0,2023,0.0003,12950.0,39304230.0,0,Made money,0,"Alta Vista Regional Hospital (Las Vegas, NM) #321312",26,34,0.0376,0.0446
330005,Kaleida Health,Buffalo,NY,New York,General hospital,Nonprofit,Urban,954.0,2023,-0.0087,-14167706.0,1625782307.0,8,5+ years,4,"Kaleida Health (Buffalo, NY)",91,153,0.0092,0.0446
330006,St. Josephs Medical Center,Yonkers,NY,New York,General hospital,Nonprofit,Urban,122.0,2023,0.014,4076612.0,290950808.0,0,Made money,0,"St. Josephs Medical Center (Yonkers, NY)",73,153,0.0092,0.0446
330008,Wyoming County Community Hospital,Warsaw,NY,New York,General hospital,Government,Rural,47.0,2023,0.0294,2674272.0,90919468.0,0,Made money,0,"Wyoming County Community Hospital (Warsaw, NY)",58,153,0.0092,0.0446
330009,Bronxcare Health System,Bronx,NY,New York,General hospital,Nonprofit,Urban,454.0,2023,0.0259,23821908.0,919928447.0,0,Made money,0,"Bronxcare Health System (Bronx, NY)",63,153,0.0092,0.0446
330011,Our Lady Of Lourdes Memorial Hosp,Binghamton,NY,New York,General hospital,Nonprofit,Urban,175.0,2023,-0.0985,-48005796.0,487310410.0,3,3-4 years,3,"Our Lady Of Lourdes Memorial Hosp (Binghamton, NY)",134,153,0.0092,0.0446
330013,Albany Medical Center Hospital,Albany,NY,New York,General hospital,Nonprofit,Urban,719.0,2023,0.0298,42957421.0,1443934612.0,0,Made money,0,"Albany Medical Center Hospital (Albany, NY)",57,153,0.0092,0.0446
330014,Jamaica Hospital Medical Center,Jamaica,NY,New York,General hospital,Nonprofit,Urban,281.0,2023,-0.0533,-40800371.0,765419816.0,2,2 years,2,"Jamaica Hospital Medical Center (Jamaica, NY)",123,153,0.0092,0.0446
330019,Ny Community Hospital Of Brooklyn (D,Brooklyn,NY,New York,General hospital,Nonprofit,Urban,134.0,2023,0.0347,4268630.0,122965016.0,0,Made money,0,"Ny Community Hospital Of Brooklyn (D (Brooklyn, NY)",53,153,0.0092,0.0446
330023,Vassar Brothers Medical Center,Poughkeepsie,NY,New York,General hospital,Nonprofit,Urban,345.0,2023,-0.0321,-24479134.0,761423574.0,2,2 years,2,"Vassar Brothers Medical Center (Poughkeepsie, NY)",108,153,0.0092,0.0446
330024,Mount Sinai Hospital,New York,NY,New York,General hospital,Nonprofit,Urban,1052.0,2023,-0.0985,-385788000.0,3914686880.0,2,2 years,2,"Mount Sinai Hospital (New York, NY)",134,153,0.0092,0.0446
330027,Nassau University Medical Center,East Meadow,NY,New York,General hospital,Government,Urban,326.0,2023,-0.0344,-23113665.0,672064850.0,5,5+ years,4,"Nassau University Medical Center (East Meadow, NY)",111,153,0.0092,0.0446
330028,Richmond University Medical Center,Staten Island,NY,New York,General hospital,Nonprofit,Urban,209.0,2023,-0.0369,-18483499.0,500357194.0,5,5+ years,4,"Richmond University Medical Center (Staten Island, NY)",114,153,0.0092,0.0446
330030,Newark Wayne Community Hospital,Newark,NY,New York,General hospital,Nonprofit,Urban,101.0,2023,0.0188,2166536.0,115166040.0,0,Made money,0,"Newark Wayne Community Hospital (Newark, NY)",72,153,0.0092,0.0446
330033,Chenango Memorial Hospital,Norwich,NY,New York,General hospital,Nonprofit,Rural,58.0,2023,0.0401,3782477.0,94227258.0,0,Made money,0,"Chenango Memorial Hospital (Norwich, NY)",50,153,0.0092,0.0446
330043,South Shore University Hospital,Bay Shore,NY,New York,General hospital,Nonprofit,Urban,312.0,2023,0.034,36667589.0,1077513877.0,0,Made money,0,"South Shore University Hospital (Bay Shore, NY)",54,153,0.0092,0.0446
330044,Faxton-St. Lukes Healthcare,Utica,NY,New York,General hospital,Nonprofit,Urban,346.0,2023,0.0007,313391.0,467088304.0,0,Made money,0,"Faxton-St. Lukes Healthcare (Utica, NY)",84,153,0.0092,0.0446
330045,Huntington Hospital,Huntington,NY,New York,General hospital,Nonprofit,Urban,269.0,2023,0.243,215285395.0,886024103.0,0,Made money,0,"Huntington Hospital (Huntington, NY)",3,153,0.0092,0.0446
330046,Mount Sinai St. Lukes Roosevelt Hosp,New York,NY,New York,General hospital,Nonprofit,Urban,633.0,2023,0.0471,83766695.0,1778023398.0,0,Made money,0,"Mount Sinai St. Lukes Roosevelt Hosp (New York, NY)",48,153,0.0092,0.0446
330047,St. Marys Healthcare,Amsterdam,NY,New York,General hospital,Nonprofit,Rural,100.0,2023,-0.0275,-5045929.0,183614030.0,3,3-4 years,3,"St. Marys Healthcare (Amsterdam, NY)",105,153,0.0092,0.0446
330049,Northern Dutchess Hospital,Rhinebeck,NY,New York,General hospital,Nonprofit,Urban,79.0,2023,0.028,5117804.0,183031558.0,0,Made money,0,"Northern Dutchess Hospital (Rhinebeck, NY)",61,153,0.0092,0.0446
330055,Newyork-Presbyterian/Queens,Flushing,NY,New York,General hospital,Nonprofit,Urban,476.0,2023,0.0236,39403064.0,1673131732.0,0,Made money,0,"Newyork-Presbyterian/Queens (Flushing, NY)",68,153,0.0092,0.0446
330056,The Brooklyn Hospital Center,Brooklyn,NY,New York,General hospital,Nonprofit,Urban,236.0,2023,-0.1286,-55244745.0,429581616.0,1,1 year,1,"The Brooklyn Hospital Center (Brooklyn, NY)",142,153,0.0092,0.0446
330057,St. Peters Hospital,Albany,NY,New York,General hospital,Nonprofit,Urban,502.0,2023,0.0969,77672093.0,801869730.0,0,Made money,0,"St. Peters Hospital (Albany, NY)",20,153,0.0092,0.0446
330058,Geneva General Hospital,Geneva,NY,New York,General hospital,Nonprofit,Urban,117.0,2023,-0.1534,-19958000.0,130069363.0,4,3-4 years,3,"Geneva General Hospital (Geneva, NY)",144,153,0.0092,0.0446
330059,Montefiore Medical Center,Bronx,NY,New York,General hospital,Nonprofit,Urban,1444.0,2023,0.0288,146130000.0,5078035000.0,0,Made money,0,"Montefiore Medical Center (Bronx, NY)",59,153,0.0092,0.0446
330065,Niagara Falls Memorial Medical Cente,Niagara Falls,NY,New York,General hospital,Nonprofit,Urban,133.0,2023,0.0055,743675.0,134499116.0,0,Made money,0,"Niagara Falls Memorial Medical Cente (Niagara Falls, NY)",80,153,0.0092,0.0446
330073,United Memorial Medical Center,Batavia,NY,New York,General hospital,Nonprofit,Rural,126.0,2023,0.0647,10342388.0,159808961.0,0,Made money,0,"United Memorial Medical Center (Batavia, NY)",33,153,0.0092,0.0446
330074,Fredrick Ferris Thompson Hospital,Canandaigua,NY,New York,General hospital,Nonprofit,Urban,113.0,2023,-0.0306,-7033599.0,229616661.0,2,2 years,2,"Fredrick Ferris Thompson Hospital (Canandaigua, NY)",107,153,0.0092,0.0446
330078,Sisters Of Charity Hospital,Buffalo,NY,New York,General hospital,Nonprofit,Urban,343.0,2023,-0.0293,-12366551.0,421478309.0,6,5+ years,4,"Sisters Of Charity Hospital (Buffalo, NY)",106,153,0.0092,0.0446
330079,Adirondack Medical Center,Saranac Lake,NY,New York,General hospital,Nonprofit,Rural,83.0,2023,-0.0129,-1733721.0,134285302.0,2,2 years,2,"Adirondack Medical Center (Saranac Lake, NY)",94,153,0.0092,0.0446
330080,Lincoln Medical&Mental Health Center,Bronx,NY,New York,General hospital,Government,Urban,287.0,2023,0.0313,29821850.0,953517528.0,0,Made money,0,"Lincoln Medical&Mental Health Center (Bronx, NY)",56,153,0.0092,0.0446
330084,Alice Hyde Medical Center,Malone,NY,New York,General hospital,Nonprofit,Rural,36.0,2023,-0.11,-10540138.0,95802061.0,3,3-4 years,3,"Alice Hyde Medical Center (Malone, NY)",137,153,0.0092,0.0446
330085,Aurelia Osborn Fox Memorial Hospital,Oneonta,NY,New York,General hospital,Nonprofit,Rural,53.0,2023,-0.0222,-2065326.0,92836870.0,2,2 years,2,"Aurelia Osborn Fox Memorial Hospital (Oneonta, NY)",99,153,0.0092,0.0446
330086,The Mount Vernon Hospital,Mount Vernon,NY,New York,General hospital,Nonprofit,Urban,63.0,2023,-0.5155,-31822000.0,61725679.0,3,3-4 years,3,"The Mount Vernon Hospital (Mount Vernon, NY)",153,153,0.0092,0.0446
330090,Arnot-Ogden Medical Center,Elmira,NY,New York,General hospital,Nonprofit,Urban,191.0,2023,0.014,6044024.0,431662323.0,0,Made money,0,"Arnot-Ogden Medical Center (Elmira, NY)",73,153,0.0092,0.0446
330094,Columbia Memorial Hospital,Hudson,NY,New York,General hospital,Nonprofit,Rural,192.0,2023,-0.2333,-33332945.0,142877738.0,2,2 years,2,"Columbia Memorial Hospital (Hudson, NY)",147,153,0.0092,0.0446
330096,Jones Memorial Hospital,Wellsville,NY,New York,General hospital,Nonprofit,Rural,49.0,2023,0.0753,6165220.0,81924866.0,0,Made money,0,"Jones Memorial Hospital (Wellsville, NY)",31,153,0.0092,0.0446
330100,New York Eye And Ear Infirmary,New York,NY,New York,General hospital,Nonprofit,Urban,15.0,2023,-0.0635,-8254650.0,129896350.0,4,3-4 years,3,"New York Eye And Ear Infirmary (New York, NY)",125,153,0.0092,0.0446
330101,New York Presbyterian Hospital,New York,NY,New York,General hospital,Nonprofit,Urban,2850.0,2023,0.1177,1202576000.0,10217052733.0,0,Made money,0,"New York Presbyterian Hospital (New York, NY)",16,153,0.0092,0.0446
330102,Kenmore Mercy Hospital,Kenmore,NY,New York,General hospital,Nonprofit,Urban,159.0,2023,-0.0246,-4829129.0,196424433.0,5,5+ years,4,"Kenmore Mercy Hospital (Kenmore, NY)",102,153,0.0092,0.0446
330103,Upper Allegheny Health System,Olean,NY,New York,General hospital,Nonprofit,Rural,202.0,2023,-0.0532,-10619511.0,199603698.0,2,2 years,2,"Upper Allegheny Health System (Olean, NY)",122,153,0.0092,0.0446
330104,Montefiore Nyack Hospital,Nyack,NY,New York,General hospital,Nonprofit,Urban,237.0,2023,-0.0107,-3717321.0,349012368.0,10,5+ years,4,"Montefiore Nyack Hospital (Nyack, NY)",93,153,0.0092,0.0446
330106,North Shore University Hospital,Manhasset,NY,New York,General hospital,Nonprofit,Urban,782.0,2023,0.0459,174834739.0,3811695515.0,0,Made money,0,"North Shore University Hospital (Manhasset, NY)",49,153,0.0092,0.0446
330107,Peconic Bay Medical Center,New Hyde Park,NY,New York,General hospital,Nonprofit,Urban,130.0,2023,0.0026,904511.0,344884115.0,0,Made money,0,"Peconic Bay Medical Center (New Hyde Park, NY)",82,153,0.0092,0.0446
330111,Bertrand Chaffee Hospital,Springville,NY,New York,General hospital,Nonprofit,Urban,23.0,2023,-0.0325,-1123809.0,34625961.0,2,2 years,2,"Bertrand Chaffee Hospital (Springville, NY)",109,153,0.0092,0.0446
330115,Oneida Health,Oneida,NY,New York,General hospital,Nonprofit,Urban,101.0,2023,-0.0082,-1204017.0,147320465.0,2,2 years,2,"Oneida Health (Oneida, NY)",89,153,0.0092,0.0446
330119,Lenox Hill Hospital,New York,NY,New York,General hospital,Nonprofit,Urban,415.0,2023,0.0238,46779523.0,1963589798.0,0,Made money,0,"Lenox Hill Hospital (New York, NY)",67,153,0.0092,0.0446
330125,Rochester General Hospital,Rochester,NY,New York,General hospital,Nonprofit,Urban,470.0,2023,-0.0086,-12673446.0,1482044791.0,2,2 years,2,"Rochester General Hospital (Rochester, NY)",90,153,0.0092,0.0446
330126,Garnet Health Medical Center,Middletown,NY,New York,General hospital,Nonprofit,Urban,329.0,2023,-0.0926,-55148724.0,595492300.0,2,2 years,2,"Garnet Health Medical Center (Middletown, NY)",133,153,0.0092,0.0446
330127,Jacobi Medical Center,Bronx,NY,New York,General hospital,Government,Urban,440.0,2023,-0.0074,-10628765.0,1429780663.0,1,1 year,1,"Jacobi Medical Center (Bronx, NY)",87,153,0.0092,0.0446
330128,Elmhurst Hospital Center,Elmhurst,NY,New York,General hospital,Government,Urban,358.0,2023,0.0929,106964050.0,1151454550.0,0,Made money,0,"Elmhurst Hospital Center (Elmhurst, NY)",24,153,0.0092,0.0446
330135,Bon Secours Community Hospital,Port Jervis,NY,New York,General hospital,Nonprofit,Urban,62.0,2023,0.1933,16670268.0,86260360.0,0,Made money,0,"Bon Secours Community Hospital (Port Jervis, NY)",6,153,0.0092,0.0446
330136,Mary Imogene Bassett Hospital,Cooperstown,NY,New York,General hospital,Nonprofit,Rural,160.0,2023,-0.0489,-33488080.0,685068255.0,2,2 years,2,"Mary Imogene Bassett Hospital (Cooperstown, NY)",121,153,0.0092,0.0446
330140,St. Josephs Hospital Health Center,Syracuse,NY,New York,General hospital,Nonprofit,Urban,318.0,2023,0.0085,5164649.0,607006920.0,0,Made money,0,"St. Josephs Hospital Health Center (Syracuse, NY)",78,153,0.0092,0.0446
330141,Long Island Community Hospital,Patchogue,NY,New York,General hospital,Nonprofit,Urban,157.0,2023,-0.0418,-15490411.0,370941364.0,4,3-4 years,3,"Long Island Community Hospital (Patchogue, NY)",116,153,0.0092,0.0446
330144,Ira Davenport Memorial Hospital  Inc,Bath,NY,New York,General hospital,Nonprofit,Rural,15.0,2023,0.1671,6044024.0,36176578.0,0,Made money,0,"Ira Davenport Memorial Hospital  Inc (Bath, NY)",7,153,0.0092,0.0446
330151,St. James Hospital,Hornell,NY,New York,General hospital,Nonprofit,Rural,15.0,2023,0.0252,1551457.0,61603475.0,0,Made money,0,"St. James Hospital (Hornell, NY)",65,153,0.0092,0.0446
330153,Ellis Hospital,Schenectady,NY,New York,General hospital,Nonprofit,Urban,270.0,2023,-0.0267,-11489482.0,430323562.0,4,3-4 years,3,"Ellis Hospital (Schenectady, NY)",104,153,0.0092,0.0446
330154,Memorial Hospital For Cancer And All,New York,NY,New York,General hospital,Nonprofit,Urban,514.0,2023,0.0253,156844000.0,6201156089.0,0,Made money,0,"Memorial Hospital For Cancer And All (New York, NY)",64,153,0.0092,0.0446
330157,Samaritan Medical Center,Watertown,NY,New York,General hospital,Nonprofit,Urban,165.0,2023,0.0354,11904174.0,336478605.0,0,Made money,0,"Samaritan Medical Center (Watertown, NY)",52,153,0.0092,0.0446
330158,Good Samaritan Hospital,Suffern,NY,New York,General hospital,Nonprofit,Urban,286.0,2023,-0.0556,-20624328.0,370929079.0,1,1 year,1,"Good Samaritan Hospital (Suffern, NY)",124,153,0.0092,0.0446
330160,Staten Island University Hospital,Staten Island,NY,New York,General hospital,Nonprofit,Urban,544.0,2023,-0.0792,-131673252.0,1662246708.0,2,2 years,2,"Staten Island University Hospital (Staten Island, NY)",128,153,0.0092,0.0446
330162,Northern Westchester Hospital,Mount Kisco,NY,New York,General hospital,Nonprofit,Urban,162.0,2023,0.151,80239639.0,531254761.0,0,Made money,0,"Northern Westchester Hospital (Mount Kisco, NY)",10,153,0.0092,0.0446
330163,Eastern Niagara Hospital,Lockport,NY,New York,General hospital,Nonprofit,Urban,109.0,2022,-0.157,-5087090.0,32411019.0,7,5+ years,4,"Eastern Niagara Hospital (Lockport, NY)",1,2,0.0092,0.0446
330164,Highland Hospital,Rochester,NY,New York,General hospital,Nonprofit,Urban,261.0,2023,0.0472,26109782.0,553183342.0,0,Made money,0,"Highland Hospital (Rochester, NY)",47,153,0.0092,0.0446
330166,Westfield Memorial Hospital,Westfield,NY,New York,General hospital,Nonprofit,Rural,4.0,2023,-0.4851,-4486190.0,9248054.0,13,5+ years,4,"Westfield Memorial Hospital (Westfield, NY)",152,153,0.0092,0.0446
330169,Mount Sinai Health System-Beth Israe,New York,NY,New York,General hospital,Nonprofit,Urban,432.0,2023,0.086,107766000.0,1252903970.0,0,Made money,0,"Mount Sinai Health System-Beth Israe (New York, NY)",26,153,0.0092,0.0446
330175,Guthrie Cortland Medical Center,Cortland,NY,New York,General hospital,Nonprofit,Rural,84.0,2023,0.1268,18193950.0,143485346.0,0,Made money,0,"Guthrie Cortland Medical Center (Cortland, NY)",13,153,0.0092,0.0446
330180,Samaritan Hospital,Troy,NY,New York,General hospital,Nonprofit,Urban,252.0,2023,0.1244,57887978.0,465157408.0,0,Made money,0,"Samaritan Hospital (Troy, NY)",14,153,0.0092,0.0446
330181,Glen Cove Hospital,Glen Cove,NY,New York,General hospital,Nonprofit,Urban,57.0,2023,-0.0098,-2358983.0,241258936.0,6,5+ years,4,"Glen Cove Hospital (Glen Cove, NY)",92,153,0.0092,0.0446
330182,St. Francis Hospital,Roslyn,NY,New York,General hospital,Nonprofit,Urban,354.0,2023,0.1319,136475422.0,1034567856.0,0,Made money,0,"St. Francis Hospital (Roslyn, NY)",11,153,0.0092,0.0446
330184,Montefiore New Rochelle Hospital,New Rochelle,NY,New York,General hospital,Nonprofit,Urban,141.0,2023,-0.2667,-49366000.0,185081902.0,5,5+ years,4,"Montefiore New Rochelle Hospital (New Rochelle, NY)",150,153,0.0092,0.0446
330185,Mather Hospital,Port Jefferson,NY,New York,General hospital,Nonprofit,Urban,195.0,2023,0.0025,1063420.0,418570264.0,0,Made money,0,"Mather Hospital (Port Jefferson, NY)",83,153,0.0092,0.0446
330188,Mount St. Marys Hospital,Lewiston,NY,New York,General hospital,Nonprofit,Urban,175.0,2023,0.0999,14704961.0,147149970.0,0,Made money,0,"Mount St. Marys Hospital (Lewiston, NY)",19,153,0.0092,0.0446
330191,Glens Falls Hospital,Glens Falls,NY,New York,General hospital,Nonprofit,Urban,391.0,2023,-0.0367,-14816661.0,403690146.0,2,2 years,2,"Glens Falls Hospital (Glens Falls, NY)",113,153,0.0092,0.0446
330193,Flushing Hospital Medical Center,Flushing,NY,New York,General hospital,Nonprofit,Urban,247.0,2023,0.0919,37177747.0,404689412.0,0,Made money,0,"Flushing Hospital Medical Center (Flushing, NY)",25,153,0.0092,0.0446
330194,Maimonides Medical Center,Brooklyn,NY,New York,General hospital,Nonprofit,Urban,641.0,2023,-0.0645,-78897897.0,1223743095.0,3,3-4 years,3,"Maimonides Medical Center (Brooklyn, NY)",126,153,0.0092,0.0446
330195,Long Island Jewish Medical Center,New Hyde Park,NY,New York,General hospital,Nonprofit,Urban,1153.0,2023,0.0613,261420592.0,4267771667.0,0,Made money,0,"Long Island Jewish Medical Center (New Hyde Park, NY)",36,153,0.0092,0.0446
330196,Nyc Health + Hospital / South Brookl,Brooklyn,NY,New York,General hospital,Government,Urban,252.0,2023,0.0204,15665927.0,768584445.0,0,Made money,0,"Nyc Health + Hospital / South Brookl (Brooklyn, NY)",70,153,0.0092,0.0446
330197,Canton-Potsdam Hospital,Potsdam,NY,New York,General hospital,Nonprofit,Rural,94.0,2023,0.0092,2370337.0,258450496.0,0,Made money,0,"Canton-Potsdam Hospital (Potsdam, NY)",77,153,0.0092,0.0446
330198,South Nassau Communities Hospital,Oceanside,NY,New York,General hospital,Nonprofit,Urban,312.0,2023,0.0224,17224354.0,769161632.0,0,Made money,0,"South Nassau Communities Hospital (Oceanside, NY)",69,153,0.0092,0.0446
330199,Metropolitan Hospital Center,New York,NY,New York,General hospital,Government,Urban,196.0,2023,-0.0421,-22027434.0,522919259.0,2,2 years,2,"Metropolitan Hospital Center (New York, NY)",117,153,0.0092,0.0446
330202,Nyc Health+Hospital/Kings County,Brooklyn,NY,New York,General hospital,Government,Urban,381.0,2023,0.0202,26808201.0,1328900193.0,0,Made money,0,"Nyc Health+Hospital/Kings County (Brooklyn, NY)",71,153,0.0092,0.0446
330203,Crouse Hospital,Syracuse,NY,New York,General hospital,Nonprofit,Urban,502.0,2023,0.0393,22020005.0,560091064.0,0,Made money,0,"Crouse Hospital (Syracuse, NY)",51,153,0.0092,0.0446
330204,Bellevue Hospital Center,New York,NY,New York,General hospital,Government,Urban,527.0,2023,-0.0029,-4893774.0,1694007644.0,2,2 years,2,"Bellevue Hospital Center (New York, NY)",85,153,0.0092,0.0446
330205,St Anthonys Community Hospital,Warwick,NY,New York,General hospital,Nonprofit,Urban,60.0,2023,0.0968,8613647.0,88959125.0,0,Made money,0,"St Anthonys Community Hospital (Warwick, NY)",21,153,0.0092,0.0446
330208,St. Johns Riverside Hospital,Yonkers,NY,New York,General hospital,Nonprofit,Urban,319.0,2023,-0.1515,-47511907.0,313535746.0,1,1 year,1,"St. Johns Riverside Hospital (Yonkers, NY)",143,153,0.0092,0.0446
330211,Claxton Hepburn Medical Center,Ogdensburg,NY,New York,General hospital,Nonprofit,Rural,38.0,2023,0.0933,13440508.0,144046043.0,0,Made money,0,"Claxton Hepburn Medical Center (Ogdensburg, NY)",23,153,0.0092,0.0446
330214,Nyu Langone Hospitals,New York,NY,New York,General hospital,Nonprofit,Urban,1609.0,2023,0.0524,507150000.0,9671239481.0,0,Made money,0,"Nyu Langone Hospitals (New York, NY)",43,153,0.0092,0.0446
330215,Rome Memorial Hospital  Inc.,Rome,NY,New York,General hospital,Nonprofit,Urban,79.0,2023,-0.1131,-11670391.0,103153647.0,2,2 years,2,"Rome Memorial Hospital  Inc. (Rome, NY)",140,153,0.0092,0.0446
330218,Oswego Hospital,Oswego,NY,New York,General hospital,Nonprofit,Urban,132.0,2023,0.0858,15530608.0,181057542.0,0,Made money,0,"Oswego Hospital (Oswego, NY)",27,153,0.0092,0.0446
330219,Erie County Medical Center,Buffalo,NY,New York,General hospital,Government,Urban,410.0,2023,-0.0072,-6210715.0,867436452.0,4,3-4 years,3,"Erie County Medical Center (Buffalo, NY)",86,153,0.0092,0.0446
330221,Wyckoff Heights Medical Center,Brooklyn,NY,New York,General hospital,Nonprofit,Urban,240.0,2023,-0.0237,-9842359.0,415324324.0,3,3-4 years,3,"Wyckoff Heights Medical Center (Brooklyn, NY)",100,153,0.0092,0.0446
330222,Saratoga Hospital,Saratoga Springs,NY,New York,General hospital,Nonprofit,Urban,171.0,2023,-0.0241,-11759903.0,487986023.0,2,2 years,2,"Saratoga Hospital (Saratoga Springs, NY)",101,153,0.0092,0.0446
330223,Massena Memorial Hospital,Massena,NY,New York,General hospital,Nonprofit,Rural,25.0,2023,-0.0199,-1079910.0,54137961.0,3,3-4 years,3,"Massena Memorial Hospital (Massena, NY)",97,153,0.0092,0.0446
330224,Healthalliance Hospital Marys Ave Ca,Kingston,NY,New York,General hospital,Nonprofit,Urban,111.0,2023,-0.1062,-18857300.0,177503239.0,2,2 years,2,"Healthalliance Hospital Marys Ave Ca (Kingston, NY)",136,153,0.0092,0.0446
330226,The Unity Hospital Of Rochester,Rochester,NY,New York,General hospital,For-profit,Urban,283.0,2023,0.0104,7744721.0,744304238.0,0,Made money,0,"The Unity Hospital Of Rochester (Rochester, NY)",76,153,0.0092,0.0446
330229,Brooks-Tlc Hospital System  Inc.,Dunkirk,NY,New York,General hospital,Nonprofit,Rural,61.0,2023,0.1317,9070794.0,68896242.0,0,Made money,0,"Brooks-Tlc Hospital System  Inc. (Dunkirk, NY)",12,153,0.0092,0.0446
330231,Queens Hospital Center,Jamaica,NY,New York,General hospital,Government,Urban,200.0,2023,0.1589,129291640.0,813797770.0,0,Made money,0,"Queens Hospital Center (Jamaica, NY)",8,153,0.0092,0.0446
330233,Brookdale Hospital Medical Center,Brooklyn,NY,New York,General hospital,Nonprofit,Urban,450.0,2023,-0.0795,-94934573.0,1193977748.0,7,5+ years,4,"Brookdale Hospital Medical Center (Brooklyn, NY)",129,153,0.0092,0.0446
330234,Westchester Medical Center,Valhalla,NY,New York,General hospital,Government,Urban,696.0,2023,0.0051,9389530.0,1848992900.0,0,Made money,0,"Westchester Medical Center (Valhalla, NY)",81,153,0.0092,0.0446
330235,Auburn Memorial Hospital,Auburn,NY,New York,General hospital,Nonprofit,Rural,85.0,2023,0.0773,13616100.0,176056254.0,0,Made money,0,"Auburn Memorial Hospital (Auburn, NY)",30,153,0.0092,0.0446
330236,New York-Presbyterian/Brooklyn Metho,Brooklyn,NY,New York,General hospital,Nonprofit,Urban,516.0,2021,0.1055,103822000.0,983737995.0,0,Made money,0,"New York-Presbyterian/Brooklyn Metho (Brooklyn, NY)",1,2,0.0092,0.0446
330238,Nicholas H. Noyes Memorial Hospital,Dansville,NY,New York,General hospital,Nonprofit,Urban,67.0,2023,0.0287,2618988.0,91302722.0,0,Made money,0,"Nicholas H. Noyes Memorial Hospital (Dansville, NY)",60,153,0.0092,0.0446
330239,Upmc Chautauqua At Wca,Jamestown,NY,New York,General hospital,Nonprofit,Rural,257.0,2023,0.0832,13839687.0,166408025.0,0,Made money,0,"Upmc Chautauqua At Wca (Jamestown, NY)",28,153,0.0092,0.0446
330240,Harlem Hospital Center,New York,NY,New York,General hospital,Government,Urban,217.0,2023,-0.0208,-13418733.0,645730447.0,2,2 years,2,"Harlem Hospital Center (New York, NY)",98,153,0.0092,0.0446
330241,University Hospital At Syracuse,Syracuse,NY,New York,General hospital,Government,Urban,645.0,2023,0.0315,62780100.0,1993235760.0,0,Made money,0,"University Hospital At Syracuse (Syracuse, NY)",55,153,0.0092,0.0446
330245,St. Elizabeth Medical Center,Utica,NY,New York,General hospital,Nonprofit,Urban,177.0,2023,-0.0729,-14339994.0,196696414.0,5,5+ years,4,"St. Elizabeth Medical Center (Utica, NY)",127,153,0.0092,0.0446
330246,St Charles Hospital,Port Jeffereson,NY,New York,General hospital,Nonprofit,Urban,167.0,2023,-0.0359,-8729000.0,242963657.0,2,2 years,2,"St Charles Hospital (Port Jeffereson, NY)",112,153,0.0092,0.0446
330250,Champlain Valley Physicians Hospital,Plattsburgh,NY,New York,General hospital,Nonprofit,Rural,286.0,2023,-0.0812,-34385636.0,423253650.0,2,2 years,2,"Champlain Valley Physicians Hospital (Plattsburgh, NY)",131,153,0.0092,0.0446
330259,Mercy Medical Center,Rockville Centre,NY,New York,General hospital,Nonprofit,Urban,152.0,2023,-0.1117,-34849544.0,312005494.0,8,5+ years,4,"Mercy Medical Center (Rockville Centre, NY)",138,153,0.0092,0.0446
330261,Phelps Memorial Hospital Center,Sleepy Hollow,NY,New York,General hospital,Nonprofit,Urban,111.0,2023,0.0829,41153597.0,496242546.0,0,Made money,0,"Phelps Memorial Hospital Center (Sleepy Hollow, NY)",29,153,0.0092,0.0446
330264,St. Lukes Cornwall Hospital,Newburgh,NY,New York,General hospital,Nonprofit,Urban,193.0,2023,-0.0195,-4973053.0,254702097.0,2,2 years,2,"St. Lukes Cornwall Hospital (Newburgh, NY)",96,153,0.0092,0.0446
330265,Clifton Springs Hospital & Clinic,Clifton Springs,NY,New York,General hospital,Nonprofit,Urban,77.0,2023,0.1231,17224742.0,139972983.0,0,Made money,0,"Clifton Springs Hospital & Clinic (Clifton Springs, NY)",15,153,0.0092,0.0446
330267,New York Presbyterian Hudson Valley,Cortlandt Manor,NY,New York,General hospital,Nonprofit,Urban,128.0,2023,0.0265,7445000.0,281351003.0,0,Made money,0,"New York Presbyterian Hudson Valley (Cortlandt Manor, NY)",62,153,0.0092,0.0446
330270,Hospital For Special Surgery,New York,NY,New York,General hospital,Nonprofit,Urban,166.0,2023,0.0949,162348728.0,1710538814.0,0,Made money,0,"Hospital For Special Surgery (New York, NY)",22,153,0.0092,0.0446
330273,Putnam Hospital Center,Carmel,NY,New York,General hospital,Nonprofit,Urban,88.0,2023,-0.2454,-28706130.0,116961298.0,4,3-4 years,3,"Putnam Hospital Center (Carmel, NY)",149,153,0.0092,0.0446
330276,Nathan Littauer Hospital & Nursing H,Gloversville,NY,New York,General hospital,Nonprofit,Rural,57.0,2023,-0.0889,-10733913.0,120688056.0,3,3-4 years,3,"Nathan Littauer Hospital & Nursing H (Gloversville, NY)",132,153,0.0092,0.0446
330277,Corning Hospital,Corning,NY,New York,General hospital,Nonprofit,Rural,65.0,2023,0.2039,44019616.0,215874507.0,0,Made money,0,"Corning Hospital (Corning, NY)",5,153,0.0092,0.0446
330279,Mercy Hospital Of Buffalo,Buffalo,NY,New York,General hospital,Nonprofit,Urban,346.0,2023,-0.037,-17711913.0,479327081.0,5,5+ years,4,"Mercy Hospital Of Buffalo (Buffalo, NY)",115,153,0.0092,0.0446
330285,Strong Memorial Hospital,Rochester,NY,New York,General hospital,Nonprofit,Urban,749.0,2023,0.0585,214632269.0,3667172093.0,0,Made money,0,"Strong Memorial Hospital (Rochester, NY)",41,153,0.0092,0.0446
330286,Good Samaritan Hospital,West Islip,NY,New York,General hospital,Nonprofit,Urban,437.0,2023,0.0115,9655000.0,842420869.0,0,Made money,0,"Good Samaritan Hospital (West Islip, NY)",75,153,0.0092,0.0446
330304,White Plains Hospital,White Plains,NY,New York,General hospital,Nonprofit,Urban,292.0,2023,0.0598,75844000.0,1268720000.0,0,Made money,0,"White Plains Hospital (White Plains, NY)",38,153,0.0092,0.0446
330307,Cayuga Medical Center At Ithaca,Ithaca,NY,New York,General hospital,Nonprofit,Urban,89.0,2023,-0.0482,-16286767.0,338116455.0,2,2 years,2,"Cayuga Medical Center At Ithaca (Ithaca, NY)",120,153,0.0092,0.0446
330331,Plainview Hospital,Plainview,NY,New York,General hospital,Nonprofit,Urban,156.0,2023,0.0075,2217538.0,297629129.0,0,Made money,0,"Plainview Hospital (Plainview, NY)",79,153,0.0092,0.0446
330332,St. Joseph Hospital,Bethpage,NY,New York,General hospital,Nonprofit,Urban,203.0,2023,-0.1219,-19803000.0,162460124.0,2,2 years,2,"St. Joseph Hospital (Bethpage, NY)",141,153,0.0092,0.0446
330350,University Hospital Of Brooklyn,Brooklyn,NY,New York,General hospital,Government,Urban,268.0,2023,0.0482,27259545.0,565006996.0,0,Made money,0,"University Hospital Of Brooklyn (Brooklyn, NY)",46,153,0.0092,0.0446
330354,Roswell Park Cancer Institute,Buffalo,NY,New York,General hospital,Government,Urban,157.0,2023,-0.0465,-54834717.0,1178352736.0,1,1 year,1,"Roswell Park Cancer Institute (Buffalo, NY)",118,153,0.0092,0.0446
330386,Garnet Health Medical Center - Catsk,Harris,NY,New York,General hospital,Nonprofit,Rural,76.0,2023,-0.1554,-13552457.0,87201793.0,3,3-4 years,3,"Garnet Health Medical Center - Catsk (Harris, NY)",145,153,0.0092,0.0446
330393,Stony Brook University Hospital,Stony Brook,NY,New York,General hospital,Government,Urban,725.0,2023,-0.0255,-54432470.0,2130661180.0,1,1 year,1,"Stony Brook University Hospital (Stony Brook, NY)",103,153,0.0092,0.0446
330394,Uhs Hospitals,Binghamton,NY,New York,General hospital,Nonprofit,Urban,329.0,2023,-0.0077,-7556234.0,980096600.0,4,3-4 years,3,"Uhs Hospitals (Binghamton, NY)",88,153,0.0092,0.0446
330395,Episcopal Health Services,Far Rockaway,NY,New York,General hospital,Nonprofit,Urban,140.0,2023,0.0247,9638575.0,390686181.0,0,Made money,0,"Episcopal Health Services (Far Rockaway, NY)",66,153,0.0092,0.0446
330396,Woodhull Hospital Center,Brooklyn,NY,New York,General hospital,Government,Urban,238.0,2023,0.0638,42162353.0,661075715.0,0,Made money,0,"Woodhull Hospital Center (Brooklyn, NY)",35,153,0.0092,0.0446
330399,Sbh Health System,Bronx,NY,New York,General hospital,Nonprofit,Urban,283.0,2023,0.0508,28965378.0,569659014.0,0,Made money,0,"Sbh Health System (Bronx, NY)",44,153,0.0092,0.0446
330401,St. Catherine Of Siena Medical Cente,Smithtown,NY,New York,General hospital,Nonprofit,Urban,254.0,2023,-0.0477,-13230000.0,277128018.0,3,3-4 years,3,"St. Catherine Of Siena Medical Cente (Smithtown, NY)",119,153,0.0092,0.0446
330405,Helen Hayes Hospital,West Haverstraw,NY,New York,General hospital,Government,Urban,,2023,-0.1856,-10417169.0,56141566.0,3,3-4 years,3,"Helen Hayes Hospital (West Haverstraw, NY)",146,153,0.0092,0.0446
330406,Sunnyview Hospital And Rehabilitatio,Schenectady,NY,New York,General hospital,Nonprofit,Urban,17.0,2023,0.0647,4561432.0,70530911.0,0,Made money,0,"Sunnyview Hospital And Rehabilitatio (Schenectady, NY)",33,153,0.0092,0.0446
340008,Scotland Memorial Hospital,Laurinburg,NC,North Carolina,General hospital,Nonprofit,Rural,104.0,2023,0.1504,38611100.0,256805433.0,0,Made money,0,"Scotland Memorial Hospital (Laurinburg, NC)",25,100,0.0764,0.0446
330410,Terence Cardinal Cooke Health Care,New York,NY,New York,General hospital,Nonprofit,Urban,56.0,2023,-0.0148,-1607564.0,108823562.0,2,2 years,2,"Terence Cardinal Cooke Health Care (New York, NY)",95,153,0.0092,0.0446
330411,Unity Speciality Hospital,Rochester,NY,New York,General hospital,Nonprofit,Urban,33.0,2021,-0.9371,-2678533.0,2858289.0,1,1 year,1,"Unity Speciality Hospital (Rochester, NY)",2,2,0.0092,0.0446
331301,Cuba Memorial Hospital Inc,Cuba,NY,New York,Critical access hospital (small rural),Nonprofit,Rural,20.0,2023,-0.2373,-2258778.0,9516956.0,1,1 year,1,"Cuba Memorial Hospital Inc (Cuba, NY)",148,153,0.0092,0.0446
331302,Elizabethtown Community Hospital,Elizabethtown,NY,New York,Critical access hospital (small rural),Nonprofit,Rural,25.0,2023,0.1114,7249869.0,65091480.0,0,Made money,0,"Elizabethtown Community Hospital (Elizabethtown, NY)",17,153,0.0092,0.0446
331303,Garnet Health Medical Center - Catsk,Callicoon,NY,New York,Critical access hospital (small rural),Nonprofit,Rural,15.0,2023,0.5112,5185275.0,10142573.0,0,Made money,0,"Garnet Health Medical Center - Catsk (Callicoon, NY)",2,153,0.0092,0.0446
331304,Margaretville Hospital,Margaretville,NY,New York,Critical access hospital (small rural),Nonprofit,Rural,15.0,2023,-0.4031,-7802595.0,19356399.0,3,3-4 years,3,"Margaretville Hospital (Margaretville, NY)",151,153,0.0092,0.0446
331305,Oconnor Hospital,Delhi,NY,New York,Critical access hospital (small rural),Nonprofit,Rural,16.0,2023,0.0672,1555662.0,23162907.0,0,Made money,0,"Oconnor Hospital (Delhi, NY)",32,153,0.0092,0.0446
331307,Clifton-Fine Hospital,Star Lake,NY,New York,Critical access hospital (small rural),Nonprofit,Rural,20.0,2023,-0.0797,-851471.0,10683458.0,2,2 years,2,"Clifton-Fine Hospital (Star Lake, NY)",130,153,0.0092,0.0446
331309,River Hospital,Alexandria Bay,NY,New York,Critical access hospital (small rural),Nonprofit,Urban,25.0,2023,0.0602,1924318.0,31950761.0,0,Made money,0,"River Hospital (Alexandria Bay, NY)",37,153,0.0092,0.0446
331310,Ellenville Regional Hospital,Ellenville,NY,New York,Critical access hospital (small rural),Nonprofit,Urban,25.0,2023,0.1542,5084569.0,32967851.0,0,Made money,0,"Ellenville Regional Hospital (Ellenville, NY)",9,153,0.0092,0.0446
331311,Little Falls Hospital,Little Falls,NY,New York,Critical access hospital (small rural),Nonprofit,Urban,25.0,2023,0.0506,2439888.0,48194040.0,0,Made money,0,"Little Falls Hospital (Little Falls, NY)",45,153,0.0092,0.0446
331312,Delaware Valley Hospital,Walton,NY,New York,Critical access hospital (small rural),Nonprofit,Rural,25.0,2023,0.2352,9832086.0,41810703.0,0,Made money,0,"Delaware Valley Hospital (Walton, NY)",4,153,0.0092,0.0446
331313,Schuyler Hospital,Montour Falls,NY,New York,Critical access hospital (small rural),Nonprofit,Rural,25.0,2022,-0.1604,-6282545.0,39171434.0,1,1 year,1,"Schuyler Hospital (Montour Falls, NY)",2,2,0.0092,0.0446
331314,Soldiers & Sailors Memorial Hospital,Penn Yan,NY,New York,Critical access hospital (small rural),Nonprofit,Urban,25.0,2023,0.1031,5563393.0,53979254.0,0,Made money,0,"Soldiers & Sailors Memorial Hospital (Penn Yan, NY)",18,153,0.0092,0.0446
331315,Gouverneur Hospital,Gouverneur,NY,New York,Critical access hospital (small rural),Nonprofit,Rural,25.0,2023,0.0587,1839094.0,31329151.0,0,Made money,0,"Gouverneur Hospital (Gouverneur, NY)",40,153,0.0092,0.0446
331316,Community Memorial Hospital,Hamilton,NY,New York,Critical access hospital (small rural),Nonprofit,Urban,25.0,2023,-0.033,-1990548.0,60271074.0,1,1 year,1,"Community Memorial Hospital (Hamilton, NY)",110,153,0.0092,0.0446
331317,Lewis County General Hospital,Lowville,NY,New York,Critical access hospital (small rural),Government,Rural,25.0,2023,0.7558,70120181.0,92781734.0,0,Made money,0,"Lewis County General Hospital (Lowville, NY)",1,153,0.0092,0.0446
331318,Carthage Area Hospital,Carthage,NY,New York,Critical access hospital (small rural),Nonprofit,Urban,25.0,2023,0.0577,4683121.0,81223350.0,0,Made money,0,"Carthage Area Hospital (Carthage, NY)",42,153,0.0092,0.0446
331319,Medina Memorial Hospital,Medina,NY,New York,Critical access hospital (small rural),Nonprofit,Urban,25.0,2023,-0.1123,-3367533.0,29995845.0,2,2 years,2,"Medina Memorial Hospital (Medina, NY)",139,153,0.0092,0.0446
331320,Bassett Hospital Of Schoharie County,Cobleskill,NY,New York,Critical access hospital (small rural),Nonprofit,Urban,25.0,2023,0.0588,2545335.0,43267348.0,0,Made money,0,"Bassett Hospital Of Schoharie County (Cobleskill, NY)",39,153,0.0092,0.0446
340001,Atrium Health Cabarrus,Concord,NC,North Carolina,General hospital,Government,Urban,447.0,2023,0.1953,175460219.0,898565134.0,0,Made money,0,"Atrium Health Cabarrus (Concord, NC)",14,100,0.0764,0.0446
340002,Mission Hospital  Inc,Asheville,NC,North Carolina,General hospital,For-profit,Urban,717.0,2023,0.1552,217738374.0,1402520042.0,0,Made money,0,"Mission Hospital  Inc (Asheville, NC)",24,100,0.0764,0.0446
340003,Northern Hosp Of Surry Co,Mount Airy,NC,North Carolina,General hospital,Government,Rural,100.0,2023,0.0304,4126899.0,135948100.0,0,Made money,0,"Northern Hosp Of Surry Co (Mount Airy, NC)",70,100,0.0764,0.0446
340004,High Point Medical Center,High Point,NC,North Carolina,General hospital,Nonprofit,Urban,288.0,2023,0.1065,52497569.0,493164719.0,0,Made money,0,"High Point Medical Center (High Point, NC)",38,100,0.0764,0.0446
340010,Wayne Memorial Hospital,Goldsboro,NC,North Carolina,General hospital,Nonprofit,Urban,245.0,2023,0.1953,72461463.0,371031343.0,0,Made money,0,"Wayne Memorial Hospital (Goldsboro, NC)",14,100,0.0764,0.0446
340013,Rutherford Hospital  Inc.,Rutherfordton,NC,North Carolina,General hospital,For-profit,Rural,119.0,2023,0.1129,12390351.0,109784529.0,0,Made money,0,"Rutherford Hospital  Inc. (Rutherfordton, NC)",35,100,0.0764,0.0446
340014,Forsyth Memorial Hospital  Inc,Winston Salem,NC,North Carolina,General hospital,Nonprofit,Urban,906.0,2023,-0.0202,-30977647.0,1536056235.0,2,2 years,2,"Forsyth Memorial Hospital  Inc (Winston Salem, NC)",84,100,0.0764,0.0446
340015,Rowan Regional Hospital,Salisbury,NC,North Carolina,General hospital,Nonprofit,Urban,181.0,2023,-0.0642,-19160198.0,298525204.0,1,1 year,1,"Rowan Regional Hospital (Salisbury, NC)",89,100,0.0764,0.0446
340016,Harris Regional Hospital,Sylva,NC,North Carolina,General hospital,For-profit,Rural,82.0,2023,0.0703,10269000.0,146099601.0,0,Made money,0,"Harris Regional Hospital (Sylva, NC)",55,100,0.0764,0.0446
340017,Margaret R. Pardee Memorial Hospital,Hendersonville,NC,North Carolina,General hospital,Government,Urban,160.0,2023,0.0105,4573417.0,434334080.0,0,Made money,0,"Margaret R. Pardee Memorial Hospital (Hendersonville, NC)",80,100,0.0764,0.0446
340020,Central Carolina Hospital,Sanford,NC,North Carolina,General hospital,For-profit,Rural,127.0,2023,0.0052,423737.0,81492924.0,0,Made money,0,"Central Carolina Hospital (Sanford, NC)",82,100,0.0764,0.0446
340021,Atrium Health Cleveland,Shelby,NC,North Carolina,General hospital,Government,Rural,308.0,2023,0.1353,47854197.0,353618146.0,0,Made money,0,"Atrium Health Cleveland (Shelby, NC)",28,100,0.0764,0.0446
340023,Adventhealth Hendersonville,Hendersonville,NC,North Carolina,General hospital,Nonprofit,Urban,98.0,2023,0.1081,32179262.0,297663119.0,0,Made money,0,"Adventhealth Hendersonville (Hendersonville, NC)",36,100,0.0764,0.0446
340024,Sampson Regional Medical Center,Clinton,NC,North Carolina,General hospital,Nonprofit,Rural,67.0,2023,0.0116,824683.0,70933999.0,0,Made money,0,"Sampson Regional Medical Center (Clinton, NC)",79,100,0.0764,0.0446
340027,Lenoir Memorial Hospital,Kinston,NC,North Carolina,General hospital,Nonprofit,Rural,178.0,2023,0.0391,5998277.0,153217072.0,0,Made money,0,"Lenoir Memorial Hospital (Kinston, NC)",67,100,0.0764,0.0446
340028,Cape Fear Valley Medical Center,Fayetteville,NC,North Carolina,General hospital,Government,Urban,675.0,2023,0.0523,54808871.0,1047290134.0,0,Made money,0,"Cape Fear Valley Medical Center (Fayetteville, NC)",62,100,0.0764,0.0446
340030,Duke University Hospital,Durham,NC,North Carolina,General hospital,Nonprofit,Urban,1079.0,2023,0.0854,349336553.0,4091253727.0,0,Made money,0,"Duke University Hospital (Durham, NC)",48,100,0.0764,0.0446
340032,Gaston Memorial Hospital,Gastonia,NC,North Carolina,General hospital,Nonprofit,Urban,424.0,2023,0.1223,90103444.0,736712774.0,0,Made money,0,"Gaston Memorial Hospital (Gastonia, NC)",31,100,0.0764,0.0446
340039,Iredell Memorial Hospital,Statesville,NC,North Carolina,General hospital,Nonprofit,Urban,155.0,2023,0.1009,26430558.0,261884460.0,0,Made money,0,"Iredell Memorial Hospital (Statesville, NC)",41,100,0.0764,0.0446
340040,Pitt County Memorial Hospital Inc,Greenville,NC,North Carolina,General hospital,Nonprofit,Urban,1013.0,2023,0.0762,127517623.0,1673239501.0,0,Made money,0,"Pitt County Memorial Hospital Inc (Greenville, NC)",51,100,0.0764,0.0446
340041,Caldwell Memorial Hospital,Lenoir,NC,North Carolina,General hospital,Government,Urban,137.0,2023,0.0123,2304438.0,186803106.0,0,Made money,0,"Caldwell Memorial Hospital (Lenoir, NC)",78,100,0.0764,0.0446
340042,Onslow Memorial Hospital,Jacksonville,NC,North Carolina,General hospital,Government,Urban,162.0,2023,0.1074,19685389.0,183277905.0,0,Made money,0,"Onslow Memorial Hospital (Jacksonville, NC)",37,100,0.0764,0.0446
340047,North Carolina Baptist Hospital,Winston-Salem,NC,North Carolina,General hospital,Nonprofit,Urban,813.0,2023,0.0156,43175034.0,2766183043.0,0,Made money,0,"North Carolina Baptist Hospital (Winston-Salem, NC)",76,100,0.0764,0.0446
340049,North Carolina Specialty Hospital,Durham,NC,North Carolina,General hospital,For-profit,Urban,18.0,2023,0.1317,9417918.0,71486952.0,0,Made money,0,"North Carolina Specialty Hospital (Durham, NC)",30,100,0.0764,0.0446
340050,S.E. Regl Medical Center,Lumberton,NC,North Carolina,General hospital,Nonprofit,Rural,186.0,2023,0.0005,166928.0,346057255.0,0,Made money,0,"S.E. Regl Medical Center (Lumberton, NC)",83,100,0.0764,0.0446
340051,Watauga Medical Center,Boone,NC,North Carolina,General hospital,Government,Rural,121.0,2023,0.0419,9065828.0,216453126.0,0,Made money,0,"Watauga Medical Center (Boone, NC)",65,100,0.0764,0.0446
340053,Presbyterian Hospital,Charlotte,NC,North Carolina,General hospital,Nonprofit,Urban,580.0,2023,0.1,172702280.0,1726226485.0,0,Made money,0,"Presbyterian Hospital (Charlotte, NC)",42,100,0.0764,0.0446
340060,Unc Rockingham Hospital,Eden,NC,North Carolina,General hospital,Government,Urban,108.0,2023,-0.2231,-13054112.0,58510494.0,4,3-4 years,3,"Unc Rockingham Hospital (Eden, NC)",98,100,0.0764,0.0446
340061,University Of North Carolina Hosp.,Chapel Hill,NC,North Carolina,General hospital,Government,Urban,809.0,2023,0.1376,465666347.0,3384073135.0,0,Made money,0,"University Of North Carolina Hosp. (Chapel Hill, NC)",27,100,0.0764,0.0446
340064,Wrmc Hospital Operating Corporation,North Wilkesboro,NC,North Carolina,General hospital,Government,Rural,77.0,2023,0.0563,8165177.0,144902047.0,0,Made money,0,"Wrmc Hospital Operating Corporation (North Wilkesboro, NC)",59,100,0.0764,0.0446
340068,Columbus Regional Healthcare System,Whiteville,NC,North Carolina,General hospital,Government,Rural,154.0,2023,0.0703,8327840.0,118389714.0,0,Made money,0,"Columbus Regional Healthcare System (Whiteville, NC)",55,100,0.0764,0.0446
340069,Wakemed Raleigh Campus,Raleigh,NC,North Carolina,General hospital,Nonprofit,Urban,617.0,2023,0.0628,82593385.0,1315403308.0,0,Made money,0,"Wakemed Raleigh Campus (Raleigh, NC)",58,100,0.0764,0.0446
340070,Alamance Regional Medical Center,Burlington,NC,North Carolina,General hospital,Nonprofit,Urban,176.0,2023,0.1057,31021425.0,293455173.0,0,Made money,0,"Alamance Regional Medical Center (Burlington, NC)",39,100,0.0764,0.0446
340071,Harnett Health System,Dunn,NC,North Carolina,General hospital,Government,Urban,74.0,2023,0.0077,1003896.0,130545969.0,0,Made money,0,"Harnett Health System (Dunn, NC)",81,100,0.0764,0.0446
340073,Duke Raleigh Hospital,Raleigh,NC,North Carolina,General hospital,Nonprofit,Urban,194.0,2023,0.0537,34646908.0,645410719.0,0,Made money,0,"Duke Raleigh Hospital (Raleigh, NC)",60,100,0.0764,0.0446
340075,Blue Ridge Healthcare Hospitals,Morganton,NC,North Carolina,General hospital,Nonprofit,Urban,156.0,2023,0.1669,58792326.0,352344210.0,0,Made money,0,"Blue Ridge Healthcare Hospitals (Morganton, NC)",19,100,0.0764,0.0446
340084,Atrium Health Anson,Wadesboro,NC,North Carolina,General hospital,Government,Urban,15.0,2023,0.209,6244005.0,29872959.0,0,Made money,0,"Atrium Health Anson (Wadesboro, NC)",13,100,0.0764,0.0446
340085,Thomasville Medical Center,Thomasville,NC,North Carolina,General hospital,Nonprofit,Urban,73.0,2023,0.1674,71398639.0,426562122.0,0,Made money,0,"Thomasville Medical Center (Thomasville, NC)",18,100,0.0764,0.0446
340087,The Mcdowell Hospital,Marion,NC,North Carolina,General hospital,For-profit,Rural,33.0,2023,-0.0481,-3608249.0,74958766.0,2,2 years,2,"The Mcdowell Hospital (Marion, NC)",87,100,0.0764,0.0446
340090,Johnston Health,Smithfield,NC,North Carolina,General hospital,Government,Urban,179.0,2023,0.09,34348140.0,381567845.0,0,Made money,0,"Johnston Health (Smithfield, NC)",44,100,0.0764,0.0446
340091,The Moses H. Cone Memorial Hospital,Greensboro,NC,North Carolina,General hospital,Nonprofit,Urban,760.0,2023,0.0334,47419740.0,1417996555.0,0,Made money,0,"The Moses H. Cone Memorial Hospital (Greensboro, NC)",68,100,0.0764,0.0446
340096,Lexington Memorial Hospital  Inc.,Lexington,NC,North Carolina,General hospital,Nonprofit,Urban,70.0,2023,0.1154,17796227.0,154161299.0,0,Made money,0,"Lexington Memorial Hospital  Inc. (Lexington, NC)",33,100,0.0764,0.0446
340097,Hugh Chatham Memorial Hospital,Elkin,NC,North Carolina,General hospital,Nonprofit,Rural,81.0,2023,-0.0384,-5193689.0,135330081.0,2,2 years,2,"Hugh Chatham Memorial Hospital (Elkin, NC)",85,100,0.0764,0.0446
340098,Atrium Health Pineville,Charlotte,NC,North Carolina,General hospital,Government,Urban,352.0,2023,0.3008,199534027.0,663280857.0,0,Made money,0,"Atrium Health Pineville (Charlotte, NC)",3,100,0.0764,0.0446
340099,East Carolina Health,Ahoskie,NC,North Carolina,General hospital,Nonprofit,Rural,52.0,2023,-0.0904,-7718550.0,85423845.0,2,2 years,2,"East Carolina Health (Ahoskie, NC)",91,100,0.0764,0.0446
340107,East Carolina Health - Heritage Inc,Tarboro,NC,North Carolina,General hospital,Nonprofit,Urban,101.0,2023,0.0657,6883627.0,104762209.0,0,Made money,0,"East Carolina Health - Heritage Inc (Tarboro, NC)",57,100,0.0764,0.0446
340109,Sentara Albemarle Regl Med Ctr Llc,Elizabeth City,NC,North Carolina,General hospital,Nonprofit,Rural,98.0,2023,0.0257,4350000.0,169514916.0,0,Made money,0,"Sentara Albemarle Regl Med Ctr Llc (Elizabeth City, NC)",73,100,0.0764,0.0446
340113,Carolinas Medical Center,Charlotte,NC,North Carolina,General hospital,Government,Urban,1191.0,2023,0.0766,297086866.0,3879798717.0,0,Made money,0,"Carolinas Medical Center (Charlotte, NC)",50,100,0.0764,0.0446
340114,Rex Hospital,Raleigh,NC,North Carolina,General hospital,Government,Urban,489.0,2023,0.0448,78861000.0,1762010000.0,0,Made money,0,"Rex Hospital (Raleigh, NC)",64,100,0.0764,0.0446
340115,Firsthealth Moore Regional Hospital,Pinehurst,NC,North Carolina,General hospital,Nonprofit,Rural,412.0,2023,0.1568,165862890.0,1057690609.0,0,Made money,0,"Firsthealth Moore Regional Hospital (Pinehurst, NC)",23,100,0.0764,0.0446
340116,Frye Regional Medical Center,Hickory,NC,North Carolina,General hospital,For-profit,Urban,226.0,2023,-0.0416,-11288035.0,271195931.0,4,3-4 years,3,"Frye Regional Medical Center (Hickory, NC)",86,100,0.0764,0.0446
340119,Atrium Health Stanly,Albemarle,NC,North Carolina,General hospital,Government,Urban,97.0,2023,0.1707,20667184.0,121047087.0,0,Made money,0,"Atrium Health Stanly (Albemarle, NC)",17,100,0.0764,0.0446
340120,Duplin General Hospital Incorporated,Kenansville,NC,North Carolina,General hospital,Nonprofit,Rural,49.0,2023,0.03,2299118.0,76739433.0,0,Made money,0,"Duplin General Hospital Incorporated (Kenansville, NC)",71,100,0.0764,0.0446
340123,American Healthcare Systems,Asheboro,NC,North Carolina,General hospital,Nonprofit,Urban,145.0,2023,0.1573,20723449.0,131727297.0,0,Made money,0,"American Healthcare Systems (Asheboro, NC)",22,100,0.0764,0.0446
340126,Wilson Medical Center,Wilson,NC,North Carolina,General hospital,Nonprofit,Rural,100.0,2023,0.0777,13970112.0,179763411.0,0,Made money,0,"Wilson Medical Center (Wilson, NC)",49,100,0.0764,0.0446
340127,Granville Medical Center,Oxford,NC,North Carolina,General hospital,Government,Urban,42.0,2023,0.0272,2558801.0,94064121.0,0,Made money,0,"Granville Medical Center (Oxford, NC)",72,100,0.0764,0.0446
340129,Lake Norman Regional Medical Center,Mooresville,NC,North Carolina,General hospital,For-profit,Urban,123.0,2023,0.2364,33994269.0,143796044.0,0,Made money,0,"Lake Norman Regional Medical Center (Mooresville, NC)",9,100,0.0764,0.0446
340130,Atrium Health Union,Monroe,NC,North Carolina,General hospital,Government,Urban,183.0,2023,0.2173,83651114.0,385018144.0,0,Made money,0,"Atrium Health Union (Monroe, NC)",12,100,0.0764,0.0446
340131,Carolinaeast Medical Center,New Bern,NC,North Carolina,General hospital,Government,Urban,309.0,2023,0.0722,46587876.0,645572091.0,0,Made money,0,"Carolinaeast Medical Center (New Bern, NC)",52,100,0.0764,0.0446
340132,Maria Parham Medical Center,Henderson,NC,North Carolina,General hospital,For-profit,Rural,111.0,2023,0.0236,3684917.0,155838972.0,0,Made money,0,"Maria Parham Medical Center (Henderson, NC)",74,100,0.0764,0.0446
340133,Martin General Hospital,Williamston,NC,North Carolina,General hospital,For-profit,Rural,43.0,2021,-0.1404,-3783269.0,26940428.0,11,5+ years,4,"Martin General Hospital (Williamston, NC)",2,2,0.0764,0.0446
340141,New Hanover Regional Medical Center,Wilmington,NC,North Carolina,General hospital,Nonprofit,Urban,771.0,2023,0.0151,25174866.0,1669244183.0,0,Made money,0,"New Hanover Regional Medical Center (Wilmington, NC)",77,100,0.0764,0.0446
340142,Carteret County General Hospital Com,Morehead City,NC,North Carolina,General hospital,Government,Rural,99.0,2023,0.1172,25342304.0,216249602.0,0,Made money,0,"Carteret County General Hospital Com (Morehead City, NC)",32,100,0.0764,0.0446
340143,Catawba Valley Medical Center,Hickory,NC,North Carolina,General hospital,Government,Urban,200.0,2023,0.0873,38316741.0,438760639.0,0,Made money,0,"Catawba Valley Medical Center (Hickory, NC)",45,100,0.0764,0.0446
340144,Davis Regional Medical Center,Statesville,NC,North Carolina,General hospital,For-profit,Urban,118.0,2022,-0.0745,-3809710.0,51171067.0,1,1 year,1,"Davis Regional Medical Center (Statesville, NC)",1,1,0.0764,0.0446
340145,Atrium Health Lincoln,Lincolnton,NC,North Carolina,General hospital,Government,Urban,101.0,2023,0.3316,57915089.0,174643286.0,0,Made money,0,"Atrium Health Lincoln (Lincolnton, NC)",2,100,0.0764,0.0446
340147,Nash Hospitals Inc,Rocky Mount,NC,North Carolina,General hospital,Government,Urban,322.0,2023,0.1382,49370389.0,357132539.0,0,Made money,0,"Nash Hospitals Inc (Rocky Mount, NC)",26,100,0.0764,0.0446
340148,Medical Park Hospital,Winston-Salem,NC,North Carolina,General hospital,Nonprofit,Urban,22.0,2023,0.1709,15857423.0,92779799.0,0,Made money,0,"Medical Park Hospital (Winston-Salem, NC)",16,100,0.0764,0.0446
340151,Halifax Regional Medical Center Inc,Roanoke Rapids,NC,North Carolina,General hospital,Nonprofit,Rural,100.0,2023,-0.2267,-21365555.0,94235366.0,3,3-4 years,3,"Halifax Regional Medical Center Inc (Roanoke Rapids, NC)",99,100,0.0764,0.0446
340155,Duke Regional Hospital,Durham,NC,North Carolina,General hospital,Government,Urban,301.0,2023,-0.0618,-31283049.0,506000580.0,5,5+ years,4,"Duke Regional Hospital (Durham, NC)",88,100,0.0764,0.0446
340158,Brunswick Medical Center,Bolivia,NC,North Carolina,General hospital,Nonprofit,Urban,65.0,2023,0.1148,17630929.0,153589461.0,0,Made money,0,"Brunswick Medical Center (Bolivia, NC)",34,100,0.0764,0.0446
340159,Person Memorial Hospital Inc,Roxoboro,NC,North Carolina,General hospital,For-profit,Urban,38.0,2023,-0.1137,-4787773.0,42099212.0,13,5+ years,4,"Person Memorial Hospital Inc (Roxoboro, NC)",93,100,0.0764,0.0446
340166,Atrium Health University City,Charlotte,NC,North Carolina,General hospital,Government,Urban,104.0,2023,0.3668,127693355.0,348162735.0,0,Made money,0,"Atrium Health University City (Charlotte, NC)",1,100,0.0764,0.0446
340168,Wilmington Treatment Center Inc,Wilmington,NC,North Carolina,General hospital,For-profit,Urban,92.0,2023,0.245,8944920.0,36513846.0,0,Made money,0,"Wilmington Treatment Center Inc (Wilmington, NC)",8,100,0.0764,0.0446
340171,Presbyterian Hospital Matthews,Matthews,NC,North Carolina,General hospital,Nonprofit,Urban,157.0,2023,0.1661,48922934.0,294521218.0,0,Made money,0,"Presbyterian Hospital Matthews (Matthews, NC)",20,100,0.0764,0.0446
340173,Wake Med Cary Hospital,Cary,NC,North Carolina,General hospital,Nonprofit,Urban,222.0,2023,0.0333,11921560.0,358443288.0,0,Made money,0,"Wake Med Cary Hospital (Cary, NC)",69,100,0.0764,0.0446
340183,Presbyterian Hospital Huntersville,Huntersville,NC,North Carolina,General hospital,Nonprofit,Urban,135.0,2023,0.2621,86763373.0,331009357.0,0,Made money,0,"Presbyterian Hospital Huntersville (Huntersville, NC)",7,100,0.0764,0.0446
340184,Haywood Regional Medical Center,Clyde,NC,North Carolina,General hospital,For-profit,Urban,121.0,2023,0.0715,13660314.0,191027734.0,0,Made money,0,"Haywood Regional Medical Center (Clyde, NC)",54,100,0.0764,0.0446
340186,Vidant Beaufort Hospital,Washington,NC,North Carolina,General hospital,Nonprofit,Rural,83.0,2021,0.0274,2656716.0,97126823.0,0,Made money,0,"Vidant Beaufort Hospital (Washington, NC)",1,2,0.0764,0.0446
340187,Davie Medical Center,Bermuda Run,NC,North Carolina,General hospital,Nonprofit,Urban,42.0,2023,0.2697,38239853.0,141812613.0,0,Made money,0,"Davie Medical Center (Bermuda Run, NC)",6,100,0.0764,0.0446
340188,Cape Fear Valley Hoke Hospital,Raeford,NC,North Carolina,General hospital,Government,Urban,37.0,2023,0.2868,22329356.0,77852216.0,0,Made money,0,"Cape Fear Valley Hoke Hospital (Raeford, NC)",4,100,0.0764,0.0446
340190,Novant Health Mint Hill Medical Ctr,Charlotte,NC,North Carolina,General hospital,Nonprofit,Urban,36.0,2023,0.2239,29846399.0,133299769.0,0,Made money,0,"Novant Health Mint Hill Medical Ctr (Charlotte, NC)",10,100,0.0764,0.0446
341303,Firsthealth Montgomery Memorial Cah,Troy,NC,North Carolina,Critical access hospital (small rural),Nonprofit,Rural,3.0,2023,0.1053,2116266.0,20102540.0,0,Made money,0,"Firsthealth Montgomery Memorial Cah (Troy, NC)",40,100,0.0764,0.0446
341304,East Carolina Health-Bertie,Windsor,NC,North Carolina,Critical access hospital (small rural),Government,Rural,6.0,2023,0.1611,4084557.0,25358061.0,0,Made money,0,"East Carolina Health-Bertie (Windsor, NC)",21,100,0.0764,0.0446
341305,Swain County Hospital,Bryson City,NC,North Carolina,Critical access hospital (small rural),For-profit,Rural,24.0,2023,0.0399,803698.0,20148276.0,0,Made money,0,"Swain County Hospital (Bryson City, NC)",66,100,0.0764,0.0446
341307,Pender Memorial Hospital,Burgaw,NC,North Carolina,Critical access hospital (small rural),Government,Urban,25.0,2023,0.0873,3491376.0,40002619.0,0,Made money,0,"Pender Memorial Hospital (Burgaw, NC)",45,100,0.0764,0.0446
341311,Chatham Hospital  Inc,Siler City,NC,North Carolina,Critical access hospital (small rural),Nonprofit,Urban,25.0,2023,-0.0709,-3649380.0,51506158.0,6,5+ years,4,"Chatham Hospital  Inc (Siler City, NC)",90,100,0.0764,0.0446
341314,Cah #1 - Washington,Plymouth,NC,North Carolina,Critical access hospital (small rural),Nonprofit,Rural,25.0,2023,-0.1269,-1856282.0,14633452.0,3,3-4 years,3,"Cah #1 - Washington (Plymouth, NC)",96,100,0.0764,0.0446
341315,Bladen County Hospital,Elizabethtown,NC,North Carolina,Critical access hospital (small rural),Government,Rural,25.0,2023,0.1352,5954497.0,44035465.0,0,Made money,0,"Bladen County Hospital (Elizabethtown, NC)",29,100,0.0764,0.0446
341316,Highlands Cashiers Hospital,Highlands,NC,North Carolina,Critical access hospital (small rural),For-profit,Rural,24.0,2023,-0.307,-7021454.0,22872401.0,2,2 years,2,"Highlands Cashiers Hospital (Highlands, NC)",100,100,0.0764,0.0446
341317,Lifebrite Comm Hosp Of Stokes,Danbury,NC,North Carolina,Critical access hospital (small rural),For-profit,Urban,25.0,2023,0.0476,720253.0,15135070.0,0,Made money,0,"Lifebrite Comm Hosp Of Stokes (Danbury, NC)",63,100,0.0764,0.0446
341318,East Carolina Health - Chowan Inc,Edenton,NC,North Carolina,Critical access hospital (small rural),Nonprofit,Rural,25.0,2023,0.2208,16839110.0,76252709.0,0,Made money,0,"East Carolina Health - Chowan Inc (Edenton, NC)",11,100,0.0764,0.0446
341319,Transylvania Community Hospital,Brevard,NC,North Carolina,Critical access hospital (small rural),For-profit,Rural,25.0,2023,-0.1167,-5584522.0,47843056.0,2,2 years,2,"Transylvania Community Hospital (Brevard, NC)",95,100,0.0764,0.0446
341320,Alleghany Memorial Hospital,Sparta,NC,North Carolina,Critical access hospital (small rural),Nonprofit,Rural,25.0,2023,-0.1755,-2286817.0,13028926.0,2,2 years,2,"Alleghany Memorial Hospital (Sparta, NC)",97,100,0.0764,0.0446
341322,St Lukes Hospital,Columbus,NC,North Carolina,Critical access hospital (small rural),Nonprofit,Rural,25.0,2023,0.0872,4337440.0,49736276.0,0,Made money,0,"St Lukes Hospital (Columbus, NC)",47,100,0.0764,0.0446
341323,Charles A. Cannon Memorial Hospital,Linville,NC,North Carolina,Critical access hospital (small rural),Nonprofit,Rural,23.0,2023,0.0921,2800359.0,30415068.0,0,Made money,0,"Charles A. Cannon Memorial Hospital (Linville, NC)",43,100,0.0764,0.0446
341324,The Outer Banks Hospital Inc,Nags Head,NC,North Carolina,Critical access hospital (small rural),Nonprofit,Rural,21.0,2023,0.2736,27504630.0,100536258.0,0,Made money,0,"The Outer Banks Hospital Inc (Nags Head, NC)",5,100,0.0764,0.0446
341325,Ashe Memorial Hospital,Jefferson,NC,North Carolina,Critical access hospital (small rural),Nonprofit,Rural,25.0,2023,0.0531,2738611.0,51585295.0,0,Made money,0,"Ashe Memorial Hospital (Jefferson, NC)",61,100,0.0764,0.0446
341326,Mh Angel Medical Center Lllp,Franklin,NC,North Carolina,Critical access hospital (small rural),For-profit,Rural,30.0,2023,-0.1148,-6880887.0,59925914.0,4,3-4 years,3,"Mh Angel Medical Center Lllp (Franklin, NC)",94,100,0.0764,0.0446
341327,J Arthur Dosher Memorial Hospital,Southport,NC,North Carolina,Critical access hospital (small rural),Government,Urban,25.0,2023,0.0718,4701104.0,65475256.0,0,Made money,0,"J Arthur Dosher Memorial Hospital (Southport, NC)",53,100,0.0764,0.0446
341328,Murphy Medical Center,Murphy,NC,North Carolina,Critical access hospital (small rural),Nonprofit,Rural,25.0,2023,0.0175,1210134.0,69134028.0,0,Made money,0,"Murphy Medical Center (Murphy, NC)",75,100,0.0764,0.0446
341329,Blue Ridge Regional Hospital,Spruce Pine,NC,North Carolina,Critical access hospital (small rural),For-profit,Rural,25.0,2023,-0.0922,-4752002.0,51521428.0,4,3-4 years,3,"Blue Ridge Regional Hospital (Spruce Pine, NC)",92,100,0.0764,0.0446
350002,St Alexius Medical Center,Bismarck,ND,North Dakota,General hospital,Nonprofit,Urban,157.0,2023,-0.3049,-80735836.0,264809108.0,9,5+ years,4,"St Alexius Medical Center (Bismarck, ND)",40,41,0.0327,0.0446
350006,Trinity Hospitals/St Joes,Minot,ND,North Dakota,General hospital,Nonprofit,Rural,107.0,2023,-0.0502,-24680991.0,491185464.0,1,1 year,1,"Trinity Hospitals/St Joes (Minot, ND)",34,41,0.0327,0.0446
350011,Sanford Medical Center - Fargo,Fargo,ND,North Dakota,General hospital,Nonprofit,Urban,493.0,2023,0.0821,157764796.0,1920888876.0,0,Made money,0,"Sanford Medical Center - Fargo (Fargo, ND)",12,41,0.0327,0.0446
350015,Sanford Bismarck,Bismarck,ND,North Dakota,General hospital,Nonprofit,Urban,226.0,2023,0.1231,115766507.0,940349844.0,0,Made money,0,"Sanford Bismarck (Bismarck, ND)",8,41,0.0327,0.0446
350019,Altru Health System-Altru Hospital,Grand Forks,ND,North Dakota,General hospital,Nonprofit,Urban,198.0,2023,0.0852,59542526.0,698634603.0,0,Made money,0,"Altru Health System-Altru Hospital (Grand Forks, ND)",10,41,0.0327,0.0446
350070,Innovis Health,Fargo,ND,North Dakota,General hospital,Nonprofit,Urban,142.0,2023,0.0022,1325923.0,594978175.0,0,Made money,0,"Innovis Health (Fargo, ND)",25,41,0.0327,0.0446
351300,Tioga Medical Center,Tioga,ND,North Dakota,Critical access hospital (small rural),Nonprofit,Rural,25.0,2023,0.0327,631796.0,19348614.0,0,Made money,0,"Tioga Medical Center (Tioga, ND)",21,41,0.0327,0.0446
351301,Mountrail County Medical Center,Stanley,ND,North Dakota,Critical access hospital (small rural),Nonprofit,Rural,11.0,2023,0.034,590534.0,17383323.0,0,Made money,0,"Mountrail County Medical Center (Stanley, ND)",20,41,0.0327,0.0446
351302,Mckenzie County Healthcare System,Watford City,ND,North Dakota,Critical access hospital (small rural),Nonprofit,Rural,24.0,2023,0.076,4849279.0,63833806.0,0,Made money,0,"Mckenzie County Healthcare System (Watford City, ND)",13,41,0.0327,0.0446
351303,Garrison Memorial Hospital,Garrison,ND,North Dakota,Critical access hospital (small rural),Nonprofit,Rural,22.0,2023,-0.2457,-2763394.0,11246970.0,2,2 years,2,"Garrison Memorial Hospital (Garrison, ND)",39,41,0.0327,0.0446
351304,Turtle Lake Community Hospital,Turtle Lake,ND,North Dakota,Critical access hospital (small rural),Nonprofit,Rural,25.0,2023,-0.1672,-1165408.0,6968345.0,2,2 years,2,"Turtle Lake Community Hospital (Turtle Lake, ND)",36,41,0.0327,0.0446
351305,Kenmare Community Hospital,Kenmare,ND,North Dakota,Critical access hospital (small rural),Nonprofit,Rural,25.0,2023,0.0896,628360.0,7011562.0,0,Made money,0,"Kenmare Community Hospital (Kenmare, ND)",9,41,0.0327,0.0446
351306,Cooperstown Medical Center,Cooperstown,ND,North Dakota,Critical access hospital (small rural),Nonprofit,Rural,9.0,2023,-0.188,-1341341.0,7133020.0,1,1 year,1,"Cooperstown Medical Center (Cooperstown, ND)",38,41,0.0327,0.0446
351307,St Andrews Health Center,Bottineau,ND,North Dakota,Critical access hospital (small rural),Nonprofit,Rural,25.0,2023,-0.0033,-51641.0,15654062.0,1,1 year,1,"St Andrews Health Center (Bottineau, ND)",26,41,0.0327,0.0446
351308,Nelson County Health System-Hospital,Mcville,ND,North Dakota,Critical access hospital (small rural),Nonprofit,Rural,19.0,2023,0.154,1666445.0,10820981.0,0,Made money,0,"Nelson County Health System-Hospital (Mcville, ND)",6,41,0.0327,0.0446
351309,Sanford Mayville,Mayville,ND,North Dakota,Critical access hospital (small rural),Nonprofit,Rural,25.0,2023,0.1908,2922515.0,15314427.0,0,Made money,0,"Sanford Mayville (Mayville, ND)",4,41,0.0327,0.0446
351310,Sakakawea Medical Center,Hazen,ND,North Dakota,Critical access hospital (small rural),Nonprofit,Rural,13.0,2023,0.2074,4498150.0,21692553.0,0,Made money,0,"Sakakawea Medical Center (Hazen, ND)",3,41,0.0327,0.0446
351311,Lisbon Area Health Services,Lisbon,ND,North Dakota,Critical access hospital (small rural),Nonprofit,Rural,25.0,2023,-0.047,-608614.0,12951381.0,3,3-4 years,3,"Lisbon Area Health Services (Lisbon, ND)",33,41,0.0327,0.0446
351312,Northwood Deaconess Health Center,Northwood,ND,North Dakota,Critical access hospital (small rural),Nonprofit,Urban,12.0,2023,-0.0218,-341246.0,15656873.0,1,1 year,1,"Northwood Deaconess Health Center (Northwood, ND)",31,41,0.0327,0.0446
351313,Southwest Healthcare Services,Bowman,ND,North Dakota,Critical access hospital (small rural),Nonprofit,Rural,35.0,2023,0.0222,386874.0,17403011.0,0,Made money,0,"Southwest Healthcare Services (Bowman, ND)",22,41,0.0327,0.0446
351314,Jacobson Memorial Hospital,Elgin,ND,North Dakota,Critical access hospital (small rural),Nonprofit,Rural,25.0,2023,-0.1873,-2170307.0,11585145.0,3,3-4 years,3,"Jacobson Memorial Hospital (Elgin, ND)",37,41,0.0327,0.0446
351315,Oakes Community Hospital,Oakes,ND,North Dakota,Critical access hospital (small rural),Nonprofit,Rural,20.0,2023,0.0411,532451.0,12939859.0,0,Made money,0,"Oakes Community Hospital (Oakes, ND)",17,41,0.0327,0.0446
351316,Presentation Medical Center,Rolla,ND,North Dakota,Critical access hospital (small rural),Nonprofit,Rural,25.0,2023,0.0162,232071.0,14369609.0,0,Made money,0,"Presentation Medical Center (Rolla, ND)",24,41,0.0327,0.0446
351318,Carrington Health Center,Carrington,ND,North Dakota,Critical access hospital (small rural),Nonprofit,Rural,25.0,2023,0.1864,3366976.0,18061749.0,0,Made money,0,"Carrington Health Center (Carrington, ND)",5,41,0.0327,0.0446
351319,Pembina County Memorial Hospital,Cavalier,ND,North Dakota,Critical access hospital (small rural),Nonprofit,Rural,20.0,2023,0.0416,890494.0,21413370.0,0,Made money,0,"Pembina County Memorial Hospital (Cavalier, ND)",16,41,0.0327,0.0446
351320,Unity Medical Center,Grafton,ND,North Dakota,Critical access hospital (small rural),Nonprofit,Rural,14.0,2023,0.0206,621728.0,30127129.0,0,Made money,0,"Unity Medical Center (Grafton, ND)",23,41,0.0327,0.0446
351321,Wishek Community Hospital,Wishek,ND,North Dakota,Critical access hospital (small rural),Nonprofit,Rural,24.0,2023,-0.0121,-122240.0,10098179.0,2,2 years,2,"Wishek Community Hospital (Wishek, ND)",27,41,0.0327,0.0446
351322,Ashley Medical Center,Ashley,ND,North Dakota,Critical access hospital (small rural),Nonprofit,Rural,20.0,2023,0.1508,2028379.0,13447564.0,0,Made money,0,"Ashley Medical Center (Ashley, ND)",7,41,0.0327,0.0446
351323,Cavalier County Memorial Hospital,Langdon,ND,North Dakota,Critical access hospital (small rural),Nonprofit,Rural,25.0,2023,-0.0123,-177278.0,14377398.0,1,1 year,1,"Cavalier County Memorial Hospital (Langdon, ND)",28,41,0.0327,0.0446
351324,Mercy Hospital Of Valley City,Valley City,ND,North Dakota,Critical access hospital (small rural),Nonprofit,Rural,25.0,2023,0.2117,3754905.0,17733232.0,0,Made money,0,"Mercy Hospital Of Valley City (Valley City, ND)",2,41,0.0327,0.0446
351325,St. Lukes Hospital,Crosby,ND,North Dakota,Critical access hospital (small rural),Nonprofit,Rural,20.0,2023,-0.541,-4390276.0,8114834.0,1,1 year,1,"St. Lukes Hospital (Crosby, ND)",41,41,0.0327,0.0446
351326,First Care Health Center,Park River,ND,North Dakota,Critical access hospital (small rural),Nonprofit,Rural,14.0,2023,0.0835,1731590.0,20731043.0,0,Made money,0,"First Care Health Center (Park River, ND)",11,41,0.0327,0.0446
351327,St Aloisius Medical Center,Harvey,ND,North Dakota,Critical access hospital (small rural),Nonprofit,Rural,25.0,2023,0.0695,1735769.0,24974815.0,0,Made money,0,"St Aloisius Medical Center (Harvey, ND)",14,41,0.0327,0.0446
351328,Linton Hospital,Linton,ND,North Dakota,Critical access hospital (small rural),Nonprofit,Rural,14.0,2022,0.0435,504106.0,11581062.0,0,Made money,0,"Linton Hospital (Linton, ND)",1,1,0.0327,0.0446
351329,Sanford Hillsboro,Hillsboro,ND,North Dakota,Critical access hospital (small rural),Nonprofit,Rural,16.0,2023,-0.0454,-722664.0,15935122.0,1,1 year,1,"Sanford Hillsboro (Hillsboro, ND)",32,41,0.0327,0.0446
351330,West River Regional Medical Center,Hettinger,ND,North Dakota,Critical access hospital (small rural),Nonprofit,Rural,25.0,2023,-0.0125,-362571.0,28986477.0,2,2 years,2,"West River Regional Medical Center (Hettinger, ND)",29,41,0.0327,0.0446
351331,Towner County Medical Center,Cando,ND,North Dakota,Critical access hospital (small rural),Nonprofit,Rural,20.0,2023,0.0631,963994.0,15270562.0,0,Made money,0,"Towner County Medical Center (Cando, ND)",15,41,0.0327,0.0446
351332,Heart Of America Medical Center,Rugby,ND,North Dakota,Critical access hospital (small rural),Nonprofit,Rural,25.0,2023,0.0398,1297762.0,32620387.0,0,Made money,0,"Heart Of America Medical Center (Rugby, ND)",18,41,0.0327,0.0446
351333,Mercy Hospital,Devils Lake,ND,North Dakota,Critical access hospital (small rural),Nonprofit,Rural,25.0,2023,0.2189,9455370.0,43201038.0,0,Made money,0,"Mercy Hospital (Devils Lake, ND)",1,41,0.0327,0.0446
351334,Mercy Medical Center,Williston,ND,North Dakota,Critical access hospital (small rural),Nonprofit,Rural,25.0,2023,-0.0829,-7640341.0,92212414.0,3,3-4 years,3,"Mercy Medical Center (Williston, ND)",35,41,0.0327,0.0446
351335,Jamestown Regional Medical Center,Jamestown,ND,North Dakota,Critical access hospital (small rural),Nonprofit,Rural,25.0,2023,0.0378,3154239.0,83527965.0,0,Made money,0,"Jamestown Regional Medical Center (Jamestown, ND)",19,41,0.0327,0.0446
351336,St Josephs Hospital & Health Ctr,Dickinson,ND,North Dakota,Critical access hospital (small rural),Nonprofit,Rural,25.0,2023,-0.0164,-1303942.0,79597364.0,2,2 years,2,"St Josephs Hospital & Health Ctr (Dickinson, ND)",30,41,0.0327,0.0446
360001,Mercy Hospital Anderson,Cincinnati,OH,Ohio,General hospital,Nonprofit,Urban,199.0,2023,0.0332,8751112.0,263527381.0,0,Made money,0,"Mercy Hospital Anderson (Cincinnati, OH)",91,151,0.0569,0.0446
360002,Uh Samaritan Medical Center,Ashland,OH,Ohio,General hospital,Nonprofit,Rural,38.0,2023,-0.0091,-863829.0,94595755.0,1,1 year,1,"Uh Samaritan Medical Center (Ashland, OH)",124,151,0.0569,0.0446
360003,Univer.Of Cincinnati Med Center Llc,Cincinnati,OH,Ohio,General hospital,Nonprofit,Urban,570.0,2023,0.1069,190975747.0,1786803073.0,0,Made money,0,"Univer.Of Cincinnati Med Center Llc (Cincinnati, OH)",56,151,0.0569,0.0446
360006,Riverside Methodist Hospital,Columbus,OH,Ohio,General hospital,Nonprofit,Urban,766.0,2023,0.0569,102500729.0,1802179403.0,0,Made money,0,"Riverside Methodist Hospital (Columbus, OH)",76,151,0.0569,0.0446
360008,Southern Ohio Medical Center,Portsmouth,OH,Ohio,General hospital,Nonprofit,Rural,192.0,2023,0.1573,89305646.0,567814093.0,0,Made money,0,"Southern Ohio Medical Center (Portsmouth, OH)",36,151,0.0569,0.0446
360009,Lima Memorial Hospital,Lima,OH,Ohio,General hospital,Nonprofit,Urban,110.0,2023,0.0976,28278024.0,289625044.0,0,Made money,0,"Lima Memorial Hospital (Lima, OH)",63,151,0.0569,0.0446
360010,Union Hospital Association,Dover,OH,Ohio,General hospital,Nonprofit,Rural,77.0,2023,-0.0609,-7237225.0,118929633.0,2,2 years,2,"Union Hospital Association (Dover, OH)",137,151,0.0569,0.0446
360011,Marion General Hospital,Marion,OH,Ohio,General hospital,Nonprofit,Rural,179.0,2023,0.1188,40455837.0,340643353.0,0,Made money,0,"Marion General Hospital (Marion, OH)",53,151,0.0569,0.0446
360012,St. Anns Hospital,Westerville,OH,Ohio,General hospital,Nonprofit,Urban,270.0,2023,0.1003,40592518.0,404691046.0,0,Made money,0,"St. Anns Hospital (Westerville, OH)",59,151,0.0569,0.0446
360013,Wilson Memorial Hospital,Sidney,OH,Ohio,General hospital,Nonprofit,Rural,44.0,2023,0.0466,4756112.0,102054211.0,0,Made money,0,"Wilson Memorial Hospital (Sidney, OH)",82,151,0.0569,0.0446
360014,Obleness Memorial Hospital,Athens,OH,Ohio,General hospital,Nonprofit,Rural,67.0,2023,0.2748,48422631.0,176217351.0,0,Made money,0,"Obleness Memorial Hospital (Athens, OH)",11,151,0.0569,0.0446
360016,Jewish Hospital Of Cincinnati,Cincinnati,OH,Ohio,General hospital,Nonprofit,Urban,170.0,2023,-0.0064,-2187010.0,343516023.0,2,2 years,2,"Jewish Hospital Of Cincinnati (Cincinnati, OH)",122,151,0.0569,0.0446
360017,Grant Medical Center,Columbus,OH,Ohio,General hospital,Nonprofit,Urban,505.0,2023,0.1299,165522114.0,1274407586.0,0,Made money,0,"Grant Medical Center (Columbus, OH)",48,151,0.0569,0.0446
360020,Summa Health System,Akron,OH,Ohio,General hospital,Nonprofit,Urban,561.0,2023,0.015,19468013.0,1295892003.0,0,Made money,0,"Summa Health System (Akron, OH)",105,151,0.0569,0.0446
360025,Firelands Regional Medical Center,Sandusky,OH,Ohio,General hospital,Nonprofit,Rural,149.0,2023,0.1065,32771259.0,307684531.0,0,Made money,0,"Firelands Regional Medical Center (Sandusky, OH)",57,151,0.0569,0.0446
360026,Greene Memorial Hospital  Inc.,Xenia,OH,Ohio,General hospital,Nonprofit,Urban,13.0,2023,-0.1074,-4095811.0,38136720.0,2,2 years,2,"Greene Memorial Hospital  Inc. (Xenia, OH)",142,151,0.0569,0.0446
360027,Akron General Medical Center,Akron,OH,Ohio,General hospital,Nonprofit,Urban,401.0,2023,0.1905,167955875.0,881538865.0,0,Made money,0,"Akron General Medical Center (Akron, OH)",21,151,0.0569,0.0446
360029,Wood County Hospital,Bowling Green,OH,Ohio,General hospital,Nonprofit,Urban,99.0,2023,0.1096,13399986.0,122258686.0,0,Made money,0,"Wood County Hospital (Bowling Green, OH)",55,151,0.0569,0.0446
360032,Joint Township District Memorial Hos,St. Marys,OH,Ohio,General hospital,Nonprofit,Rural,33.0,2023,0.0808,8110153.0,100323284.0,0,Made money,0,"Joint Township District Memorial Hos (St. Marys, OH)",68,151,0.0569,0.0446
360035,Mount Carmel Health,Columbus,OH,Ohio,General hospital,Nonprofit,Urban,532.0,2023,-0.0348,-28137140.0,809299681.0,3,3-4 years,3,"Mount Carmel Health (Columbus, OH)",134,151,0.0569,0.0446
360036,Wooster Community Hospital,Wooster,OH,Ohio,General hospital,Government,Rural,112.0,2023,0.0146,2551963.0,174794686.0,0,Made money,0,"Wooster Community Hospital (Wooster, OH)",106,151,0.0569,0.0446
360037,St. Vincent Charity Medical Center,Cleveland,OH,Ohio,General hospital,Nonprofit,Urban,92.0,2022,-0.2934,-27682420.0,94356679.0,2,2 years,2,"St. Vincent Charity Medical Center (Cleveland, OH)",3,3,0.0569,0.0446
360039,Genesis Healthcare System,Zanesville,OH,Ohio,General hospital,Nonprofit,Rural,277.0,2023,0.1234,82228900.0,666285312.0,0,Made money,0,"Genesis Healthcare System (Zanesville, OH)",52,151,0.0569,0.0446
360040,Knox Community Hospital,Mt. Vernon,OH,Ohio,General hospital,Nonprofit,Rural,64.0,2023,0.033,7995059.0,242015176.0,0,Made money,0,"Knox Community Hospital (Mt. Vernon, OH)",92,151,0.0569,0.0446
360041,Uh Parma Medical Center,Parma,OH,Ohio,General hospital,Nonprofit,Urban,179.0,2023,-0.0932,-19383253.0,208037557.0,2,2 years,2,"Uh Parma Medical Center (Parma, OH)",141,151,0.0569,0.0446
360044,Wayne Hospital Company,Greenville,OH,Ohio,General hospital,Nonprofit,Rural,43.0,2023,-0.0744,-5195830.0,69876797.0,2,2 years,2,"Wayne Hospital Company (Greenville, OH)",140,151,0.0569,0.0446
360046,Mccullough-Hyde Memorial Hospital,Oxford,OH,Ohio,General hospital,Nonprofit,Urban,52.0,2023,0.0383,2197999.0,57454155.0,0,Made money,0,"Mccullough-Hyde Memorial Hospital (Oxford, OH)",86,151,0.0569,0.0446
360048,Univ Of Toledo Medl Center,Toledo,OH,Ohio,General hospital,Government,Urban,212.0,2023,0.0317,15089338.0,476088030.0,0,Made money,0,"Univ Of Toledo Medl Center (Toledo, OH)",94,151,0.0569,0.0446
360051,Miami Valley Hospital,Dayton,OH,Ohio,General hospital,Nonprofit,Urban,899.0,2023,0.2076,325361253.0,1567548022.0,0,Made money,0,"Miami Valley Hospital (Dayton, OH)",16,151,0.0569,0.0446
360054,Holzer,Gallipolis,OH,Ohio,General hospital,Nonprofit,Rural,148.0,2023,0.1681,39502748.0,234979256.0,0,Made money,0,"Holzer (Gallipolis, OH)",27,151,0.0569,0.0446
360055,Trumbull Memorial Hospital,Warren,OH,Ohio,General hospital,For-profit,Urban,197.0,2023,-0.0161,-2244899.0,139227258.0,1,1 year,1,"Trumbull Memorial Hospital (Warren, OH)",126,151,0.0569,0.0446
360056,Mercy Health - Fairfield Hospital,Fairfield,OH,Ohio,General hospital,Nonprofit,Urban,204.0,2023,0.0115,3373621.0,292448188.0,0,Made money,0,"Mercy Health - Fairfield Hospital (Fairfield, OH)",107,151,0.0569,0.0446
360058,Mercer County Community Hospital,Coldwater,OH,Ohio,General hospital,Government,Rural,88.0,2023,-0.0017,-160973.0,94918034.0,1,1 year,1,"Mercer County Community Hospital (Coldwater, OH)",118,151,0.0569,0.0446
360059,Metrohealth Medical Center,Cleveland,OH,Ohio,General hospital,Government,Urban,501.0,2023,0.0166,31158183.0,1873583758.0,0,Made money,0,"Metrohealth Medical Center (Cleveland, OH)",102,151,0.0569,0.0446
360064,St. Elizabeth Health Center,Youngstown,OH,Ohio,General hospital,Nonprofit,Urban,323.0,2023,0.0265,12427955.0,469326743.0,0,Made money,0,"St. Elizabeth Health Center (Youngstown, OH)",98,151,0.0569,0.0446
360065,Fisher-Titus Medical Center,Norwalk,OH,Ohio,General hospital,Nonprofit,Rural,78.0,2023,0.0655,11596895.0,177165579.0,0,Made money,0,"Fisher-Titus Medical Center (Norwalk, OH)",70,151,0.0569,0.0446
360066,St. Ritas Medical Center Llc,Lima,OH,Ohio,General hospital,Nonprofit,Urban,329.0,2023,0.1852,104522911.0,564397371.0,0,Made money,0,"St. Ritas Medical Center Llc (Lima, OH)",23,151,0.0569,0.0446
360068,The Toledo Hospital,Toledo,OH,Ohio,General hospital,Nonprofit,Urban,730.0,2023,0.1539,237968003.0,1545819061.0,0,Made money,0,"The Toledo Hospital (Toledo, OH)",38,151,0.0569,0.0446
360070,Ccf Mercy Medical Center,Canton,OH,Ohio,General hospital,Nonprofit,Urban,317.0,2023,-0.1183,-43187754.0,365025221.0,2,2 years,2,"Ccf Mercy Medical Center (Canton, OH)",143,151,0.0569,0.0446
360071,Van Wert County Hospital,Van Wert,OH,Ohio,General hospital,Nonprofit,Rural,34.0,2022,-0.105,-6170371.0,58756217.0,1,1 year,1,"Van Wert County Hospital (Van Wert, OH)",1,3,0.0569,0.0446
360072,Fairfield Medical Center,Lancaster,OH,Ohio,General hospital,Nonprofit,Urban,185.0,2023,0.0158,5127331.0,325416513.0,0,Made money,0,"Fairfield Medical Center (Lancaster, OH)",103,151,0.0569,0.0446
360075,Uh Regional Hospitals,Chardon,OH,Ohio,General hospital,Nonprofit,Urban,111.0,2023,0.0843,18099355.0,214696303.0,0,Made money,0,"Uh Regional Hospitals (Chardon, OH)",67,151,0.0569,0.0446
360076,Atrium Medical Center,Franklin,OH,Ohio,General hospital,Nonprofit,Urban,244.0,2023,0.143,38192093.0,267021866.0,0,Made money,0,"Atrium Medical Center (Franklin, OH)",43,151,0.0569,0.0446
360077,Fairview Hospital,Cleveland,OH,Ohio,General hospital,Nonprofit,Urban,466.0,2023,0.359,309141496.0,861009326.0,0,Made money,0,"Fairview Hospital (Cleveland, OH)",6,151,0.0569,0.0446
360078,Uh Portage Medical Center,Ravenna,OH,Ohio,General hospital,Nonprofit,Urban,99.0,2023,-0.0069,-1177048.0,170527734.0,1,1 year,1,"Uh Portage Medical Center (Ravenna, OH)",123,151,0.0569,0.0446
360079,Kettering Health Main Campus,Kettering,OH,Ohio,General hospital,Nonprofit,Urban,386.0,2023,0.158,138483499.0,876627696.0,0,Made money,0,"Kettering Health Main Campus (Kettering, OH)",35,151,0.0569,0.0446
360080,East Ohio Hospital  Llc,Martins Ferry,OH,Ohio,General hospital,For-profit,Urban,28.0,2023,0.0369,2064473.0,55900332.0,0,Made money,0,"East Ohio Hospital  Llc (Martins Ferry, OH)",88,151,0.0569,0.0446
360081,St. Charles Hospital,Oregon,OH,Ohio,General hospital,Nonprofit,Urban,125.0,2021,-0.031,-4606581.0,148613185.0,1,1 year,1,"St. Charles Hospital (Oregon, OH)",3,3,0.0569,0.0446
360082,Euclid Hospital,Euclid,OH,Ohio,General hospital,Nonprofit,Urban,90.0,2023,-0.171,-17762180.0,103896343.0,8,5+ years,4,"Euclid Hospital (Euclid, OH)",146,151,0.0569,0.0446
360084,Aultman Hospital,Canton,OH,Ohio,General hospital,Nonprofit,Urban,335.0,2023,0.0029,2055055.0,713222111.0,0,Made money,0,"Aultman Hospital (Canton, OH)",114,151,0.0569,0.0446
360085,The Ohio State University Hospital,Columbus,OH,Ohio,General hospital,Government,Urban,1010.0,2023,-0.0267,-77382936.0,2896910451.0,3,3-4 years,3,"The Ohio State University Hospital (Columbus, OH)",130,151,0.0569,0.0446
360086,Springfield Regional Medical Center,Springfield,OH,Ohio,General hospital,Nonprofit,Urban,210.0,2023,0.0325,10429687.0,321379495.0,0,Made money,0,"Springfield Regional Medical Center (Springfield, OH)",93,151,0.0569,0.0446
360087,Lutheran Hospital,Cleveland,OH,Ohio,General hospital,Nonprofit,Urban,110.0,2023,0.1271,21251102.0,167182145.0,0,Made money,0,"Lutheran Hospital (Cleveland, OH)",49,151,0.0569,0.0446
360089,Mercy Health-Tiffin  Hospital Llc,Tiffin,OH,Ohio,General hospital,Nonprofit,Rural,35.0,2023,0.2075,22212986.0,107057637.0,0,Made money,0,"Mercy Health-Tiffin  Hospital Llc (Tiffin, OH)",17,151,0.0569,0.0446
360090,St. Lukes Hospital,Maumee,OH,Ohio,General hospital,Nonprofit,Urban,89.0,2022,-0.2693,-39103792.0,145215290.0,1,1 year,1,"St. Lukes Hospital (Maumee, OH)",2,3,0.0569,0.0446
360091,Medina Hospital,Medina,OH,Ohio,General hospital,Nonprofit,Urban,148.0,2023,0.1854,37423431.0,201897967.0,0,Made money,0,"Medina Hospital (Medina, OH)",22,151,0.0569,0.0446
360092,Memorial Hospital Of Union County,Marysville,OH,Ohio,General hospital,Government,Urban,51.0,2023,0.0502,9290339.0,184967653.0,0,Made money,0,"Memorial Hospital Of Union County (Marysville, OH)",79,151,0.0569,0.0446
360095,Blanchard Valley Reg. Health Center,Findlay,OH,Ohio,General hospital,Nonprofit,Rural,152.0,2023,0.2682,103668517.0,386543160.0,0,Made money,0,"Blanchard Valley Reg. Health Center (Findlay, OH)",12,151,0.0569,0.0446
360096,East Liverpool City Hospital,East Liverpool,OH,Ohio,General hospital,Nonprofit,Rural,116.0,2023,0.1676,14044637.0,83788669.0,0,Made money,0,"East Liverpool City Hospital (East Liverpool, OH)",29,151,0.0569,0.0446
360098,Lake Hospital System,Concord,OH,Ohio,General hospital,Nonprofit,Urban,257.0,2023,-0.1878,-67703090.0,360556546.0,2,2 years,2,"Lake Hospital System (Concord, OH)",147,151,0.0569,0.0446
360107,The Bellevue Hospital,Bellevue,OH,Ohio,General hospital,Nonprofit,Rural,50.0,2023,-0.029,-1682406.0,58080870.0,2,2 years,2,"The Bellevue Hospital (Bellevue, OH)",133,151,0.0569,0.0446
360109,Coshocton Regional Medical Center,Coshocton,OH,Ohio,General hospital,For-profit,Rural,56.0,2023,-0.0641,-2847705.0,44435501.0,1,1 year,1,"Coshocton Regional Medical Center (Coshocton, OH)",138,151,0.0569,0.0446
360112,St Vincent Medical Center,Toledo,OH,Ohio,General hospital,Nonprofit,Urban,516.0,2023,0.0372,37490025.0,1006529584.0,0,Made money,0,"St Vincent Medical Center (Toledo, OH)",87,151,0.0569,0.0446
360118,Medcentral Health System,Mansfield,OH,Ohio,General hospital,Nonprofit,Urban,240.0,2023,0.0423,18189052.0,429813397.0,0,Made money,0,"Medcentral Health System (Mansfield, OH)",83,151,0.0569,0.0446
360121,Community Hospital Of Williams City,Bryan,OH,Ohio,General hospital,Nonprofit,Rural,75.0,2023,0.0053,559236.0,104878101.0,0,Made money,0,"Community Hospital Of Williams City (Bryan, OH)",110,151,0.0569,0.0446
360123,Uh St. John Medical Center,Westlake,OH,Ohio,General hospital,Nonprofit,Urban,125.0,2023,0.1001,22933393.0,229195870.0,0,Made money,0,"Uh St. John Medical Center (Westlake, OH)",60,151,0.0569,0.0446
360125,Ashtabula County Medical Center,Ashtabula,OH,Ohio,General hospital,Nonprofit,Rural,105.0,2023,0.0984,17898663.0,181816436.0,0,Made money,0,"Ashtabula County Medical Center (Ashtabula, OH)",62,151,0.0569,0.0446
360131,Alliance Community Hospital,Alliance,OH,Ohio,General hospital,Nonprofit,Urban,50.0,2023,0.0627,6853930.0,109305144.0,0,Made money,0,"Alliance Community Hospital (Alliance, OH)",71,151,0.0569,0.0446
360132,Kettering Health Hamilton,Hamilton,OH,Ohio,General hospital,Nonprofit,Urban,138.0,2023,0.0271,4983069.0,183799218.0,0,Made money,0,"Kettering Health Hamilton (Hamilton, OH)",97,151,0.0569,0.0446
360133,Kettering Health Dayton,Dayton,OH,Ohio,General hospital,Nonprofit,Urban,316.0,2023,0.16,136268055.0,851592322.0,0,Made money,0,"Kettering Health Dayton (Dayton, OH)",34,151,0.0569,0.0446
360134,Good Samaritan Hospital,Cincinnati,OH,Ohio,General hospital,Nonprofit,Urban,362.0,2023,-0.0053,-5240692.0,983017964.0,1,1 year,1,"Good Samaritan Hospital (Cincinnati, OH)",121,151,0.0569,0.0446
360137,Uh Cleveland Medical Center,Cleveland,OH,Ohio,General hospital,Nonprofit,Urban,656.0,2023,0.0627,171983330.0,2743601043.0,0,Made money,0,"Uh Cleveland Medical Center (Cleveland, OH)",71,151,0.0569,0.0446
360143,Marymount Hospital,Garfield Hts.,OH,Ohio,General hospital,Nonprofit,Urban,188.0,2023,0.0012,243528.0,197873471.0,0,Made money,0,"Marymount Hospital (Garfield Hts., OH)",116,151,0.0569,0.0446
360144,South Pointe Hospital,Warrensville Heights,OH,Ohio,General hospital,Nonprofit,Urban,138.0,2023,-0.0572,-8350996.0,146109014.0,13,5+ years,4,"South Pointe Hospital (Warrensville Heights, OH)",136,151,0.0569,0.0446
360145,Uh Elyria Medical Center,Elyria,OH,Ohio,General hospital,Nonprofit,Urban,197.0,2023,-0.0188,-4145241.0,220149553.0,2,2 years,2,"Uh Elyria Medical Center (Elyria, OH)",127,151,0.0569,0.0446
360147,Marietta Memorial Hospital,Marietta,OH,Ohio,General hospital,Nonprofit,Rural,188.0,2023,0.0287,16791143.0,584479064.0,0,Made money,0,"Marietta Memorial Hospital (Marietta, OH)",96,151,0.0569,0.0446
360148,Pomerene Hospital,Millersburg,OH,Ohio,General hospital,Nonprofit,Rural,41.0,2023,0.1039,4440032.0,42718859.0,0,Made money,0,"Pomerene Hospital (Millersburg, OH)",58,151,0.0569,0.0446
360150,Western Reserve Hospital,Cuyahoga Falls,OH,Ohio,General hospital,For-profit,Urban,83.0,2023,-0.0529,-8214353.0,155390243.0,2,2 years,2,"Western Reserve Hospital (Cuyahoga Falls, OH)",135,151,0.0569,0.0446
360152,Doctors Hospital,Columbus,OH,Ohio,General hospital,Nonprofit,Urban,174.0,2023,-0.0039,-1262924.0,326590079.0,1,1 year,1,"Doctors Hospital (Columbus, OH)",120,151,0.0569,0.0446
360155,Southwest General Health Center,Middleburg Heights,OH,Ohio,General hospital,Nonprofit,Urban,199.0,2023,0.0095,4257406.0,446238584.0,0,Made money,0,"Southwest General Health Center (Middleburg Heights, OH)",108,151,0.0569,0.0446
360156,Memorial Hospital,Fremont,OH,Ohio,General hospital,Nonprofit,Rural,31.0,2023,-0.1298,-11717975.0,90277368.0,1,1 year,1,"Memorial Hospital (Fremont, OH)",145,151,0.0569,0.0446
360159,Adena Regional Medical Center,Chillicothe,OH,Ohio,General hospital,Nonprofit,Rural,223.0,2023,0.1529,83169657.0,543964922.0,0,Made money,0,"Adena Regional Medical Center (Chillicothe, OH)",39,151,0.0569,0.0446
360161,St. Joseph Health Center,Warren,OH,Ohio,General hospital,Nonprofit,Urban,137.0,2023,0.1309,27465135.0,209842807.0,0,Made money,0,"St. Joseph Health Center (Warren, OH)",47,151,0.0569,0.0446
360163,The Christ Hospital,Cincinnati,OH,Ohio,General hospital,Nonprofit,Urban,442.0,2023,0.1514,177848184.0,1174601393.0,0,Made money,0,"The Christ Hospital (Cincinnati, OH)",40,151,0.0569,0.0446
360170,Berger Hospital,Circleville,OH,Ohio,General hospital,Nonprofit,Urban,83.0,2023,0.168,22600800.0,134514522.0,0,Made money,0,"Berger Hospital (Circleville, OH)",28,151,0.0569,0.0446
360172,Mercy Regional Medical Center,Lorain,OH,Ohio,General hospital,Nonprofit,Urban,149.0,2023,-0.0279,-6415328.0,230015146.0,4,3-4 years,3,"Mercy Regional Medical Center (Lorain, OH)",131,151,0.0569,0.0446
360174,Upper Valley Medical Center,Troy,OH,Ohio,General hospital,Nonprofit,Urban,139.0,2023,0.1675,28226908.0,168568076.0,0,Made money,0,"Upper Valley Medical Center (Troy, OH)",30,151,0.0569,0.0446
360175,Clinton Memorial Hospital,Wilmington,OH,Ohio,General hospital,For-profit,Rural,75.0,2023,-0.0281,-2867091.0,102193873.0,1,1 year,1,"Clinton Memorial Hospital (Wilmington, OH)",132,151,0.0569,0.0446
360179,Bethesda Hospital,Cincinnati,OH,Ohio,General hospital,Nonprofit,Urban,432.0,2023,-0.025,-24454761.0,978132542.0,1,1 year,1,"Bethesda Hospital (Cincinnati, OH)",128,151,0.0569,0.0446
360180,Cleveland Clinic Hospital,Cleveland,OH,Ohio,General hospital,Nonprofit,Urban,1288.0,2023,0.0708,634706998.0,8958692993.0,0,Made money,0,"Cleveland Clinic Hospital (Cleveland, OH)",69,151,0.0569,0.0446
360185,Salem Community Hospital,Salem,OH,Ohio,General hospital,Nonprofit,Rural,87.0,2023,-0.0144,-1807064.0,125471231.0,2,2 years,2,"Salem Community Hospital (Salem, OH)",125,151,0.0569,0.0446
360189,Madison Health,London,OH,Ohio,General hospital,Nonprofit,Urban,45.0,2023,0.1235,7189024.0,58205920.0,0,Made money,0,"Madison Health (London, OH)",51,151,0.0569,0.0446
360192,Uh Geauga Medical Center,Chardon,OH,Ohio,General hospital,Nonprofit,Urban,106.0,2021,0.112,21523969.0,192103339.0,0,Made money,0,"Uh Geauga Medical Center (Chardon, OH)",1,3,0.0569,0.0446
360197,Mary Rutan Hospital,Bellefontaine,OH,Ohio,General hospital,Nonprofit,Rural,39.0,2023,0.002,253359.0,129577068.0,0,Made money,0,"Mary Rutan Hospital (Bellefontaine, OH)",115,151,0.0569,0.0446
360203,Southeastern Ohio Reg Med Ctr,Cambridge,OH,Ohio,General hospital,Nonprofit,Rural,86.0,2023,0.294,37803376.0,128562802.0,0,Made money,0,"Southeastern Ohio Reg Med Ctr (Cambridge, OH)",9,151,0.0569,0.0446
360210,Grady Memorial Hospital,Delaware,OH,Ohio,General hospital,Nonprofit,Urban,60.0,2023,0.1497,22934010.0,153249974.0,0,Made money,0,"Grady Memorial Hospital (Delaware, OH)",41,151,0.0569,0.0446
360211,Trinity Hospital Holding Company,Steubenville,OH,Ohio,General hospital,Nonprofit,Urban,154.0,2023,0.001,272262.0,284917150.0,0,Made money,0,"Trinity Hospital Holding Company (Steubenville, OH)",117,151,0.0569,0.0446
360218,Licking Memorial Hospital,Newark,OH,Ohio,General hospital,Nonprofit,Urban,219.0,2023,0.1758,57976965.0,329740837.0,0,Made money,0,"Licking Memorial Hospital (Newark, OH)",24,151,0.0569,0.0446
360230,Hillcrest Hospital,Mayfield Heights,OH,Ohio,General hospital,Nonprofit,Urban,483.0,2023,0.2165,160044732.0,739241893.0,0,Made money,0,"Hillcrest Hospital (Mayfield Heights, OH)",15,151,0.0569,0.0446
360234,Mercy Health West Hospital,Cincinnati,OH,Ohio,General hospital,Nonprofit,Urban,205.0,2023,0.0069,1930232.0,281359467.0,0,Made money,0,"Mercy Health West Hospital (Cincinnati, OH)",109,151,0.0569,0.0446
360236,Clermont Mercy Hospital,Batavia,OH,Ohio,General hospital,Nonprofit,Urban,147.0,2023,0.0583,9219955.0,158281859.0,0,Made money,0,"Clermont Mercy Hospital (Batavia, OH)",75,151,0.0569,0.0446
360239,Kettering Health Miamisburg,Miamisburg,OH,Ohio,General hospital,Nonprofit,Urban,168.0,2023,0.1351,29661420.0,219601312.0,0,Made money,0,"Kettering Health Miamisburg (Miamisburg, OH)",45,151,0.0569,0.0446
360242,Arthur G James Cancer Hospital,Columbus,OH,Ohio,General hospital,Government,Urban,356.0,2023,0.1978,435343580.0,2200453113.0,0,Made money,0,"Arthur G James Cancer Hospital (Columbus, OH)",19,151,0.0569,0.0446
360245,Glenbeigh Health Sources,Rock Creek,OH,Ohio,General hospital,Nonprofit,Rural,114.0,2023,0.0393,912020.0,23218397.0,0,Made money,0,"Glenbeigh Health Sources (Rock Creek, OH)",85,151,0.0569,0.0446
360247,Parkside Behavioral Healthcare Acqui,Gahanna,OH,Ohio,General hospital,For-profit,Urban,50.0,2023,-0.638,-993937.0,1557910.0,3,3-4 years,3,"Parkside Behavioral Healthcare Acqui (Gahanna, OH)",151,151,0.0569,0.0446
360259,Bay Park Community Hospital,Oregon,OH,Ohio,General hospital,Nonprofit,Urban,77.0,2023,0.2,23756921.0,118787827.0,0,Made money,0,"Bay Park Community Hospital (Oregon, OH)",18,151,0.0569,0.0446
360262,Mercy St. Anne Hospital,Toledo,OH,Ohio,General hospital,Nonprofit,Urban,128.0,2021,0.11,16024702.0,145713643.0,0,Made money,0,"Mercy St. Anne Hospital (Toledo, OH)",2,3,0.0569,0.0446
360263,Institute For Orthopaedic Surgery,Lima,OH,Ohio,General hospital,For-profit,Urban,12.0,2023,0.3721,24498430.0,65838564.0,0,Made money,0,"Institute For Orthopaedic Surgery (Lima, OH)",5,151,0.0569,0.0446
360266,Mount Carmel New Albany Hospital,New Albany,OH,Ohio,General hospital,Nonprofit,Urban,60.0,2023,0.1641,15251446.0,92922634.0,0,Made money,0,"Mount Carmel New Albany Hospital (New Albany, OH)",32,151,0.0569,0.0446
360270,Mercy Hospital Of Defiance  Llc,Defiance,OH,Ohio,General hospital,Nonprofit,Rural,23.0,2023,-0.0686,-3706577.0,53998825.0,2,2 years,2,"Mercy Hospital Of Defiance  Llc (Defiance, OH)",139,151,0.0569,0.0446
360276,St Elizabeth Boardman Health Ctr,Youngstown,OH,Ohio,General hospital,Nonprofit,Urban,210.0,2023,0.1661,48822893.0,293943308.0,0,Made money,0,"St Elizabeth Boardman Health Ctr (Youngstown, OH)",31,151,0.0569,0.0446
360348,Dublin Methodist Hospital,Dublin,OH,Ohio,General hospital,Nonprofit,Urban,110.0,2023,0.3188,120712419.0,378660532.0,0,Made money,0,"Dublin Methodist Hospital (Dublin, OH)",8,151,0.0569,0.0446
360351,Crystal Clinic Orthopaedic Center,Akron,OH,Ohio,General hospital,For-profit,Urban,59.0,2023,0.0366,7631624.0,208517982.0,0,Made money,0,"Crystal Clinic Orthopaedic Center (Akron, OH)",89,151,0.0569,0.0446
360352,The Surgical Hospital At Southwoods,Youngstown,OH,Ohio,General hospital,For-profit,Urban,24.0,2023,0.0536,11716097.0,218602023.0,0,Made money,0,"The Surgical Hospital At Southwoods (Youngstown, OH)",77,151,0.0569,0.0446
360354,West Chester Hospital  Llc,West Chester,OH,Ohio,General hospital,Nonprofit,Urban,163.0,2023,0.0031,886131.0,287049281.0,0,Made money,0,"West Chester Hospital  Llc (West Chester, OH)",113,151,0.0569,0.0446
360355,Ohio Valley Medical Center,Springfield,OH,Ohio,General hospital,For-profit,Urban,24.0,2023,0.0051,296029.0,57849338.0,0,Made money,0,"Ohio Valley Medical Center (Springfield, OH)",111,151,0.0569,0.0446
360358,Diley Ridge Medical Center,Canal Winchester,OH,Ohio,General hospital,Nonprofit,Urban,10.0,2023,0.4487,11827432.0,26357632.0,0,Made money,0,"Diley Ridge Medical Center (Canal Winchester, OH)",2,151,0.0569,0.0446
360359,Uh Ahuja Medical Center,Beachwood,OH,Ohio,General hospital,Nonprofit,Urban,158.0,2023,-0.0262,-7349839.0,279996873.0,1,1 year,1,"Uh Ahuja Medical Center (Beachwood, OH)",129,151,0.0569,0.0446
360360,Soin Medical Center,Beavercreek,OH,Ohio,General hospital,Nonprofit,Urban,168.0,2023,0.0497,14449847.0,290675866.0,0,Made money,0,"Soin Medical Center (Beavercreek, OH)",80,151,0.0569,0.0446
360361,Kings Daughters Med Center Ohio,Portsmouth,OH,Ohio,General hospital,Nonprofit,Rural,10.0,2023,0.2536,8758321.0,34539268.0,0,Made money,0,"Kings Daughters Med Center Ohio (Portsmouth, OH)",13,151,0.0569,0.0446
360364,Cleveland Clinic Avon Hospital,Avon,OH,Ohio,General hospital,Nonprofit,Urban,126.0,2023,0.2309,47236889.0,204606456.0,0,Made money,0,"Cleveland Clinic Avon Hospital (Avon, OH)",14,151,0.0569,0.0446
360365,Avita Ontario Hospital,Ontario,OH,Ohio,General hospital,Nonprofit,Urban,49.0,2023,0.1946,23699706.0,121790956.0,0,Made money,0,"Avita Ontario Hospital (Ontario, OH)",20,151,0.0569,0.0446
360367,Lake Health Beachwood Medical Center,Beachwood,OH,Ohio,General hospital,For-profit,Urban,24.0,2023,-0.2625,-13378462.0,50971290.0,2,2 years,2,"Lake Health Beachwood Medical Center (Beachwood, OH)",150,151,0.0569,0.0446
360368,Kettering Health Troy,Troy,OH,Ohio,General hospital,Nonprofit,Urban,28.0,2023,0.0936,7565034.0,80863910.0,0,Made money,0,"Kettering Health Troy (Troy, OH)",64,151,0.0569,0.0446
361300,Paulding County Hospital,Paulding,OH,Ohio,Critical access hospital (small rural),Government,Rural,25.0,2023,0.0225,712219.0,31625159.0,0,Made money,0,"Paulding County Hospital (Paulding, OH)",99,151,0.0569,0.0446
361301,Community Memorial Hospital,Hicksville,OH,Ohio,Critical access hospital (small rural),Government,Rural,25.0,2023,-0.2605,-6823535.0,26192589.0,3,3-4 years,3,"Community Memorial Hospital (Hicksville, OH)",149,151,0.0569,0.0446
361302,Twin City Hospital,Dennison,OH,Ohio,Critical access hospital (small rural),Nonprofit,Rural,25.0,2023,-0.1219,-2913900.0,23900074.0,7,5+ years,4,"Twin City Hospital (Dennison, OH)",144,151,0.0569,0.0446
361303,Lodi Community Hospital,Lodi,OH,Ohio,Critical access hospital (small rural),Nonprofit,Urban,20.0,2023,0.4722,18766560.0,39739832.0,0,Made money,0,"Lodi Community Hospital (Lodi, OH)",1,151,0.0569,0.0446
361304,Greenfield Area Medical Center,Greenfield,OH,Ohio,Critical access hospital (small rural),Nonprofit,Rural,25.0,2023,0.0599,1467397.0,24502680.0,0,Made money,0,"Greenfield Area Medical Center (Greenfield, OH)",74,151,0.0569,0.0446
361306,Mercy Allen Hospital,Oberlin,OH,Ohio,Critical access hospital (small rural),Nonprofit,Urban,22.0,2023,0.0524,1510276.0,28796240.0,0,Made money,0,"Mercy Allen Hospital (Oberlin, OH)",78,151,0.0569,0.0446
361307,Uh Geneva Medical Center,Geneva,OH,Ohio,Critical access hospital (small rural),Nonprofit,Rural,25.0,2023,0.0876,6103733.0,69695426.0,0,Made money,0,"Uh Geneva Medical Center (Geneva, OH)",65,151,0.0569,0.0446
361308,Uh Conneaut Medical Center,Conneaut,OH,Ohio,Critical access hospital (small rural),Nonprofit,Rural,25.0,2023,-0.1993,-5426344.0,27227087.0,2,2 years,2,"Uh Conneaut Medical Center (Conneaut, OH)",148,151,0.0569,0.0446
361309,Henry County Hospital (Cah),Napoleon,OH,Ohio,Critical access hospital (small rural),Nonprofit,Rural,25.0,2023,0.0478,1768420.0,36990836.0,0,Made money,0,"Henry County Hospital (Cah) (Napoleon, OH)",81,151,0.0569,0.0446
361310,Mercy Health-Willard Hospital Llc,Willard,OH,Ohio,Critical access hospital (small rural),Nonprofit,Rural,20.0,2023,0.0993,2942492.0,29620744.0,0,Made money,0,"Mercy Health-Willard Hospital Llc (Willard, OH)",61,151,0.0569,0.0446
361311,Harrison Community Hospital,Cadiz,OH,Ohio,Critical access hospital (small rural),Nonprofit,Rural,25.0,2023,0.0204,399519.0,19553891.0,0,Made money,0,"Harrison Community Hospital (Cadiz, OH)",101,151,0.0569,0.0446
361312,Mercy Health - Urbana Hospital,Urbana,OH,Ohio,Critical access hospital (small rural),Nonprofit,Rural,25.0,2023,0.0622,1820409.0,29243779.0,0,Made money,0,"Mercy Health - Urbana Hospital (Urbana, OH)",73,151,0.0569,0.0446
361313,Morrow County Hospital,Mount Gilead,OH,Ohio,Critical access hospital (small rural),Government,Urban,23.0,2023,0.1615,4760297.0,29473072.0,0,Made money,0,"Morrow County Hospital (Mount Gilead, OH)",33,151,0.0569,0.0446
361314,H B Magruder Memorial Hospital,Port Clinton,OH,Ohio,Critical access hospital (small rural),Nonprofit,Urban,25.0,2023,0.0224,1449179.0,64795856.0,0,Made money,0,"H B Magruder Memorial Hospital (Port Clinton, OH)",100,151,0.0569,0.0446
361315,Hardin Memorial Hospital,Kenton,OH,Ohio,Critical access hospital (small rural),Nonprofit,Rural,25.0,2023,0.1564,6657707.0,42571052.0,0,Made money,0,"Hardin Memorial Hospital (Kenton, OH)",37,151,0.0569,0.0446
361316,Bucyrus Community Hospital,Bucyrus,OH,Ohio,Critical access hospital (small rural),Nonprofit,Rural,25.0,2023,0.3854,32519992.0,84369758.0,0,Made money,0,"Bucyrus Community Hospital (Bucyrus, OH)",4,151,0.0569,0.0446
361318,Fostoria Community Hospital,Fostoria,OH,Ohio,Critical access hospital (small rural),Nonprofit,Rural,19.0,2023,0.1324,6656857.0,50259827.0,0,Made money,0,"Fostoria Community Hospital (Fostoria, OH)",46,151,0.0569,0.0446
361319,Selby General Hospital,Marietta,OH,Ohio,Critical access hospital (small rural),Nonprofit,Rural,25.0,2023,0.0862,6369707.0,73927158.0,0,Made money,0,"Selby General Hospital (Marietta, OH)",66,151,0.0569,0.0446
361320,Holzer Medical Center Jackson,Jackson,OH,Ohio,Critical access hospital (small rural),Nonprofit,Rural,24.0,2023,0.2761,8328315.0,30163077.0,0,Made money,0,"Holzer Medical Center Jackson (Jackson, OH)",10,151,0.0569,0.0446
361321,Barnesville Hospital,Barnesville,OH,Ohio,Critical access hospital (small rural),Nonprofit,Urban,25.0,2023,0.0295,710306.0,24069880.0,0,Made money,0,"Barnesville Hospital (Barnesville, OH)",95,151,0.0569,0.0446
361322,Bluffton Hospital,Bluffton,OH,Ohio,Critical access hospital (small rural),Nonprofit,Urban,25.0,2023,0.4241,13748679.0,32421491.0,0,Made money,0,"Bluffton Hospital (Bluffton, OH)",3,151,0.0569,0.0446
361323,Aultman Orrville Hospital,Orrville,OH,Ohio,Critical access hospital (small rural),Nonprofit,Rural,25.0,2023,0.1739,13577648.0,78060294.0,0,Made money,0,"Aultman Orrville Hospital (Orrville, OH)",25,151,0.0569,0.0446
361324,Shelby Memorial Hospital,Shelby,OH,Ohio,Critical access hospital (small rural),Nonprofit,Urban,21.0,2023,0.1244,4987851.0,40110751.0,0,Made money,0,"Shelby Memorial Hospital (Shelby, OH)",50,151,0.0569,0.0446
361325,Galion Community Hospital,Galion,OH,Ohio,Critical access hospital (small rural),Nonprofit,Rural,25.0,2023,0.3334,51432801.0,154286556.0,0,Made money,0,"Galion Community Hospital (Galion, OH)",7,151,0.0569,0.0446
361326,Adams County Regional Medical Center,Seaman,OH,Ohio,Critical access hospital (small rural),Nonprofit,Rural,25.0,2023,0.0153,608218.0,39742424.0,0,Made money,0,"Adams County Regional Medical Center (Seaman, OH)",104,151,0.0569,0.0446
361327,Chwc-Montpelier,Montpelier,OH,Ohio,Critical access hospital (small rural),Nonprofit,Rural,25.0,2023,0.0353,559237.0,15834473.0,0,Made money,0,"Chwc-Montpelier (Montpelier, OH)",90,151,0.0569,0.0446
361328,Defiance Hospital Inc.,Defiance,OH,Ohio,Critical access hospital (small rural),Nonprofit,Rural,25.0,2023,0.1426,12236740.0,85818090.0,0,Made money,0,"Defiance Hospital Inc. (Defiance, OH)",44,151,0.0569,0.0446
361329,Wyandot Memorial Hospital,Upper Sandusky,OH,Ohio,Critical access hospital (small rural),Government,Rural,24.0,2023,-0.0038,-318294.0,84556221.0,1,1 year,1,"Wyandot Memorial Hospital (Upper Sandusky, OH)",119,151,0.0569,0.0446
361330,Hocking Valley,Logan,OH,Ohio,Critical access hospital (small rural),Government,Urban,25.0,2023,0.0041,192900.0,46647429.0,0,Made money,0,"Hocking Valley (Logan, OH)",112,151,0.0569,0.0446
361331,Fayette County Memorial Hosp,Washington Court House,OH,Ohio,Critical access hospital (small rural),Nonprofit,Rural,25.0,2023,0.1125,6557862.0,58313016.0,0,Made money,0,"Fayette County Memorial Hosp (Washington Court House, OH)",54,151,0.0569,0.0446
361332,Highland District Hospital,Hillsboro,OH,Ohio,Critical access hospital (small rural),Government,Rural,25.0,2023,0.1435,9964972.0,69463488.0,0,Made money,0,"Highland District Hospital (Hillsboro, OH)",42,151,0.0569,0.0446
361333,Fulton County Health Center,Wauseon,OH,Ohio,Critical access hospital (small rural),Nonprofit,Urban,25.0,2023,0.0401,4896744.0,121969572.0,0,Made money,0,"Fulton County Health Center (Wauseon, OH)",84,151,0.0569,0.0446
361334,Pike Community Hospital,Waverly,OH,Ohio,Critical access hospital (small rural),Nonprofit,Rural,25.0,2023,0.1733,5723225.0,33023297.0,0,Made money,0,"Pike Community Hospital (Waverly, OH)",26,151,0.0569,0.0446
370001,Hillcrest Medical Center,Tulsa,OK,Oklahoma,General hospital,For-profit,Urban,448.0,2023,0.0283,18129722.0,639549641.0,0,Made money,0,"Hillcrest Medical Center (Tulsa, OK)",47,105,0.0197,0.0446
370002,Alliancehealth Woodward,Woodward,OK,Oklahoma,General hospital,For-profit,Rural,40.0,2022,-0.1364,-5751481.0,42158218.0,1,1 year,1,"Alliancehealth Woodward (Woodward, OK)",5,6,0.0197,0.0446
370004,Integris Miami Hospital,Miami,OK,Oklahoma,General hospital,Nonprofit,Rural,36.0,2023,-0.272,-11818440.0,43442399.0,13,5+ years,4,"Integris Miami Hospital (Miami, OK)",102,105,0.0197,0.0446
370006,Ponca City Medical Center,Ponca City,OK,Oklahoma,General hospital,For-profit,Rural,47.0,2022,0.0697,3816317.0,54728833.0,0,Made money,0,"Ponca City Medical Center (Ponca City, OK)",2,6,0.0197,0.0446
370008,Norman Regional Hospital Authority,Norman,OK,Oklahoma,General hospital,Government,Urban,322.0,2023,-0.0547,-31861290.0,582000772.0,3,3-4 years,3,"Norman Regional Hospital Authority (Norman, OK)",75,105,0.0197,0.0446
370013,Mercy Hospital Okc,Oklahoma City,OK,Oklahoma,General hospital,Nonprofit,Urban,344.0,2023,0.125,96622518.0,773092279.0,0,Made money,0,"Mercy Hospital Okc (Oklahoma City, OK)",17,105,0.0197,0.0446
370014,Alliancehealth Durant,Durant,OK,Oklahoma,General hospital,For-profit,Rural,105.0,2023,0.2496,27566809.0,110424963.0,0,Made money,0,"Alliancehealth Durant (Durant, OK)",2,105,0.0197,0.0446
370015,Hillcrest Hospital Pryor,Pryor,OK,Oklahoma,General hospital,For-profit,Rural,21.0,2023,0.064,2251793.0,35187271.0,0,Made money,0,"Hillcrest Hospital Pryor (Pryor, OK)",36,105,0.0197,0.0446
370016,Bass Baptist Health Center,Enid,OK,Oklahoma,General hospital,Nonprofit,Urban,110.0,2023,0.0055,647690.0,117811033.0,0,Made money,0,"Bass Baptist Health Center (Enid, OK)",60,105,0.0197,0.0446
370018,Jane Phillips Medical Center,Bartlesville,OK,Oklahoma,General hospital,Nonprofit,Rural,81.0,2023,0.0268,3715208.0,138876017.0,0,Made money,0,"Jane Phillips Medical Center (Bartlesville, OK)",48,105,0.0197,0.0446
370019,Great Plains Regional Medical Center,Elk City,OK,Oklahoma,General hospital,Nonprofit,Rural,42.0,2023,-0.0751,-4407989.0,58681814.0,2,2 years,2,"Great Plains Regional Medical Center (Elk City, OK)",82,105,0.0197,0.0446
370020,Mercy Hospital Ada,Ada,OK,Oklahoma,General hospital,Nonprofit,Rural,108.0,2023,0.0455,5884978.0,129471410.0,0,Made money,0,"Mercy Hospital Ada (Ada, OK)",43,105,0.0197,0.0446
370022,Jackson County Memorial Hospital,Altus,OK,Oklahoma,General hospital,Government,Rural,49.0,2023,0.0242,2134889.0,88349625.0,0,Made money,0,"Jackson County Memorial Hospital (Altus, OK)",50,105,0.0197,0.0446
370023,Duncan Regional Hospital,Duncan,OK,Oklahoma,General hospital,Nonprofit,Rural,86.0,2023,0.08,12714703.0,158895788.0,0,Made money,0,"Duncan Regional Hospital (Duncan, OK)",27,105,0.0197,0.0446
370025,Saint Francis Hospital Muskogee,Muskogee,OK,Oklahoma,General hospital,Nonprofit,Rural,236.0,2023,0.1568,32643147.0,208223231.0,0,Made money,0,"Saint Francis Hospital Muskogee (Muskogee, OK)",11,105,0.0197,0.0446
370026,St Marys Regl Medical Center,Enid,OK,Oklahoma,General hospital,For-profit,Urban,142.0,2023,-0.074,-7052500.0,95316812.0,2,2 years,2,"St Marys Regl Medical Center (Enid, OK)",81,105,0.0197,0.0446
370028,Integris Baptist Medical Center,Oklahoma City,OK,Oklahoma,General hospital,Nonprofit,Urban,615.0,2023,0.0582,71440825.0,1227666322.0,0,Made money,0,"Integris Baptist Medical Center (Oklahoma City, OK)",37,105,0.0197,0.0446
370029,Alliance Health Clinton,Clinton,OK,Oklahoma,General hospital,For-profit,Rural,45.0,2021,-0.0942,-2144427.0,22770359.0,1,1 year,1,"Alliance Health Clinton (Clinton, OK)",2,2,0.0197,0.0446
370030,Blackwell Regional Hospital,Blackwell,OK,Oklahoma,General hospital,Government,Rural,34.0,2022,-0.1969,-1731505.0,8791946.0,6,5+ years,4,"Blackwell Regional Hospital (Blackwell, OK)",6,6,0.0197,0.0446
370034,Mcalester Regional Health Center,Mcalester,OK,Oklahoma,General hospital,Government,Rural,103.0,2023,-0.0801,-7969838.0,99448443.0,5,5+ years,4,"Mcalester Regional Health Center (Mcalester, OK)",85,105,0.0197,0.0446
370037,St Anthony Hospital,Oklahoma City,OK,Oklahoma,General hospital,Nonprofit,Urban,501.0,2023,0.1033,92582893.0,895955167.0,0,Made money,0,"St Anthony Hospital (Oklahoma City, OK)",21,105,0.0197,0.0446
370039,Hillcrest Hospital Claremore,Claremore,OK,Oklahoma,General hospital,For-profit,Urban,41.0,2023,0.074,5282582.0,71433885.0,0,Made money,0,"Hillcrest Hospital Claremore (Claremore, OK)",32,105,0.0197,0.0446
370041,Bristow Medical Center,Jenks,OK,Oklahoma,General hospital,For-profit,Urban,25.0,2022,-0.0287,-1543482.0,53826994.0,1,1 year,1,"Bristow Medical Center (Jenks, OK)",3,6,0.0197,0.0446
370047,Mercy Hospital Ardmore,Ardmore,OK,Oklahoma,General hospital,Nonprofit,Rural,140.0,2023,0.0847,15627239.0,184451719.0,0,Made money,0,"Mercy Hospital Ardmore (Ardmore, OK)",26,105,0.0197,0.0446
370049,Stillwater Medical Center,Stillwater,OK,Oklahoma,General hospital,Government,Rural,52.0,2023,0.0649,20987631.0,323245574.0,0,Made money,0,"Stillwater Medical Center (Stillwater, OK)",34,105,0.0197,0.0446
370054,Grady Memorial Hospital,Chickasha,OK,Oklahoma,General hospital,Government,Urban,48.0,2023,0.0144,740607.0,51482451.0,0,Made money,0,"Grady Memorial Hospital (Chickasha, OK)",57,105,0.0197,0.0446
370056,Comanche County Memorial Hospital,Lawton,OK,Oklahoma,General hospital,Government,Urban,183.0,2023,0.0752,28800986.0,382837443.0,0,Made money,0,"Comanche County Memorial Hospital (Lawton, OK)",31,105,0.0197,0.0446
370057,Muscogee Creek Nation Med Center,Okmulgee,OK,Oklahoma,General hospital,Government,Urban,50.0,2023,-0.0405,-1243688.0,30740497.0,1,1 year,1,"Muscogee Creek Nation Med Center (Okmulgee, OK)",73,105,0.0197,0.0446
370078,Osu Medical Center,Tulsa,OK,Oklahoma,General hospital,Government,Urban,143.0,2023,0.0908,20061562.0,220975855.0,0,Made money,0,"Osu Medical Center (Tulsa, OK)",23,105,0.0197,0.0446
370083,Pushmataha Hospital,Antlers,OK,Oklahoma,General hospital,Government,Rural,25.0,2023,-0.0034,-22545.0,6612698.0,1,1 year,1,"Pushmataha Hospital (Antlers, OK)",63,105,0.0197,0.0446
370089,Northeastern Health System,Tahlequah,OK,Oklahoma,General hospital,Government,Rural,80.0,2023,-0.0374,-5406245.0,144511868.0,2,2 years,2,"Northeastern Health System (Tahlequah, OK)",72,105,0.0197,0.0446
370091,Saint Francis Hospital,Tulsa,OK,Oklahoma,General hospital,Nonprofit,Urban,903.0,2023,0.2417,457494903.0,1892461659.0,0,Made money,0,"Saint Francis Hospital (Tulsa, OK)",4,105,0.0197,0.0446
370093,Ou Medical Center,Oklahoma City,OK,Oklahoma,General hospital,Nonprofit,Urban,842.0,2023,0.0947,190311098.0,2009689925.0,0,Made money,0,"Ou Medical Center (Oklahoma City, OK)",22,105,0.0197,0.0446
370094,Ssm Health St Anthony Hospital - Mid,Midwest City,OK,Oklahoma,General hospital,Nonprofit,Urban,126.0,2023,-0.0012,-179727.0,144912178.0,2,2 years,2,"Ssm Health St Anthony Hospital - Mid (Midwest City, OK)",62,105,0.0197,0.0446
370097,Southwestern Medical Center,Lawton,OK,Oklahoma,General hospital,For-profit,Urban,126.0,2023,-0.1974,-13865998.0,70245381.0,4,3-4 years,3,"Southwestern Medical Center (Lawton, OK)",97,105,0.0197,0.0446
370099,Hillcrest Hospital Cushing,Cushing,OK,Oklahoma,General hospital,For-profit,Rural,24.0,2023,-0.3249,-4715159.0,14513110.0,13,5+ years,4,"Hillcrest Hospital Cushing (Cushing, OK)",103,105,0.0197,0.0446
370100,Choctaw Memorial Hospital,Hugo,OK,Oklahoma,General hospital,Government,Rural,34.0,2023,-0.0788,-760200.0,9642393.0,2,2 years,2,"Choctaw Memorial Hospital (Hugo, OK)",84,105,0.0197,0.0446
370106,Integris Southwest Medical Center,Oklahoma City,OK,Oklahoma,General hospital,Nonprofit,Urban,177.0,2023,0.0439,14026172.0,319146514.0,0,Made money,0,"Integris Southwest Medical Center (Oklahoma City, OK)",44,105,0.0197,0.0446
370112,Sequoyah County City Of Sallisaw Hos,Sallisaw,OK,Oklahoma,General hospital,Government,Urban,41.0,2023,-0.0588,-990332.0,16843721.0,3,3-4 years,3,"Sequoyah County City Of Sallisaw Hos (Sallisaw, OK)",77,105,0.0197,0.0446
370113,Integris Grove  Hospital,Grove,OK,Oklahoma,General hospital,Nonprofit,Rural,41.0,2023,-0.126,-7000952.0,55563134.0,5,5+ years,4,"Integris Grove  Hospital (Grove, OK)",91,105,0.0197,0.0446
370114,St. John Medical Center,Tulsa,OK,Oklahoma,General hospital,Nonprofit,Urban,419.0,2023,-0.0319,-18609584.0,584194547.0,1,1 year,1,"St. John Medical Center (Tulsa, OK)",69,105,0.0197,0.0446
370139,Perry Memorial Hospital,Perry,OK,Oklahoma,General hospital,Government,Rural,26.0,2022,-0.0738,-676333.0,9165314.0,3,3-4 years,3,"Perry Memorial Hospital (Perry, OK)",4,6,0.0197,0.0446
370149,St Anthony Shawnee Hospital,Shawnee,OK,Oklahoma,General hospital,Nonprofit,Rural,61.0,2023,0.0073,1380090.0,189556951.0,0,Made money,0,"St Anthony Shawnee Hospital (Shawnee, OK)",58,105,0.0197,0.0446
370153,Elkview General Hospital,Hobart,OK,Oklahoma,General hospital,Government,Rural,25.0,2023,-0.1933,-1917349.0,9920971.0,2,2 years,2,"Elkview General Hospital (Hobart, OK)",96,105,0.0197,0.0446
370158,Purcell Municipal Hospital,Purcell,OK,Oklahoma,General hospital,Government,Urban,10.0,2023,0.024,275199.0,11460482.0,0,Made money,0,"Purcell Municipal Hospital (Purcell, OK)",51,105,0.0197,0.0446
370166,Wagoner Hospital Authority,Wagoner,OK,Oklahoma,General hospital,Nonprofit,Urban,100.0,2023,-0.1123,-2597740.0,23131827.0,2,2 years,2,"Wagoner Hospital Authority (Wagoner, OK)",89,105,0.0197,0.0446
370178,Adair County  Health Center,Stilwell,OK,Oklahoma,General hospital,Nonprofit,Rural,30.0,2023,-0.2609,-3446486.0,13207670.0,5,5+ years,4,"Adair County  Health Center (Stilwell, OK)",101,105,0.0197,0.0446
370183,Hillcrest Hospital Henryetta,Henryetta,OK,Oklahoma,General hospital,For-profit,Urban,15.0,2023,-0.0684,-1260128.0,18416514.0,13,5+ years,4,"Hillcrest Hospital Henryetta (Henryetta, OK)",79,105,0.0197,0.0446
370192,Northwest Surgical Hospital,Oklahoma City,OK,Oklahoma,General hospital,For-profit,Urban,9.0,2023,0.1367,2391285.0,17486894.0,0,Made money,0,"Northwest Surgical Hospital (Oklahoma City, OK)",14,105,0.0197,0.0446
370199,Lakeside Womens Hospital,Oklahoma City,OK,Oklahoma,General hospital,For-profit,Urban,23.0,2023,0.1585,5049363.0,31847225.0,0,Made money,0,"Lakeside Womens Hospital (Oklahoma City, OK)",10,105,0.0197,0.0446
370201,Surgical Hospital Of Oklahoma,Oklahoma City,OK,Oklahoma,General hospital,For-profit,Urban,12.0,2023,-0.2053,-5836788.0,28423994.0,5,5+ years,4,"Surgical Hospital Of Oklahoma (Oklahoma City, OK)",99,105,0.0197,0.0446
370202,Hillcrest Hospital South,Tulsa,OK,Oklahoma,General hospital,For-profit,Urban,180.0,2023,0.0848,20416840.0,240667321.0,0,Made money,0,"Hillcrest Hospital South (Tulsa, OK)",25,105,0.0197,0.0446
370203,Community Hospital,Oklahoma City,OK,Oklahoma,General hospital,For-profit,Urban,45.0,2023,0.2473,38553433.0,155923239.0,0,Made money,0,"Community Hospital (Oklahoma City, OK)",3,105,0.0197,0.0446
370206,Oklahoma Spine Hospital,Oklahoma City,OK,Oklahoma,General hospital,For-profit,Urban,23.0,2023,0.0384,3026427.0,78716805.0,0,Made money,0,"Oklahoma Spine Hospital (Oklahoma City, OK)",45,105,0.0197,0.0446
370210,Oklahoma Surgical Hospital,Tulsa,OK,Oklahoma,General hospital,For-profit,Urban,74.0,2023,0.1815,28878734.0,159098549.0,0,Made money,0,"Oklahoma Surgical Hospital (Tulsa, OK)",8,105,0.0197,0.0446
370211,Integris Canadian Valley Hospital,Yukon,OK,Oklahoma,General hospital,Nonprofit,Urban,66.0,2023,0.128,11560512.0,90297908.0,0,Made money,0,"Integris Canadian Valley Hospital (Yukon, OK)",15,105,0.0197,0.0446
370212,Ok Center For Orthopedic & Multi,Okalhoma City,OK,Oklahoma,General hospital,For-profit,Urban,9.0,2023,0.2204,15913058.0,72198832.0,0,Made money,0,"Ok Center For Orthopedic & Multi (Okalhoma City, OK)",5,105,0.0197,0.0446
370214,Lindsay Municipal Hospital Authority,Lindsay,OK,Oklahoma,General hospital,Government,Rural,26.0,2023,0.0156,306589.0,19686300.0,0,Made money,0,"Lindsay Municipal Hospital Authority (Lindsay, OK)",55,105,0.0197,0.0446
370215,Oklahoma Heart Hospital,Oklahoma City,OK,Oklahoma,General hospital,For-profit,Urban,97.0,2023,0.0155,5570109.0,358948702.0,0,Made money,0,"Oklahoma Heart Hospital (Oklahoma City, OK)",56,105,0.0197,0.0446
370216,Tulsa Spine Hospital,Tulsa,OK,Oklahoma,General hospital,For-profit,Urban,38.0,2023,0.1925,16628463.0,86380059.0,0,Made money,0,"Tulsa Spine Hospital (Tulsa, OK)",6,105,0.0197,0.0446
370218,Saint Francis Hospital South,Tulsa,OK,Oklahoma,General hospital,Nonprofit,Urban,104.0,2023,0.352,74502146.0,211667161.0,0,Made money,0,"Saint Francis Hospital South (Tulsa, OK)",1,105,0.0197,0.0446
370220,Orthopedic Hospital,Oklahoma City,OK,Oklahoma,General hospital,For-profit,Urban,7.0,2023,0.0483,1428564.0,29594377.0,0,Made money,0,"Orthopedic Hospital (Oklahoma City, OK)",42,105,0.0197,0.0446
370222,Mcbride Clinic Orthopedic Hospital,Oklahoma City,OK,Oklahoma,General hospital,For-profit,Urban,68.0,2023,-0.0205,-3636897.0,177121903.0,3,3-4 years,3,"Mcbride Clinic Orthopedic Hospital (Oklahoma City, OK)",66,105,0.0197,0.0446
370225,Summit Medical Center,Edmond,OK,Oklahoma,General hospital,For-profit,Urban,9.0,2023,0.0731,2852032.0,38989378.0,0,Made money,0,"Summit Medical Center (Edmond, OK)",33,105,0.0197,0.0446
370227,St. John Owasso,Owasso,OK,Oklahoma,General hospital,Nonprofit,Urban,54.0,2023,0.0209,893923.0,42800560.0,0,Made money,0,"St. John Owasso (Owasso, OK)",52,105,0.0197,0.0446
370228,Bailey Medical Center,Owasso,OK,Oklahoma,General hospital,For-profit,Urban,33.0,2023,0.1742,10830445.0,62170224.0,0,Made money,0,"Bailey Medical Center (Owasso, OK)",9,105,0.0197,0.0446
370229,Alliance Health Seminole,Seminole,OK,Oklahoma,General hospital,For-profit,Rural,32.0,2021,0.0781,1395521.0,17857190.0,0,Made money,0,"Alliance Health Seminole (Seminole, OK)",1,2,0.0197,0.0446
370234,Oklahoma Heart Hospital South,Oklahoma City,OK,Oklahoma,General hospital,For-profit,Urban,43.0,2023,0.0497,8461483.0,170188599.0,0,Made money,0,"Oklahoma Heart Hospital South (Oklahoma City, OK)",41,105,0.0197,0.0446
370235,St. John Broken Arrow,Broken Arrow,OK,Oklahoma,General hospital,Nonprofit,Urban,62.0,2023,0.1202,11036387.0,91848099.0,0,Made money,0,"St. John Broken Arrow (Broken Arrow, OK)",18,105,0.0197,0.0446
370236,Integris Health Edmond,Edmond,OK,Oklahoma,General hospital,Nonprofit,Urban,77.0,2023,0.0029,387899.0,132267644.0,0,Made money,0,"Integris Health Edmond (Edmond, OK)",61,105,0.0197,0.0446
370237,Saint Francis Hospital Vinita,Vinita,OK,Oklahoma,General hospital,Nonprofit,Rural,35.0,2023,0.0648,1611026.0,24875178.0,0,Made money,0,"Saint Francis Hospital Vinita (Vinita, OK)",35,105,0.0197,0.0446
370240,Integris Community Hospital,Oklahoma City,OK,Oklahoma,General hospital,For-profit,Urban,32.0,2023,-0.0786,-2903199.0,36938836.0,4,3-4 years,3,"Integris Community Hospital (Oklahoma City, OK)",83,105,0.0197,0.0446
370243,Southern Plains Med Ctr Of Garvin Co,Pauls Valley,OK,Oklahoma,General hospital,For-profit,Rural,43.0,2023,-0.7733,-7344105.0,9497661.0,2,2 years,2,"Southern Plains Med Ctr Of Garvin Co (Pauls Valley, OK)",105,105,0.0197,0.0446
371300,Atoka County Medical Center,Atoka,OK,Oklahoma,Critical access hospital (small rural),Government,Rural,25.0,2023,0.0059,75000.0,12756247.0,0,Made money,0,"Atoka County Medical Center (Atoka, OK)",59,105,0.0197,0.0446
371301,Prague Community Hospital,Prague,OK,Oklahoma,Critical access hospital (small rural),Government,Rural,25.0,2023,-0.1455,-2372817.0,16307569.0,2,2 years,2,"Prague Community Hospital (Prague, OK)",93,105,0.0197,0.0446
371302,Mercy Hospital Watonga,Watonga,OK,Oklahoma,Critical access hospital (small rural),Nonprofit,Rural,25.0,2023,0.1867,1862834.0,9979484.0,0,Made money,0,"Mercy Hospital Watonga (Watonga, OK)",7,105,0.0197,0.0446
371303,Roger Mills Memorial Hospital,Cheyenne,OK,Oklahoma,Critical access hospital (small rural),Government,Rural,15.0,2023,-0.034,-325033.0,9552845.0,3,3-4 years,3,"Roger Mills Memorial Hospital (Cheyenne, OK)",70,105,0.0197,0.0446
371304,Mercy Hospital Tishomingo,Tishomingo,OK,Oklahoma,Critical access hospital (small rural),Nonprofit,Rural,25.0,2023,0.0517,527208.0,10198561.0,0,Made money,0,"Mercy Hospital Tishomingo (Tishomingo, OK)",40,105,0.0197,0.0446
371305,Nowata Health Center,Nowata,OK,Oklahoma,Critical access hospital (small rural),Nonprofit,Rural,25.0,2023,-0.0469,-261679.0,5580178.0,2,2 years,2,"Nowata Health Center (Nowata, OK)",74,105,0.0197,0.0446
371306,Mercy Health/Love County,Marietta,OK,Oklahoma,Critical access hospital (small rural),Government,Rural,25.0,2023,-0.0577,-982374.0,17011696.0,4,3-4 years,3,"Mercy Health/Love County (Marietta, OK)",76,105,0.0197,0.0446
371307,Cimarron Memorial Hospital,Boise City,OK,Oklahoma,Critical access hospital (small rural),Government,Rural,25.0,2023,-0.1483,-654014.0,4410995.0,1,1 year,1,"Cimarron Memorial Hospital (Boise City, OK)",94,105,0.0197,0.0446
371309,Pawhuska Hospital  Inc.,Pawhuska,OK,Oklahoma,Critical access hospital (small rural),Nonprofit,Urban,25.0,2023,-0.0905,-1703053.0,18820263.0,2,2 years,2,"Pawhuska Hospital  Inc. (Pawhuska, OK)",87,105,0.0197,0.0446
371310,Mercy Hospital Healdton  Inc.,Healdton,OK,Oklahoma,Critical access hospital (small rural),Nonprofit,Rural,22.0,2023,0.0797,772733.0,9692992.0,0,Made money,0,"Mercy Hospital Healdton  Inc. (Healdton, OK)",28,105,0.0197,0.0446
371311,Jefferson County Hospital,Waurika,OK,Oklahoma,Critical access hospital (small rural),Nonprofit,Rural,25.0,2023,0.1254,5137516.0,40972400.0,0,Made money,0,"Jefferson County Hospital (Waurika, OK)",16,105,0.0197,0.0446
371312,St John Sapulpa,Sapulpa,OK,Oklahoma,Critical access hospital (small rural),Nonprofit,Urban,25.0,2023,0.0759,2141709.0,28214578.0,0,Made money,0,"St John Sapulpa (Sapulpa, OK)",30,105,0.0197,0.0446
371313,Mercy Hospital Kingfisher,Kingfisher,OK,Oklahoma,Critical access hospital (small rural),Nonprofit,Rural,25.0,2023,0.0551,960461.0,17446344.0,0,Made money,0,"Mercy Hospital Kingfisher (Kingfisher, OK)",38,105,0.0197,0.0446
371314,Physicians Hospital At Anadarko,Anadarko,OK,Oklahoma,Critical access hospital (small rural),Nonprofit,Rural,25.0,2023,-0.2142,-10771934.0,50282264.0,13,5+ years,4,"Physicians Hospital At Anadarko (Anadarko, OK)",100,105,0.0197,0.0446
371316,Stroud Regional Medical Center,Stroud,OK,Oklahoma,Critical access hospital (small rural),Nonprofit,Urban,25.0,2023,-0.3281,-13923527.0,42443180.0,11,5+ years,4,"Stroud Regional Medical Center (Stroud, OK)",104,105,0.0197,0.0446
371317,Mercy Hospital Logan County,Guthrie,OK,Oklahoma,Critical access hospital (small rural),Nonprofit,Urban,25.0,2023,0.0903,2283158.0,25288270.0,0,Made money,0,"Mercy Hospital Logan County (Guthrie, OK)",24,105,0.0197,0.0446
371318,Fairfax Community Hospital,Fairfax,OK,Oklahoma,Critical access hospital (small rural),For-profit,Urban,25.0,2023,-0.2013,-8089342.0,40180055.0,3,3-4 years,3,"Fairfax Community Hospital (Fairfax, OK)",98,105,0.0197,0.0446
371319,Coal County General Hospital,Coalgate,OK,Oklahoma,Critical access hospital (small rural),Nonprofit,Rural,20.0,2023,-0.1048,-994967.0,9497752.0,3,3-4 years,3,"Coal County General Hospital (Coalgate, OK)",88,105,0.0197,0.0446
371320,Cleveland Area Hospital,Cleveland,OK,Oklahoma,Critical access hospital (small rural),Nonprofit,Urban,14.0,2023,0.1197,3110104.0,25976231.0,0,Made money,0,"Cleveland Area Hospital (Cleveland, OK)",19,105,0.0197,0.0446
371321,Holdenville General Hospital,Holdenville,OK,Oklahoma,Critical access hospital (small rural),Government,Rural,25.0,2023,0.0181,361682.0,20000811.0,0,Made money,0,"Holdenville General Hospital (Holdenville, OK)",54,105,0.0197,0.0446
371322,Beaver County Memorial Hospital,Beaver,OK,Oklahoma,Critical access hospital (small rural),Government,Rural,24.0,2023,-0.0654,-483617.0,7390793.0,2,2 years,2,"Beaver County Memorial Hospital (Beaver, OK)",78,105,0.0197,0.0446
371323,Weatherford Regional Hospital,Weatherford,OK,Oklahoma,Critical access hospital (small rural),Government,Rural,25.0,2023,-0.0348,-889076.0,25577063.0,1,1 year,1,"Weatherford Regional Hospital (Weatherford, OK)",71,105,0.0197,0.0446
371324,Harper County Community Hospital,Buffalo,OK,Oklahoma,Critical access hospital (small rural),Government,Rural,15.0,2023,-0.1241,-659222.0,5311504.0,2,2 years,2,"Harper County Community Hospital (Buffalo, OK)",90,105,0.0197,0.0446
371325,Cordell Memorial Hospital,Cordell,OK,Oklahoma,Critical access hospital (small rural),Government,Rural,14.0,2023,0.0197,165998.0,8431208.0,0,Made money,0,"Cordell Memorial Hospital (Cordell, OK)",53,105,0.0197,0.0446
371326,Alliancehealth Madill,Madill,OK,Oklahoma,Critical access hospital (small rural),For-profit,Rural,25.0,2023,0.054,1123562.0,20824777.0,0,Made money,0,"Alliancehealth Madill (Madill, OK)",39,105,0.0197,0.0446
371327,Okeene Municipal Hospital,Okeene,OK,Oklahoma,Critical access hospital (small rural),Government,Rural,17.0,2023,-0.0688,-584840.0,8498390.0,2,2 years,2,"Okeene Municipal Hospital (Okeene, OK)",80,105,0.0197,0.0446
371328,Arbuckle Memorial Hospital,Sulphur,OK,Oklahoma,Critical access hospital (small rural),Government,Rural,25.0,2023,0.0761,1929403.0,25356489.0,0,Made money,0,"Arbuckle Memorial Hospital (Sulphur, OK)",29,105,0.0197,0.0446
371329,Fairview Hospital,Fairview,OK,Oklahoma,Critical access hospital (small rural),Government,Rural,25.0,2023,-0.0311,-244363.0,7867347.0,2,2 years,2,"Fairview Hospital (Fairview, OK)",68,105,0.0197,0.0446
371330,Mangum Regional Medical Center,Mangum,OK,Oklahoma,Critical access hospital (small rural),Government,Rural,18.0,2023,-0.129,-2083279.0,16154700.0,2,2 years,2,"Mangum Regional Medical Center (Mangum, OK)",92,105,0.0197,0.0446
371331,Drumright Regional Hospital,Drumright,OK,Oklahoma,Critical access hospital (small rural),For-profit,Rural,15.0,2023,-0.0828,-942157.0,11375367.0,1,1 year,1,"Drumright Regional Hospital (Drumright, OK)",86,105,0.0197,0.0446
371332,Seiling Municipal Hospital,Seiling,OK,Oklahoma,Critical access hospital (small rural),Government,Rural,18.0,2023,0.0303,376237.0,12428193.0,0,Made money,0,"Seiling Municipal Hospital (Seiling, OK)",46,105,0.0197,0.0446
371333,Creek Nation Community Hospital,Okemah,OK,Oklahoma,Critical access hospital (small rural),Government,Rural,25.0,2022,0.1531,13022609.0,85082029.0,0,Made money,0,"Creek Nation Community Hospital (Okemah, OK)",1,6,0.0197,0.0446
371334,Carnegie Tri-County Municipal Hospit,Carnegie,OK,Oklahoma,Critical access hospital (small rural),Government,Rural,17.0,2023,-0.0118,-281623.0,23806369.0,5,5+ years,4,"Carnegie Tri-County Municipal Hospit (Carnegie, OK)",65,105,0.0197,0.0446
371335,Haskell Regional Hospital,Stigler,OK,Oklahoma,Critical access hospital (small rural),Nonprofit,Rural,25.0,2023,0.1482,2690486.0,18149190.0,0,Made money,0,"Haskell Regional Hospital (Stigler, OK)",12,105,0.0197,0.0446
371336,Newman Memorial Hospital,Shattuck,OK,Oklahoma,Critical access hospital (small rural),Government,Rural,25.0,2023,-0.0264,-369045.0,13959559.0,2,2 years,2,"Newman Memorial Hospital (Shattuck, OK)",67,105,0.0197,0.0446
371337,Eastern Oklahoma Medical Center,Poteau,OK,Oklahoma,Critical access hospital (small rural),Government,Rural,25.0,2023,-0.0115,-277541.0,24103657.0,2,2 years,2,"Eastern Oklahoma Medical Center (Poteau, OK)",64,105,0.0197,0.0446
371338,Harmon Memorial Hospital,Hollis,OK,Oklahoma,Critical access hospital (small rural),Government,Rural,22.0,2023,-0.1585,-960111.0,6058729.0,5,5+ years,4,"Harmon Memorial Hospital (Hollis, OK)",95,105,0.0197,0.0446
371340,Memorial Hospital Of Texas County,Guymon,OK,Oklahoma,Critical access hospital (small rural),Government,Rural,6.0,2023,0.1423,2018329.0,14181654.0,0,Made money,0,"Memorial Hospital Of Texas County (Guymon, OK)",13,105,0.0197,0.0446
371341,Share Medical Center,Alva,OK,Oklahoma,Critical access hospital (small rural),Government,Rural,25.0,2023,0.0257,402005.0,15639619.0,0,Made money,0,"Share Medical Center (Alva, OK)",49,105,0.0197,0.0446
371342,Mccurtain Memorial Hospital,Idabel,OK,Oklahoma,Critical access hospital (small rural),Nonprofit,Rural,25.0,2023,0.1034,3040526.0,29397313.0,0,Made money,0,"Mccurtain Memorial Hospital (Idabel, OK)",20,105,0.0197,0.0446
380001,Mid-Columbia Medical Center,The Dalles,OR,Oregon,General hospital,Nonprofit,Rural,49.0,2023,-0.174,-20859427.0,119853134.0,2,2 years,2,"Mid-Columbia Medical Center (The Dalles, OR)",55,55,0.0259,0.0446
380002,Three Rivers Medical Center,Grants Pass,OR,Oregon,General hospital,Nonprofit,Urban,126.0,2023,0.0018,498930.0,279853519.0,0,Made money,0,"Three Rivers Medical Center (Grants Pass, OR)",34,55,0.0259,0.0446
380004,Providence St. Vincent Medical Ctr,Portland,OR,Oregon,General hospital,Nonprofit,Urban,510.0,2023,-0.0003,-380207.0,1129480686.0,2,2 years,2,"Providence St. Vincent Medical Ctr (Portland, OR)",35,55,0.0259,0.0446
380005,Ashland Community Hospital,Ashland,OR,Oregon,General hospital,Nonprofit,Urban,41.0,2023,0.0466,3298519.0,70853927.0,0,Made money,0,"Ashland Community Hospital (Ashland, OR)",24,55,0.0259,0.0446
380007,Legacy Emanuel Hospital & Health Ctr,Portland,OR,Oregon,General hospital,Nonprofit,Urban,388.0,2023,-0.0129,-15919637.0,1237728594.0,9,5+ years,4,"Legacy Emanuel Hospital & Health Ctr (Portland, OR)",38,55,0.0259,0.0446
380009,Ohsu Hospital And Clinics,Portland,OR,Oregon,General hospital,Government,Urban,562.0,2023,0.1053,365087333.0,3465928143.0,0,Made money,0,"Ohsu Hospital And Clinics (Portland, OR)",16,55,0.0259,0.0446
380014,Good Samaritan Hospital Corvallis,Corvallis,OR,Oregon,General hospital,Nonprofit,Urban,169.0,2023,-0.0342,-19889426.0,581432715.0,2,2 years,2,"Good Samaritan Hospital Corvallis (Corvallis, OR)",43,55,0.0259,0.0446
380017,Legacy Good Samaritan Hospital,Portland,OR,Oregon,General hospital,Nonprofit,Urban,177.0,2023,0.0388,18873441.0,486107973.0,0,Made money,0,"Legacy Good Samaritan Hospital (Portland, OR)",25,55,0.0259,0.0446
380018,Rogue Regional Medical Center,Medford,OR,Oregon,General hospital,Nonprofit,Urban,322.0,2023,0.0056,4356683.0,778727255.0,0,Made money,0,"Rogue Regional Medical Center (Medford, OR)",31,55,0.0259,0.0446
380020,Mckenzie-Willamette Hospital,Springfield,OR,Oregon,General hospital,For-profit,Urban,113.0,2023,-0.0095,-2430649.0,255977837.0,2,2 years,2,"Mckenzie-Willamette Hospital (Springfield, OR)",37,55,0.0259,0.0446
380021,Tuality Healthcare,Hillsboro,OR,Oregon,General hospital,Nonprofit,Urban,113.0,2023,0.0159,5106535.0,321395591.0,0,Made money,0,"Tuality Healthcare (Hillsboro, OR)",30,55,0.0259,0.0446
380022,Samaritan Albany General Hospital,Albany,OR,Oregon,General hospital,Nonprofit,Urban,67.0,2023,0.0228,5884759.0,257772051.0,0,Made money,0,"Samaritan Albany General Hospital (Albany, OR)",29,55,0.0259,0.0446
380025,Legacy Mount Hood Medical Center,Gresham,OR,Oregon,General hospital,Nonprofit,Urban,99.0,2023,-0.0504,-10331129.0,205142490.0,2,2 years,2,"Legacy Mount Hood Medical Center (Gresham, OR)",47,55,0.0259,0.0446
380027,Mercy Medical Center,Roseburg,OR,Oregon,General hospital,Nonprofit,Rural,162.0,2023,0.1937,64810166.0,334549649.0,0,Made money,0,"Mercy Medical Center (Roseburg, OR)",7,55,0.0259,0.0446
380029,Silverton Hospital,Silverton,OR,Oregon,General hospital,Nonprofit,Urban,29.0,2023,-0.0554,-7365304.0,132834295.0,7,5+ years,4,"Silverton Hospital (Silverton, OR)",48,55,0.0259,0.0446
380033,Sacred Heart Med Ctr - University,Eugene,OR,Oregon,General hospital,Nonprofit,Urban,36.0,2022,-0.3175,-33939148.0,106883649.0,7,5+ years,4,"Sacred Heart Med Ctr - University (Eugene, OR)",1,1,0.0259,0.0446
380037,Providence Newberg Medical Center,Newberg,OR,Oregon,General hospital,Nonprofit,Urban,40.0,2023,0.1468,24550445.0,167243838.0,0,Made money,0,"Providence Newberg Medical Center (Newberg, OR)",10,55,0.0259,0.0446
380038,Providence Willamette Falls Med Ctr,Oregon City,OR,Oregon,General hospital,Nonprofit,Urban,101.0,2023,-0.0413,-8145282.0,197102375.0,3,3-4 years,3,"Providence Willamette Falls Med Ctr (Oregon City, OR)",44,55,0.0259,0.0446
380040,St. Charles Med Ctr-Redmond,Redmond,OR,Oregon,General hospital,Nonprofit,Urban,36.0,2021,0.2519,26613496.0,105663689.0,0,Made money,0,"St. Charles Med Ctr-Redmond (Redmond, OR)",1,1,0.0259,0.0446
380047,St Charles Medical Center,Bend,OR,Oregon,General hospital,Nonprofit,Urban,316.0,2023,0.2653,268991204.0,1014016556.0,0,Made money,0,"St Charles Medical Center (Bend, OR)",4,55,0.0259,0.0446
380050,Sky Lakes Medical Center,Klamath Falls,OR,Oregon,General hospital,Nonprofit,Rural,90.0,2023,0.0022,706876.0,328008928.0,0,Made money,0,"Sky Lakes Medical Center (Klamath Falls, OR)",33,55,0.0259,0.0446
380051,Salem Hospital,Salem,OR,Oregon,General hospital,Nonprofit,Urban,537.0,2023,-0.0495,-55516709.0,1121749373.0,3,3-4 years,3,"Salem Hospital (Salem, OR)",46,55,0.0259,0.0446
380052,Saint Alphonsus Medical Center - Ont,Ontario,OR,Oregon,General hospital,Nonprofit,Rural,35.0,2023,0.0486,3952427.0,81288164.0,0,Made money,0,"Saint Alphonsus Medical Center - Ont (Ontario, OR)",22,55,0.0259,0.0446
380056,Santiam Memorial Hospital,Stayton,OR,Oregon,General hospital,Nonprofit,Urban,40.0,2023,-0.0558,-5878439.0,105333867.0,2,2 years,2,"Santiam Memorial Hospital (Stayton, OR)",49,55,0.0259,0.0446
380060,Adventist Medical Center-Portland,Portland,OR,Oregon,General hospital,Nonprofit,Urban,168.0,2023,-0.004,-1562661.0,394362945.0,2,2 years,2,"Adventist Medical Center-Portland (Portland, OR)",36,55,0.0259,0.0446
380061,Providence Portland Medical Center,Portland,OR,Oregon,General hospital,Nonprofit,Urban,391.0,2023,0.0566,71342463.0,1261174157.0,0,Made money,0,"Providence Portland Medical Center (Portland, OR)",20,55,0.0259,0.0446
380071,Willamette Valley Medical Center,Mcminnville,OR,Oregon,General hospital,For-profit,Urban,50.0,2023,-0.0681,-7816602.0,114727230.0,2,2 years,2,"Willamette Valley Medical Center (Mcminnville, OR)",52,55,0.0259,0.0446
380075,Providence Medford Medical Center,Medford,OR,Oregon,General hospital,Nonprofit,Urban,100.0,2023,-0.0764,-20399777.0,267113222.0,9,5+ years,4,"Providence Medford Medical Center (Medford, OR)",53,55,0.0259,0.0446
380082,Providence Milwaukie Hospital,Milwaukie,OR,Oregon,General hospital,Nonprofit,Urban,47.0,2023,-0.0476,-6856249.0,144082053.0,8,5+ years,4,"Providence Milwaukie Hospital (Milwaukie, OR)",45,55,0.0259,0.0446
380089,Legacy Meridian Park Hospital,Tualatin,OR,Oregon,General hospital,Nonprofit,Urban,110.0,2023,0.0806,24319782.0,301808149.0,0,Made money,0,"Legacy Meridian Park Hospital (Tualatin, OR)",17,55,0.0259,0.0446
380090,Bay Area Hospital,Coos Bay,OR,Oregon,General hospital,Government,Rural,144.0,2023,-0.0245,-4960413.0,202368415.0,3,3-4 years,3,"Bay Area Hospital (Coos Bay, OR)",40,55,0.0259,0.0446
380102,Shmc-Riverbend,Springfield,OR,Oregon,General hospital,Nonprofit,Urban,354.0,2023,-0.0279,-25654921.0,919931122.0,3,3-4 years,3,"Shmc-Riverbend (Springfield, OR)",41,55,0.0259,0.0446
381301,Cottage Grove Community Hospital,Cottage Grove,OR,Oregon,Critical access hospital (small rural),Nonprofit,Urban,14.0,2023,0.2141,11833130.0,55271060.0,0,Made money,0,"Cottage Grove Community Hospital (Cottage Grove, OR)",6,55,0.0259,0.0446
381302,North Lincoln Hospital,Lincoln City,OR,Oregon,Critical access hospital (small rural),Nonprofit,Rural,12.0,2023,0.0324,3079517.0,95129960.0,0,Made money,0,"North Lincoln Hospital (Lincoln City, OR)",26,55,0.0259,0.0446
381303,Providence Seaside Hospital,Seaside,OR,Oregon,Critical access hospital (small rural),Nonprofit,Rural,25.0,2023,-0.0607,-5281261.0,87027777.0,9,5+ years,4,"Providence Seaside Hospital (Seaside, OR)",50,55,0.0259,0.0446
381304,Southern Coos General Hospital,Bandon,OR,Oregon,Critical access hospital (small rural),Government,Rural,17.0,2023,0.0054,158522.0,29368364.0,0,Made money,0,"Southern Coos General Hospital (Bandon, OR)",32,55,0.0259,0.0446
381305,Blue Mountain Hospital District,John Day,OR,Oregon,Critical access hospital (small rural),Government,Rural,16.0,2023,0.1396,5378710.0,38530880.0,0,Made money,0,"Blue Mountain Hospital District (John Day, OR)",11,55,0.0259,0.0446
381306,Wallowa County Health Care District,Enterprise,OR,Oregon,Critical access hospital (small rural),Government,Rural,23.0,2023,0.0526,2166211.0,41174267.0,0,Made money,0,"Wallowa County Health Care District (Enterprise, OR)",21,55,0.0259,0.0446
381307,Harney District Hospital,Burns,OR,Oregon,Critical access hospital (small rural),Government,Rural,24.0,2023,-0.0244,-905238.0,37072166.0,3,3-4 years,3,"Harney District Hospital (Burns, OR)",39,55,0.0259,0.0446
381308,Salem Health West Valley,Dallas,OR,Oregon,Critical access hospital (small rural),Nonprofit,Urban,25.0,2023,0.3774,37372024.0,99030390.0,0,Made money,0,"Salem Health West Valley (Dallas, OR)",1,55,0.0259,0.0446
381309,Lake Health District,Lakeview,OR,Oregon,Critical access hospital (small rural),Government,Rural,24.0,2023,-0.123,-4874858.0,39642012.0,2,2 years,2,"Lake Health District (Lakeview, OR)",54,55,0.0259,0.0446
381310,Pioneer Memorial Hospital,Heppner,OR,Oregon,Critical access hospital (small rural),Government,Rural,21.0,2023,-0.0632,-1268255.0,20061668.0,1,1 year,1,"Pioneer Memorial Hospital (Heppner, OR)",51,55,0.0259,0.0446
381311,Lower Umpqua Hospital,Reedsport,OR,Oregon,Critical access hospital (small rural),Government,Rural,16.0,2023,0.0678,2926327.0,43170157.0,0,Made money,0,"Lower Umpqua Hospital (Reedsport, OR)",18,55,0.0259,0.0446
381312,Coquille Valley Hospital,Coquille,OR,Oregon,Critical access hospital (small rural),Government,Rural,17.0,2023,0.0274,1188063.0,43288965.0,0,Made money,0,"Coquille Valley Hospital (Coquille, OR)",27,55,0.0259,0.0446
381313,St. Charles Med Ctr - Prineville,Prineville,OR,Oregon,Critical access hospital (small rural),Nonprofit,Rural,16.0,2023,0.3095,22668369.0,73241107.0,0,Made money,0,"St. Charles Med Ctr - Prineville (Prineville, OR)",2,55,0.0259,0.0446
381314,Samaritan Pacific Comm Hospital,Newport,OR,Oregon,Critical access hospital (small rural),Nonprofit,Rural,25.0,2023,0.1577,25118900.0,159284894.0,0,Made money,0,"Samaritan Pacific Comm Hospital (Newport, OR)",8,55,0.0259,0.0446
381315,Saint Alphonsus Medical Center Baker,Baker City,OR,Oregon,Critical access hospital (small rural),Nonprofit,Rural,21.0,2023,-0.0292,-1099360.0,37608140.0,1,1 year,1,"Saint Alphonsus Medical Center Baker (Baker City, OR)",42,55,0.0259,0.0446
381316,Peace Harbor Hospital,Florence,OR,Oregon,Critical access hospital (small rural),Nonprofit,Urban,21.0,2023,0.0575,6561900.0,114166006.0,0,Made money,0,"Peace Harbor Hospital (Florence, OR)",19,55,0.0259,0.0446
381317,Tillamook Regional Medical Center,Tillamook,OR,Oregon,Critical access hospital (small rural),Nonprofit,Rural,25.0,2023,0.1213,14764169.0,121705885.0,0,Made money,0,"Tillamook Regional Medical Center (Tillamook, OR)",13,55,0.0259,0.0446
381318,Hood River Memorial Hospital,Hood River,OR,Oregon,Critical access hospital (small rural),Nonprofit,Rural,25.0,2023,0.1137,15172722.0,133414371.0,0,Made money,0,"Hood River Memorial Hospital (Hood River, OR)",15,55,0.0259,0.0446
381319,St. Anthony Hospital,Pendleton,OR,Oregon,Critical access hospital (small rural),Nonprofit,Rural,25.0,2023,0.2328,29333870.0,125984940.0,0,Made money,0,"St. Anthony Hospital (Pendleton, OR)",5,55,0.0259,0.0446
381320,Columbia Memorial Hospital,Astoria,OR,Oregon,Critical access hospital (small rural),Nonprofit,Rural,25.0,2023,0.1387,28804439.0,207734476.0,0,Made money,0,"Columbia Memorial Hospital (Astoria, OR)",12,55,0.0259,0.0446
381321,Grande Ronde Hospital,La Grande,OR,Oregon,Critical access hospital (small rural),Nonprofit,Rural,25.0,2023,0.0484,7873062.0,162742474.0,0,Made money,0,"Grande Ronde Hospital (La Grande, OR)",23,55,0.0259,0.0446
381322,Curry Health District,Gold Beach,OR,Oregon,Critical access hospital (small rural),Government,Rural,16.0,2023,0.0259,1911162.0,73911433.0,0,Made money,0,"Curry Health District (Gold Beach, OR)",28,55,0.0259,0.0446
381323,Samaritan Lebanon Comm Hospital,Lebanon,OR,Oregon,Critical access hospital (small rural),Nonprofit,Urban,25.0,2023,0.1573,29585950.0,188101628.0,0,Made money,0,"Samaritan Lebanon Comm Hospital (Lebanon, OR)",9,55,0.0259,0.0446
381324,St Charles Madras,Madras,OR,Oregon,Critical access hospital (small rural),Nonprofit,Rural,24.0,2023,0.2722,17114097.0,62883728.0,0,Made money,0,"St Charles Madras (Madras, OR)",3,55,0.0259,0.0446
381325,Good Shepherd Medical Center,Hermiston,OR,Oregon,Critical access hospital (small rural),Nonprofit,Rural,25.0,2023,0.1207,26213551.0,217198890.0,0,Made money,0,"Good Shepherd Medical Center (Hermiston, OR)",14,55,0.0259,0.0446
390001,Community Medical Center,Scranton,PA,Pennsylvania,General hospital,Nonprofit,Urban,262.0,2023,0.081,43331522.0,535282462.0,0,Made money,0,"Community Medical Center (Scranton, PA)",47,150,0.0432,0.0446
390002,Upmc Mckeesport,Mckeesport,PA,Pennsylvania,General hospital,Nonprofit,Urban,145.0,2023,-0.2102,-30180665.0,143586796.0,8,5+ years,4,"Upmc Mckeesport (Mckeesport, PA)",140,150,0.0432,0.0446
390003,Geisinger Bloomsburg Hospital,Bloomsburg,PA,Pennsylvania,General hospital,Nonprofit,Urban,40.0,2023,0.5847,102973674.0,176108228.0,0,Made money,0,"Geisinger Bloomsburg Hospital (Bloomsburg, PA)",1,150,0.0432,0.0446
390004,Holy Spirit Hospital,Camp Hill,PA,Pennsylvania,General hospital,Nonprofit,Urban,229.0,2023,0.0354,11549433.0,325817469.0,0,Made money,0,"Holy Spirit Hospital (Camp Hill, PA)",80,150,0.0432,0.0446
390006,Geisinger Medical Center,Danville,PA,Pennsylvania,General hospital,Nonprofit,Urban,546.0,2023,0.1472,291585589.0,1981221142.0,0,Made money,0,"Geisinger Medical Center (Danville, PA)",26,150,0.0432,0.0446
390009,Saint Vincent Hospital,Erie,PA,Pennsylvania,General hospital,Nonprofit,Urban,316.0,2023,0.0608,29573365.0,486093062.0,0,Made money,0,"Saint Vincent Hospital (Erie, PA)",62,150,0.0432,0.0446
390012,Lansdale Hospital,Lansdale,PA,Pennsylvania,General hospital,Nonprofit,Urban,140.0,2023,0.0843,8336309.0,98895442.0,0,Made money,0,"Lansdale Hospital (Lansdale, PA)",46,150,0.0432,0.0446
390013,Evangelical Community Hospital,Lewisburg,PA,Pennsylvania,General hospital,Nonprofit,Rural,119.0,2023,0.1918,52166191.0,272046342.0,0,Made money,0,"Evangelical Community Hospital (Lewisburg, PA)",14,150,0.0432,0.0446
390016,Upmc Jameson,New Castle,PA,Pennsylvania,General hospital,Nonprofit,Urban,134.0,2023,-0.1702,-22742283.0,133626441.0,7,5+ years,4,"Upmc Jameson (New Castle, PA)",135,150,0.0432,0.0446
390025,Kensington Hospital,Philadelphia,PA,Pennsylvania,General hospital,Nonprofit,Urban,14.0,2023,0.0348,299351.0,8601379.0,0,Made money,0,"Kensington Hospital (Philadelphia, PA)",81,150,0.0432,0.0446
390026,Chestnut Hill Hospital,Philadelphia,PA,Pennsylvania,General hospital,Nonprofit,Urban,128.0,2023,-0.0994,-11738200.0,118116780.0,6,5+ years,4,"Chestnut Hill Hospital (Philadelphia, PA)",123,150,0.0432,0.0446
390027,Temple University Hospital,Philadelphia,PA,Pennsylvania,General hospital,Nonprofit,Urban,761.0,2023,0.0566,130488479.0,2305647291.0,0,Made money,0,"Temple University Hospital (Philadelphia, PA)",65,150,0.0432,0.0446
390028,Upmc Mercy Hospital,Pittsburgh,PA,Pennsylvania,General hospital,Nonprofit,Urban,336.0,2023,-0.282,-130069625.0,461171132.0,8,5+ years,4,"Upmc Mercy Hospital (Pittsburgh, PA)",146,150,0.0432,0.0446
390030,Lehigh Valley Hospital - Schuylkill,Pottsville,PA,Pennsylvania,General hospital,Nonprofit,Rural,118.0,2023,0.0913,13968978.0,153078350.0,0,Made money,0,"Lehigh Valley Hospital - Schuylkill (Pottsville, PA)",43,150,0.0432,0.0446
390032,Alle-Kiski Medical Center,Natrona Heights,PA,Pennsylvania,General hospital,Nonprofit,Urban,133.0,2023,-0.0488,-6005496.0,123086422.0,9,5+ years,4,"Alle-Kiski Medical Center (Natrona Heights, PA)",114,150,0.0432,0.0446
390035,Quakertown Community Hospital,Quakertown,PA,Pennsylvania,General hospital,Nonprofit,Urban,110.0,2023,0.0981,18478239.0,188412761.0,0,Made money,0,"Quakertown Community Hospital (Quakertown, PA)",39,150,0.0432,0.0446
390036,Heritage Valley Beaver,Beaver,PA,Pennsylvania,General hospital,For-profit,Urban,148.0,2023,-0.0274,-6463767.0,235846486.0,4,3-4 years,3,"Heritage Valley Beaver (Beaver, PA)",108,150,0.0432,0.0446
390037,Heritage Valley Sewickley,Sewickley,PA,Pennsylvania,General hospital,For-profit,Urban,220.0,2023,-0.0926,-17480465.0,188736248.0,1,1 year,1,"Heritage Valley Sewickley (Sewickley, PA)",122,150,0.0432,0.0446
390039,Upmc Somerset,Somerset,PA,Pennsylvania,General hospital,Nonprofit,Rural,56.0,2023,0.0697,6691259.0,95981838.0,0,Made money,0,"Upmc Somerset (Somerset, PA)",53,150,0.0432,0.0446
390041,Uniontown Hospital,Uniontown,PA,Pennsylvania,General hospital,Nonprofit,Urban,134.0,2023,-0.0586,-9146126.0,156136939.0,2,2 years,2,"Uniontown Hospital (Uniontown, PA)",116,150,0.0432,0.0446
390042,Upmc Washington,Washington,PA,Pennsylvania,General hospital,Nonprofit,Urban,214.0,2023,0.0694,19748336.0,284545341.0,0,Made money,0,"Upmc Washington (Washington, PA)",54,150,0.0432,0.0446
390044,Reading Hospital And Medical Center,Reading,PA,Pennsylvania,General hospital,Nonprofit,Urban,580.0,2023,0.1814,255828503.0,1410422123.0,0,Made money,0,"Reading Hospital And Medical Center (Reading, PA)",16,150,0.0432,0.0446
390045,Upmc Williamsport Hospital,Williamsport,PA,Pennsylvania,General hospital,Nonprofit,Urban,227.0,2023,-0.019,-9926269.0,521785972.0,2,2 years,2,"Upmc Williamsport Hospital (Williamsport, PA)",106,150,0.0432,0.0446
390046,York Hospital,York,PA,Pennsylvania,General hospital,Nonprofit,Urban,534.0,2023,0.1845,323311773.0,1752135275.0,0,Made money,0,"York Hospital (York, PA)",15,150,0.0432,0.0446
390048,Geisinger Lewistown Hospital,Lewistown,PA,Pennsylvania,General hospital,Nonprofit,Rural,133.0,2023,0.1743,45680193.0,262052197.0,0,Made money,0,"Geisinger Lewistown Hospital (Lewistown, PA)",18,150,0.0432,0.0446
390049,St. Lukes Hospital,Bethlehem,PA,Pennsylvania,General hospital,Nonprofit,Urban,667.0,2023,0.1948,266347117.0,1367111707.0,0,Made money,0,"St. Lukes Hospital (Bethlehem, PA)",13,150,0.0432,0.0446
390050,Allegheny General Hospital,Pittsburgh,PA,Pennsylvania,General hospital,Nonprofit,Urban,508.0,2023,0.0577,58606678.0,1015253865.0,0,Made money,0,"Allegheny General Hospital (Pittsburgh, PA)",63,150,0.0432,0.0446
390056,Penn Highlands Huntingdon,Huntingdon,PA,Pennsylvania,General hospital,Nonprofit,Rural,89.0,2023,-0.1813,-11124507.0,61352804.0,2,2 years,2,"Penn Highlands Huntingdon (Huntingdon, PA)",137,150,0.0432,0.0446
390057,Grand View Hospital,Sellersville,PA,Pennsylvania,General hospital,Nonprofit,Urban,180.0,2023,-0.2294,-61985096.0,270193336.0,3,3-4 years,3,"Grand View Hospital (Sellersville, PA)",143,150,0.0432,0.0446
390058,Upmc Carlisle,Carlisle,PA,Pennsylvania,General hospital,Nonprofit,Urban,66.0,2023,0.1512,22836037.0,151067507.0,0,Made money,0,"Upmc Carlisle (Carlisle, PA)",24,150,0.0432,0.0446
390062,Nason Hospital,Roaring Spring,PA,Pennsylvania,General hospital,For-profit,Urban,45.0,2023,0.0651,4039712.0,62082237.0,0,Made money,0,"Nason Hospital (Roaring Spring, PA)",56,150,0.0432,0.0446
390063,Upmc Hamot,Erie,PA,Pennsylvania,General hospital,Nonprofit,Urban,412.0,2023,0.0085,5106821.0,597810419.0,0,Made money,0,"Upmc Hamot (Erie, PA)",94,150,0.0432,0.0446
390065,The Gettysburg Hospital,Gettysburg,PA,Pennsylvania,General hospital,Nonprofit,Urban,76.0,2023,0.2229,84968684.0,381151786.0,0,Made money,0,"The Gettysburg Hospital (Gettysburg, PA)",10,150,0.0432,0.0446
390066,The Good Samaritan Hospital,Lebanon,PA,Pennsylvania,General hospital,Nonprofit,Urban,149.0,2023,0.0098,3011471.0,308462154.0,0,Made money,0,"The Good Samaritan Hospital (Lebanon, PA)",92,150,0.0432,0.0446
390067,Upmc Pinnacle Hospitals,Harrisburg,PA,Pennsylvania,General hospital,Nonprofit,Urban,530.0,2023,0.0333,41245717.0,1237907594.0,0,Made money,0,"Upmc Pinnacle Hospitals (Harrisburg, PA)",83,150,0.0432,0.0446
390068,Upmc Lititz,Lititz,PA,Pennsylvania,General hospital,Nonprofit,Urban,36.0,2023,-0.0171,-1657196.0,96957022.0,3,3-4 years,3,"Upmc Lititz (Lititz, PA)",105,150,0.0432,0.0446
390070,Lower Bucks Hospital,Bristol,PA,Pennsylvania,General hospital,For-profit,Urban,105.0,2023,-0.128,-8137223.0,63563137.0,11,5+ years,4,"Lower Bucks Hospital (Bristol, PA)",130,150,0.0432,0.0446
390071,Lock Haven Hospital,Lock Haven,PA,Pennsylvania,General hospital,Nonprofit,Rural,25.0,2021,-0.0569,-2013287.0,35354179.0,2,2 years,2,"Lock Haven Hospital (Lock Haven, PA)",5,5,0.0432,0.0446
390072,Berwick Hospital Center,Berwick,PA,Pennsylvania,General hospital,For-profit,Urban,76.0,2021,0.0544,1477848.0,27181643.0,0,Made money,0,"Berwick Hospital Center (Berwick, PA)",3,5,0.0432,0.0446
390073,Upmc Altoona,Altoona,PA,Pennsylvania,General hospital,Nonprofit,Urban,315.0,2023,0.0204,11643769.0,571386449.0,0,Made money,0,"Upmc Altoona (Altoona, PA)",89,150,0.0432,0.0446
390079,Robert Packer Hospital,Sayre,PA,Pennsylvania,General hospital,Nonprofit,Rural,252.0,2023,0.1586,94443268.0,595525627.0,0,Made money,0,"Robert Packer Hospital (Sayre, PA)",23,150,0.0432,0.0446
390081,Delaware County Memorial Hospital,Drexel Hill,PA,Pennsylvania,General hospital,For-profit,Urban,,2023,-0.7475,-20028293.0,26795034.0,7,5+ years,4,"Delaware County Memorial Hospital (Drexel Hill, PA)",150,150,0.0432,0.0446
390086,Dubois Regional Medical Center,Dubois,PA,Pennsylvania,General hospital,Nonprofit,Rural,261.0,2023,0.0031,1616321.0,526165682.0,0,Made money,0,"Dubois Regional Medical Center (Dubois, PA)",97,150,0.0432,0.0446
390090,Western Pennsylvania Hospital,Pittsburgh,PA,Pennsylvania,General hospital,Nonprofit,Urban,255.0,2023,0.2012,191673140.0,952829655.0,0,Made money,0,"Western Pennsylvania Hospital (Pittsburgh, PA)",12,150,0.0432,0.0446
390091,Upmc Northwest Hospital,Seneca,PA,Pennsylvania,General hospital,Nonprofit,Rural,139.0,2023,-0.1564,-23151935.0,148044763.0,8,5+ years,4,"Upmc Northwest Hospital (Seneca, PA)",133,150,0.0432,0.0446
390093,Clarion Hospital,Clarion,PA,Pennsylvania,General hospital,Nonprofit,Rural,59.0,2023,0.0394,2235715.0,56673231.0,0,Made money,0,"Clarion Hospital (Clarion, PA)",78,150,0.0432,0.0446
390096,St. Joseph Medical Center,Reading,PA,Pennsylvania,General hospital,Nonprofit,Urban,165.0,2023,0.0854,29978825.0,350913306.0,0,Made money,0,"St. Joseph Medical Center (Reading, PA)",45,150,0.0432,0.0446
390097,Holy Redeemer Hospital,Meadowbrook,PA,Pennsylvania,General hospital,Nonprofit,Urban,213.0,2023,-0.0766,-18640003.0,243413658.0,3,3-4 years,3,"Holy Redeemer Hospital (Meadowbrook, PA)",119,150,0.0432,0.0446
390100,Lancaster General Hospital,Lancaster,PA,Pennsylvania,General hospital,Nonprofit,Urban,620.0,2023,0.0467,75727110.0,1623028575.0,0,Made money,0,"Lancaster General Hospital (Lancaster, PA)",70,150,0.0432,0.0446
390101,Memorial Hospital,York,PA,Pennsylvania,General hospital,Nonprofit,Urban,74.0,2023,0.135,26237444.0,194301616.0,0,Made money,0,"Memorial Hospital (York, PA)",29,150,0.0432,0.0446
390102,Upmc St Margaret,Pittsburgh,PA,Pennsylvania,General hospital,Nonprofit,Urban,179.0,2023,-0.1442,-38488588.0,266843036.0,3,3-4 years,3,"Upmc St Margaret (Pittsburgh, PA)",132,150,0.0432,0.0446
390104,Upmc Kane,Kane,PA,Pennsylvania,General hospital,Nonprofit,Rural,18.0,2023,-0.1026,-2343111.0,22838786.0,11,5+ years,4,"Upmc Kane (Kane, PA)",124,150,0.0432,0.0446
390107,Upmc Passavant,Pittsburgh,PA,Pennsylvania,General hospital,Nonprofit,Urban,366.0,2023,-0.1051,-47734754.0,454096781.0,3,3-4 years,3,"Upmc Passavant (Pittsburgh, PA)",126,150,0.0432,0.0446
390110,Memorial Medical Center,Johnstown,PA,Pennsylvania,General hospital,For-profit,Urban,241.0,2022,-0.1117,-52986418.0,474562578.0,2,2 years,2,"Memorial Medical Center (Johnstown, PA)",1,2,0.0432,0.0446
390111,Hospital Of The Univ Of Penna,Philadelphia,PA,Pennsylvania,General hospital,Nonprofit,Urban,1011.0,2023,0.0699,317122708.0,4535446397.0,0,Made money,0,"Hospital Of The Univ Of Penna (Philadelphia, PA)",52,150,0.0432,0.0446
390112,Windber Hospital  Inc.,Windber,PA,Pennsylvania,General hospital,Nonprofit,Rural,47.0,2023,-0.1074,-6416084.0,59730236.0,1,1 year,1,"Windber Hospital  Inc. (Windber, PA)",127,150,0.0432,0.0446
390113,Meadville Medical Center,Meadville,PA,Pennsylvania,General hospital,Nonprofit,Rural,200.0,2023,0.0494,13526890.0,273964264.0,0,Made money,0,"Meadville Medical Center (Meadville, PA)",68,150,0.0432,0.0446
390114,Upmc Magee-Womens Hospital,Pittsburgh,PA,Pennsylvania,General hospital,Nonprofit,Urban,341.0,2023,0.1372,199098327.0,1451268459.0,0,Made money,0,"Upmc Magee-Womens Hospital (Pittsburgh, PA)",28,150,0.0432,0.0446
390115,Aria Health,Philadelphia,PA,Pennsylvania,General hospital,Nonprofit,Urban,457.0,2023,0.0629,43816123.0,696589931.0,0,Made money,0,"Aria Health (Philadelphia, PA)",60,150,0.0432,0.0446
390116,Suburban Community Hospital,Norristown,PA,Pennsylvania,General hospital,Nonprofit,Urban,111.0,2023,-0.3074,-13571897.0,44151178.0,8,5+ years,4,"Suburban Community Hospital (Norristown, PA)",147,150,0.0432,0.0446
390117,Upmc Bedford,Everett,PA,Pennsylvania,General hospital,Nonprofit,Rural,36.0,2023,0.0632,3378720.0,53445294.0,0,Made money,0,"Upmc Bedford (Everett, PA)",59,150,0.0432,0.0446
390119,Moses Taylor Hospital,Scranton,PA,Pennsylvania,General hospital,For-profit,Urban,100.0,2021,-0.0527,-7538341.0,142944304.0,3,3-4 years,3,"Moses Taylor Hospital (Scranton, PA)",4,5,0.0432,0.0446
390123,Pottstown Memorial Medical Center,Pottstown,PA,Pennsylvania,General hospital,Nonprofit,Urban,185.0,2023,-0.2248,-34146235.0,151925357.0,6,5+ years,4,"Pottstown Memorial Medical Center (Pottstown, PA)",142,150,0.0432,0.0446
390125,Wayne Memorial Hospital,Honesdale,PA,Pennsylvania,General hospital,Nonprofit,Rural,58.0,2023,0.005,605684.0,120114321.0,0,Made money,0,"Wayne Memorial Hospital (Honesdale, PA)",95,150,0.0432,0.0446
390127,Phoenixville Hospital,Phoenixville,PA,Pennsylvania,General hospital,Nonprofit,Urban,130.0,2023,-0.1188,-21697539.0,182580470.0,6,5+ years,4,"Phoenixville Hospital (Phoenixville, PA)",128,150,0.0432,0.0446
390133,Lehigh Valley,Allentown,PA,Pennsylvania,General hospital,Nonprofit,Urban,1216.0,2023,-0.2242,-609426094.0,2718655533.0,1,1 year,1,"Lehigh Valley (Allentown, PA)",141,150,0.0432,0.0446
390137,Wilkes-Barre General Hospital,Wilkes Barre,PA,Pennsylvania,General hospital,For-profit,Urban,137.0,2023,0.0744,18902094.0,254086774.0,0,Made money,0,"Wilkes-Barre General Hospital (Wilkes Barre, PA)",51,150,0.0432,0.0446
390138,Waynesboro Hospital,Waynesboro,PA,Pennsylvania,General hospital,Nonprofit,Urban,57.0,2023,0.2655,28473828.0,107254711.0,0,Made money,0,"Waynesboro Hospital (Waynesboro, PA)",5,150,0.0432,0.0446
390139,Bryn Mawr Hospital,Bryn Mawr,PA,Pennsylvania,General hospital,Nonprofit,Urban,244.0,2023,0.0347,16198590.0,467276016.0,0,Made money,0,"Bryn Mawr Hospital (Bryn Mawr, PA)",82,150,0.0432,0.0446
390142,Albert Einstein Medical Center,Philadelphia,PA,Pennsylvania,General hospital,Nonprofit,Urban,341.0,2023,0.009,9090770.0,1011989249.0,0,Made money,0,"Albert Einstein Medical Center (Philadelphia, PA)",93,150,0.0432,0.0446
390145,Westmoreland Regional  Hospital,Greensburg,PA,Pennsylvania,General hospital,Nonprofit,Urban,283.0,2023,0.0954,30453633.0,319165104.0,0,Made money,0,"Westmoreland Regional  Hospital (Greensburg, PA)",40,150,0.0432,0.0446
390146,Warren General Hospital,Warren,PA,Pennsylvania,General hospital,Nonprofit,Rural,85.0,2023,-0.0115,-1135729.0,98716615.0,1,1 year,1,"Warren General Hospital (Warren, PA)",101,150,0.0432,0.0446
390147,Monongahela Valley Hospital Inc.,Monongahela,PA,Pennsylvania,General hospital,Nonprofit,Urban,175.0,2023,-0.053,-6729788.0,127005723.0,3,3-4 years,3,"Monongahela Valley Hospital Inc. (Monongahela, PA)",115,150,0.0432,0.0446
390150,Upmc Greene,Waynesburg,PA,Pennsylvania,General hospital,Nonprofit,Rural,18.0,2023,-0.0008,-16362.0,21211157.0,2,2 years,2,"Upmc Greene (Waynesburg, PA)",98,150,0.0432,0.0446
390151,The Chambersburg Hospital,Chambersburg,PA,Pennsylvania,General hospital,Nonprofit,Urban,231.0,2023,0.1296,66511088.0,513089020.0,0,Made money,0,"The Chambersburg Hospital (Chambersburg, PA)",32,150,0.0432,0.0446
390153,Paoli Hospital,Paoli,PA,Pennsylvania,General hospital,Nonprofit,Urban,261.0,2023,0.0804,35515440.0,441530424.0,0,Made money,0,"Paoli Hospital (Paoli, PA)",48,150,0.0432,0.0446
390156,Mercy Catholic Medical Center,Darby,PA,Pennsylvania,General hospital,Nonprofit,Urban,153.0,2023,0.0466,10500649.0,225150745.0,0,Made money,0,"Mercy Catholic Medical Center (Darby, PA)",72,150,0.0432,0.0446
390157,Heritage Valley Kennedy,Mc Kees Rocks,PA,Pennsylvania,General hospital,Nonprofit,Urban,87.0,2022,-0.3815,-22018258.0,57721679.0,6,5+ years,4,"Heritage Valley Kennedy (Mc Kees Rocks, PA)",2,2,0.0432,0.0446
390160,Canonsburg General Hospital,Canonsburg,PA,Pennsylvania,General hospital,Nonprofit,Urban,88.0,2023,0.0233,1579271.0,67815510.0,0,Made money,0,"Canonsburg General Hospital (Canonsburg, PA)",88,150,0.0432,0.0446
390162,St Lukes Hospital - Easton Campus,Easton,PA,Pennsylvania,General hospital,Nonprofit,Urban,29.0,2023,0.1208,8206047.0,67935049.0,0,Made money,0,"St Lukes Hospital - Easton Campus (Easton, PA)",34,150,0.0432,0.0446
390163,Armstrong County Memorial,Kittanning,PA,Pennsylvania,General hospital,Nonprofit,Urban,66.0,2023,0.0381,5785694.0,151730544.0,0,Made money,0,"Armstrong County Memorial (Kittanning, PA)",79,150,0.0432,0.0446
390164,Upmc - Presbyterian Shadyside,Pittsburgh,PA,Pennsylvania,General hospital,Nonprofit,Urban,1120.0,2023,-0.135,-353495279.0,2619133966.0,3,3-4 years,3,"Upmc - Presbyterian Shadyside (Pittsburgh, PA)",131,150,0.0432,0.0446
390168,Butler Memorial Hospital,Butler,PA,Pennsylvania,General hospital,Nonprofit,Urban,273.0,2023,0.099,31843071.0,321559864.0,0,Made money,0,"Butler Memorial Hospital (Butler, PA)",38,150,0.0432,0.0446
390173,Indiana Regional Medical Center,Indiana,PA,Pennsylvania,General hospital,Nonprofit,Rural,134.0,2023,0.056,12625635.0,225633009.0,0,Made money,0,"Indiana Regional Medical Center (Indiana, PA)",66,150,0.0432,0.0446
390174,Thomas Jefferson Univ. Hospital,Philadelphia,PA,Pennsylvania,General hospital,Nonprofit,Urban,866.0,2023,0.0659,166895141.0,2532292228.0,0,Made money,0,"Thomas Jefferson Univ. Hospital (Philadelphia, PA)",55,150,0.0432,0.0446
390178,Upmc Horizon Hospital,Greenville,PA,Pennsylvania,General hospital,Nonprofit,Urban,99.0,2023,-0.0443,-8571553.0,193420004.0,8,5+ years,4,"Upmc Horizon Hospital (Greenville, PA)",112,150,0.0432,0.0446
390179,The Chester County Hospital,West Chester,PA,Pennsylvania,General hospital,Nonprofit,Urban,309.0,2023,-0.0886,-46194578.0,521547303.0,5,5+ years,4,"The Chester County Hospital (West Chester, PA)",121,150,0.0432,0.0446
390180,Crozer Chester Medical Center,Upland,PA,Pennsylvania,General hospital,For-profit,Urban,296.0,2023,-0.3552,-146558232.0,412592925.0,3,3-4 years,3,"Crozer Chester Medical Center (Upland, PA)",148,150,0.0432,0.0446
390183,Miners Memorial Medical Center,Coaldale,PA,Pennsylvania,General hospital,Nonprofit,Rural,49.0,2023,0.1335,15922271.0,119279285.0,0,Made money,0,"Miners Memorial Medical Center (Coaldale, PA)",30,150,0.0432,0.0446
390184,Highlands Hospital,Connellsville,PA,Pennsylvania,General hospital,Nonprofit,Urban,61.0,2023,-0.183,-6530407.0,35685090.0,2,2 years,2,"Highlands Hospital (Connellsville, PA)",138,150,0.0432,0.0446
390185,Lehigh Valley Hospital-Hazleton,Hazleton,PA,Pennsylvania,General hospital,Nonprofit,Urban,134.0,2023,0.2797,54084889.0,193344812.0,0,Made money,0,"Lehigh Valley Hospital-Hazleton (Hazleton, PA)",4,150,0.0432,0.0446
390195,Lankenau Medical Center,Wynnewood,PA,Pennsylvania,General hospital,Nonprofit,Urban,370.0,2023,0.0122,9337344.0,764728158.0,0,Made money,0,"Lankenau Medical Center (Wynnewood, PA)",91,150,0.0432,0.0446
390196,American Oncologic Hospial,Philadelphia,PA,Pennsylvania,General hospital,Nonprofit,Urban,100.0,2023,0.0762,22751114.0,298559946.0,0,Made money,0,"American Oncologic Hospial (Philadelphia, PA)",50,150,0.0432,0.0446
390198,Millcreek Community Hospital,Erie,PA,Pennsylvania,General hospital,Nonprofit,Urban,124.0,2023,-0.0486,-3912269.0,80558136.0,4,3-4 years,3,"Millcreek Community Hospital (Erie, PA)",113,150,0.0432,0.0446
390199,Punxsutawney Area Hospital,Punxsutawney,PA,Pennsylvania,General hospital,Nonprofit,Rural,44.0,2023,0.0479,2868625.0,59934266.0,0,Made money,0,"Punxsutawney Area Hospital (Punxsutawney, PA)",69,150,0.0432,0.0446
390201,Pocono Medical Center,East Stroudsburg,PA,Pennsylvania,General hospital,Nonprofit,Urban,237.0,2023,0.3593,135366795.0,376707320.0,0,Made money,0,"Pocono Medical Center (East Stroudsburg, PA)",2,150,0.0432,0.0446
390203,Doylestown Hospital,Doylestown,PA,Pennsylvania,General hospital,Nonprofit,Urban,233.0,2023,0.0439,16517381.0,376037704.0,0,Made money,0,"Doylestown Hospital (Doylestown, PA)",74,150,0.0432,0.0446
390204,Nazareth Hospital-Phila  Pa,Philadelphia,PA,Pennsylvania,General hospital,Nonprofit,Urban,132.0,2023,-0.3956,-58957991.0,149021692.0,3,3-4 years,3,"Nazareth Hospital-Phila  Pa (Philadelphia, PA)",149,150,0.0432,0.0446
390211,Sharon Regional Health System,Sharon,PA,Pennsylvania,General hospital,For-profit,Urban,141.0,2023,-0.2703,-26550448.0,98210091.0,1,1 year,1,"Sharon Regional Health System (Sharon, PA)",145,150,0.0432,0.0446
390217,Frick Hospital,Mount Pleasant,PA,Pennsylvania,General hospital,Nonprofit,Urban,33.0,2023,0.161,11650154.0,72380653.0,0,Made money,0,"Frick Hospital (Mount Pleasant, PA)",22,150,0.0432,0.0446
390219,Latrobe Area Hospital,Latrobe,PA,Pennsylvania,General hospital,Nonprofit,Urban,115.0,2023,0.173,30804995.0,178022283.0,0,Made money,0,"Latrobe Area Hospital (Latrobe, PA)",19,150,0.0432,0.0446
390222,Riddle Hospital,Media,PA,Pennsylvania,General hospital,Nonprofit,Urban,230.0,2023,-0.0285,-8267171.0,289860043.0,3,3-4 years,3,"Riddle Hospital (Media, PA)",109,150,0.0432,0.0446
390223,Presbyterian Medical Center,Philadelphia,PA,Pennsylvania,General hospital,Nonprofit,Urban,328.0,2023,0.0238,32736264.0,1378205912.0,0,Made money,0,"Presbyterian Medical Center (Philadelphia, PA)",87,150,0.0432,0.0446
390225,Ephrata Community Hospital,Ephrata,PA,Pennsylvania,General hospital,Nonprofit,Urban,115.0,2023,0.0568,17420848.0,306774126.0,0,Made money,0,"Ephrata Community Hospital (Ephrata, PA)",64,150,0.0432,0.0446
390226,Pennsylvania Hospital Of Uphs,Philadelphia,PA,Pennsylvania,General hospital,Nonprofit,Urban,420.0,2023,0.0146,12805000.0,877454899.0,0,Made money,0,"Pennsylvania Hospital Of Uphs (Philadelphia, PA)",90,150,0.0432,0.0446
390228,St. Clair Memorial Hospital,Pittsburgh,PA,Pennsylvania,General hospital,Nonprofit,Urban,294.0,2023,0.0931,42117698.0,452431479.0,0,Made money,0,"St. Clair Memorial Hospital (Pittsburgh, PA)",42,150,0.0432,0.0446
390231,Abington Memorial Hospital,Abington,PA,Pennsylvania,General hospital,Nonprofit,Urban,611.0,2023,-0.0198,-16043431.0,809233360.0,3,3-4 years,3,"Abington Memorial Hospital (Abington, PA)",107,150,0.0432,0.0446
390233,Upmc Hanover,Hanover,PA,Pennsylvania,General hospital,Nonprofit,Urban,80.0,2023,0.1131,22202431.0,196313663.0,0,Made money,0,"Upmc Hanover (Hanover, PA)",35,150,0.0432,0.0446
390237,Regional Hospital Of Scranton,Scranton,PA,Pennsylvania,General hospital,For-profit,Urban,212.0,2023,-0.2083,-46321412.0,222340108.0,3,3-4 years,3,"Regional Hospital Of Scranton (Scranton, PA)",139,150,0.0432,0.0446
390256,Milton S. Hershey Medical Center,Hershey,PA,Pennsylvania,General hospital,Nonprofit,Urban,629.0,2023,0.079,197661977.0,2501469293.0,0,Made money,0,"Milton S. Hershey Medical Center (Hershey, PA)",49,150,0.0432,0.0446
390258,St. Mary Medical Center,Langhorne,PA,Pennsylvania,General hospital,Nonprofit,Urban,348.0,2023,0.0402,16673217.0,414806448.0,0,Made money,0,"St. Mary Medical Center (Langhorne, PA)",77,150,0.0432,0.0446
390265,Jefferson Regional Medical Center,Pittsburgh,PA,Pennsylvania,General hospital,Nonprofit,Urban,285.0,2023,0.0445,16029241.0,360351934.0,0,Made money,0,"Jefferson Regional Medical Center (Pittsburgh, PA)",73,150,0.0432,0.0446
390266,Grove City Medical Center,Grove City,PA,Pennsylvania,General hospital,Nonprofit,Urban,67.0,2023,0.0507,3585438.0,70787322.0,0,Made money,0,"Grove City Medical Center (Grove City, PA)",67,150,0.0432,0.0446
390267,Forbes Regional Hospital,Monroeville,PA,Pennsylvania,General hospital,Nonprofit,Urban,233.0,2023,-0.0046,-1656955.0,359370675.0,1,1 year,1,"Forbes Regional Hospital (Monroeville, PA)",99,150,0.0432,0.0446
390268,Mount Nittany Medical Center,State College,PA,Pennsylvania,General hospital,Nonprofit,Urban,248.0,2023,0.2585,161221545.0,623776965.0,0,Made money,0,"Mount Nittany Medical Center (State College, PA)",6,150,0.0432,0.0446
390270,Geisinger Wyoming Valley Med Ctr,Wilkes Barre,PA,Pennsylvania,General hospital,Nonprofit,Urban,318.0,2023,0.1631,160777520.0,985553578.0,0,Made money,0,"Geisinger Wyoming Valley Med Ctr (Wilkes Barre, PA)",20,150,0.0432,0.0446
390272,Valley Forge Medical Center,Norristown,PA,Pennsylvania,General hospital,For-profit,Urban,70.0,2023,-0.0599,-1671148.0,27912253.0,8,5+ years,4,"Valley Forge Medical Center (Norristown, PA)",117,150,0.0432,0.0446
390278,Eagleville Hospital,Eagleville,PA,Pennsylvania,General hospital,Nonprofit,Urban,49.0,2023,0.1237,7090721.0,57322928.0,0,Made money,0,"Eagleville Hospital (Eagleville, PA)",33,150,0.0432,0.0446
390304,Roxborough Memorial Hospital,Philadelphia,PA,Pennsylvania,General hospital,For-profit,Urban,99.0,2023,-0.1606,-10262564.0,63895512.0,3,3-4 years,3,"Roxborough Memorial Hospital (Philadelphia, PA)",134,150,0.0432,0.0446
390307,Edgewood Surgical Hospital,Transfer,PA,Pennsylvania,General hospital,For-profit,Urban,10.0,2023,0.2353,5526699.0,23483271.0,0,Made money,0,"Edgewood Surgical Hospital (Transfer, PA)",9,150,0.0432,0.0446
390314,Lvh - Coordinated Bethlehem,Bethlehem,PA,Pennsylvania,General hospital,Nonprofit,Urban,20.0,2021,0.2654,6311460.0,23779919.0,0,Made money,0,"Lvh - Coordinated Bethlehem (Bethlehem, PA)",1,5,0.0432,0.0446
390316,Surgical Institute Of Reading,Wyomissing,PA,Pennsylvania,General hospital,For-profit,Urban,15.0,2023,0.2805,16921153.0,60325120.0,0,Made money,0,"Surgical Institute Of Reading (Wyomissing, PA)",3,150,0.0432,0.0446
390321,Lvh-Coordinated Allentown,Allentown,PA,Pennsylvania,General hospital,Nonprofit,Urban,20.0,2021,0.1457,14933512.0,102526149.0,0,Made money,0,"Lvh-Coordinated Allentown (Allentown, PA)",2,5,0.0432,0.0446
390322,Rothman Orthopaedic Specialty Hospit,Bensalem,PA,Pennsylvania,General hospital,For-profit,Urban,24.0,2023,0.1792,11802774.0,65871673.0,0,Made money,0,"Rothman Orthopaedic Specialty Hospit (Bensalem, PA)",17,150,0.0432,0.0446
390323,Advanced Surgical Hospital,Washington,PA,Pennsylvania,General hospital,For-profit,Urban,14.0,2023,0.1298,3157553.0,24324362.0,0,Made money,0,"Advanced Surgical Hospital (Washington, PA)",31,150,0.0432,0.0446
430097,Sanford Aberdeen Medical Center,Aberdeen,SD,South Dakota,General hospital,Nonprofit,Rural,48.0,2023,-0.2014,-13509682.0,67074155.0,5,5+ years,4,"Sanford Aberdeen Medical Center (Aberdeen, SD)",54,54,0.0815,0.0446
390324,Physicians Care Surgical Hospital,Royersford,PA,Pennsylvania,General hospital,For-profit,Urban,12.0,2023,0.0636,2531990.0,39835339.0,0,Made money,0,"Physicians Care Surgical Hospital (Royersford, PA)",57,150,0.0432,0.0446
390325,Oss Orthopaedic Hospital,York,PA,Pennsylvania,General hospital,For-profit,Urban,30.0,2023,-0.0122,-2011619.0,165405671.0,2,2 years,2,"Oss Orthopaedic Hospital (York, PA)",102,150,0.0432,0.0446
390326,St Luke Hospital Anderson Campus,Easton,PA,Pennsylvania,General hospital,Nonprofit,Urban,183.0,2023,0.2574,128268951.0,498417458.0,0,Made money,0,"St Luke Hospital Anderson Campus (Easton, PA)",7,150,0.0432,0.0446
390327,Wellspan Surgery And Rehab Hospital,York,PA,Pennsylvania,General hospital,Nonprofit,Urban,19.0,2023,0.0938,11623277.0,123968308.0,0,Made money,0,"Wellspan Surgery And Rehab Hospital (York, PA)",41,150,0.0432,0.0446
390328,Upmc East Hospital,Monroeville,PA,Pennsylvania,General hospital,For-profit,Urban,136.0,2023,-0.0309,-7074081.0,228775113.0,3,3-4 years,3,"Upmc East Hospital (Monroeville, PA)",110,150,0.0432,0.0446
390329,Einstein Medical Center Montgomery,East Norriton,PA,Pennsylvania,General hospital,Nonprofit,Urban,175.0,2023,-0.0084,-2652177.0,316312654.0,1,1 year,1,"Einstein Medical Center Montgomery (East Norriton, PA)",100,150,0.0432,0.0446
390330,St. Lukes Hospital - Monroe Campus,Stroudburg,PA,Pennsylvania,General hospital,Nonprofit,Urban,134.0,2023,0.149,39448502.0,264690501.0,0,Made money,0,"St. Lukes Hospital - Monroe Campus (Stroudburg, PA)",25,150,0.0432,0.0446
390331,Wills Eye Hospital,Philadelphia,PA,Pennsylvania,General hospital,Nonprofit,Urban,4.0,2023,-0.0697,-3642560.0,52228684.0,1,1 year,1,"Wills Eye Hospital (Philadelphia, PA)",118,150,0.0432,0.0446
390332,Geisinger Stlukes,Orwigsburg,PA,Pennsylvania,General hospital,Nonprofit,Rural,60.0,2023,0.139,12990903.0,93426392.0,0,Made money,0,"Geisinger Stlukes (Orwigsburg, PA)",27,150,0.0432,0.0446
390333,Ahn Hempfield Neighborhood Hospital,Greensburg,PA,Pennsylvania,General hospital,For-profit,Urban,40.0,2023,0.1067,5525514.0,51793521.0,0,Made money,0,"Ahn Hempfield Neighborhood Hospital (Greensburg, PA)",36,150,0.0432,0.0446
390334,Ahn Wexford Hospital,Wexford,PA,Pennsylvania,General hospital,Nonprofit,Urban,144.0,2023,0.0612,12107713.0,197692306.0,0,Made money,0,"Ahn Wexford Hospital (Wexford, PA)",61,150,0.0432,0.0446
390335,St Lukes Hospital-Carbon Campus,Lehighton,PA,Pennsylvania,General hospital,Nonprofit,Urban,52.0,2023,0.1002,10055150.0,100352363.0,0,Made money,0,"St Lukes Hospital-Carbon Campus (Lehighton, PA)",37,150,0.0432,0.0446
390336,Hampden Medical Center,Enola,PA,Pennsylvania,General hospital,Nonprofit,Urban,82.0,2023,0.0426,6801880.0,159725113.0,0,Made money,0,"Hampden Medical Center (Enola, PA)",76,150,0.0432,0.0446
390337,Geisinger Medical Center Muncy,Muncy,PA,Pennsylvania,General hospital,Nonprofit,Urban,20.0,2023,-0.0361,-2420861.0,66968187.0,2,2 years,2,"Geisinger Medical Center Muncy (Muncy, PA)",111,150,0.0432,0.0446
390338,Pocono Medical Center Dickson City,Dickson City,PA,Pennsylvania,General hospital,Nonprofit,Urban,40.0,2023,0.2441,34646057.0,141938957.0,0,Made money,0,"Pocono Medical Center Dickson City (Dickson City, PA)",8,150,0.0432,0.0446
390339,Lancaster Medical Center,Lancaster,PA,Pennsylvania,General hospital,Nonprofit,Urban,100.0,2023,-0.257,-42029825.0,163519447.0,1,1 year,1,"Lancaster Medical Center (Lancaster, PA)",144,150,0.0432,0.0446
391300,Jersey Shore Hospital,Jersey Shore,PA,Pennsylvania,Critical access hospital (small rural),Nonprofit,Urban,25.0,2023,0.2153,11240995.0,52217492.0,0,Made money,0,"Jersey Shore Hospital (Jersey Shore, PA)",11,150,0.0432,0.0446
391301,Upmc Muncy,Muncy,PA,Pennsylvania,Critical access hospital (small rural),Nonprofit,Urban,20.0,2023,-0.0127,-745029.0,58702803.0,2,2 years,2,"Upmc Muncy (Muncy, PA)",103,150,0.0432,0.0446
391302,Meyersdale Community Hospital,Meyersdale,PA,Pennsylvania,Critical access hospital (small rural),For-profit,Rural,20.0,2023,-0.1047,-1685223.0,16097445.0,2,2 years,2,"Meyersdale Community Hospital (Meyersdale, PA)",125,150,0.0432,0.0446
391303,Fulton County Medical Center,Mcconnellsburg,PA,Pennsylvania,Critical access hospital (small rural),Nonprofit,Rural,21.0,2023,0.0042,241825.0,57317582.0,0,Made money,0,"Fulton County Medical Center (Mcconnellsburg, PA)",96,150,0.0432,0.0446
391304,Bucktail Medical Center,Renovo,PA,Pennsylvania,Critical access hospital (small rural),Nonprofit,Rural,16.0,2023,0.0467,512659.0,10983238.0,0,Made money,0,"Bucktail Medical Center (Renovo, PA)",70,150,0.0432,0.0446
391305,Troy Community Hospital,Troy,PA,Pennsylvania,Critical access hospital (small rural),Nonprofit,Rural,25.0,2023,0.163,5739144.0,35210139.0,0,Made money,0,"Troy Community Hospital (Troy, PA)",21,150,0.0432,0.0446
391306,Endless Mountains Health Systems,Montrose,PA,Pennsylvania,Critical access hospital (small rural),Nonprofit,Rural,25.0,2023,-0.176,-3722635.0,21154588.0,3,3-4 years,3,"Endless Mountains Health Systems (Montrose, PA)",136,150,0.0432,0.0446
391307,Tyrone Hospital,Tyrone,PA,Pennsylvania,Critical access hospital (small rural),Nonprofit,Urban,25.0,2023,-0.0799,-2130184.0,26646981.0,2,2 years,2,"Tyrone Hospital (Tyrone, PA)",120,150,0.0432,0.0446
391308,Corry Memorial Hospital,Corry,PA,Pennsylvania,Critical access hospital (small rural),Nonprofit,Urban,20.0,2023,0.0248,787497.0,31696132.0,0,Made money,0,"Corry Memorial Hospital (Corry, PA)",86,150,0.0432,0.0446
391309,Barnes-Kasson County Hospital,Susquehanna,PA,Pennsylvania,Critical access hospital (small rural),Nonprofit,Rural,25.0,2023,-0.0133,-242924.0,18229595.0,1,1 year,1,"Barnes-Kasson County Hospital (Susquehanna, PA)",104,150,0.0432,0.0446
391312,Brookville Hospital,Brookville,PA,Pennsylvania,Critical access hospital (small rural),Nonprofit,Rural,25.0,2023,0.0286,933627.0,32696720.0,0,Made money,0,"Brookville Hospital (Brookville, PA)",84,150,0.0432,0.0446
391313,Charles Cole Memorial Hospital,Coudersport,PA,Pennsylvania,Critical access hospital (small rural),Nonprofit,Rural,25.0,2023,-0.1265,-11509992.0,91014943.0,2,2 years,2,"Charles Cole Memorial Hospital (Coudersport, PA)",129,150,0.0432,0.0446
391314,Titusville Area Hospital,Titusville,PA,Pennsylvania,Critical access hospital (small rural),Nonprofit,Rural,25.0,2023,0.0634,3784295.0,59733865.0,0,Made money,0,"Titusville Area Hospital (Titusville, PA)",58,150,0.0432,0.0446
391315,Penn Highlands Elk,St. Marys,PA,Pennsylvania,Critical access hospital (small rural),Nonprofit,Rural,25.0,2023,0.0438,3028561.0,69205932.0,0,Made money,0,"Penn Highlands Elk (St. Marys, PA)",75,150,0.0432,0.0446
391316,Upmc Wellsboro,Upmc Wellsboro,PA,Pennsylvania,Critical access hospital (small rural),Nonprofit,Rural,25.0,2023,0.0883,7965116.0,90207464.0,0,Made money,0,"Upmc Wellsboro (Upmc Wellsboro, PA)",44,150,0.0432,0.0446
391317,Miners Hospital,Hastings,PA,Pennsylvania,Critical access hospital (small rural),For-profit,Urban,25.0,2023,0.0278,596110.0,21404992.0,0,Made money,0,"Miners Hospital (Hastings, PA)",85,150,0.0432,0.0446
410004,Roger Williams Medical Center,Providence,RI,Rhode Island,General hospital,For-profit,Urban,148.0,2023,-0.1617,-27166961.0,168046070.0,3,3-4 years,3,"Roger Williams Medical Center (Providence, RI)",10,10,0.0014,0.0446
410005,Our Lady Of Fatima Hospital,North Providence,RI,Rhode Island,General hospital,For-profit,Urban,185.0,2023,-0.1435,-20119913.0,140192818.0,2,2 years,2,"Our Lady Of Fatima Hospital (North Providence, RI)",8,10,0.0014,0.0446
410006,Newport Hospital,Newport,RI,Rhode Island,General hospital,Nonprofit,Urban,66.0,2023,0.0237,3315440.0,139840770.0,0,Made money,0,"Newport Hospital (Newport, RI)",4,10,0.0014,0.0446
410007,Rhode Island Hospital,Providence,RI,Rhode Island,General hospital,Nonprofit,Urban,650.0,2023,0.0184,35276140.0,1918720582.0,0,Made money,0,"Rhode Island Hospital (Providence, RI)",5,10,0.0014,0.0446
410008,South County Hospital,Wakefield,RI,Rhode Island,General hospital,Nonprofit,Urban,79.0,2023,-0.0156,-3668148.0,235103703.0,2,2 years,2,"South County Hospital (Wakefield, RI)",6,10,0.0014,0.0446
410009,Kent County Memorial Hospital,Warwick,RI,Rhode Island,General hospital,Nonprofit,Urban,323.0,2023,-0.0327,-14498251.0,442951745.0,2,2 years,2,"Kent County Memorial Hospital (Warwick, RI)",7,10,0.0014,0.0446
410010,Women & Infants Hospital,Providence,RI,Rhode Island,General hospital,Nonprofit,Urban,247.0,2023,0.0481,26907725.0,559984292.0,0,Made money,0,"Women & Infants Hospital (Providence, RI)",2,10,0.0014,0.0446
410011,Landmark Medical Center,Woonsocket,RI,Rhode Island,General hospital,Nonprofit,Urban,113.0,2023,0.0652,9536723.0,146226333.0,0,Made money,0,"Landmark Medical Center (Woonsocket, RI)",1,10,0.0014,0.0446
410012,The Miriam Hospital,Providence,RI,Rhode Island,General hospital,Nonprofit,Urban,247.0,2023,0.0443,27428457.0,619218765.0,0,Made money,0,"The Miriam Hospital (Providence, RI)",3,10,0.0014,0.0446
410013,The Westerly Hospital,Westerly,RI,Rhode Island,General hospital,Nonprofit,Urban,77.0,2023,-0.1589,-20019167.0,125981325.0,2,2 years,2,"The Westerly Hospital (Westerly, RI)",9,10,0.0014,0.0446
420002,Piedmont Medical Center,Rock Hill,SC,South Carolina,General hospital,For-profit,Urban,374.0,2023,0.1971,95284811.0,483491610.0,0,Made money,0,"Piedmont Medical Center (Rock Hill, SC)",7,54,0.0642,0.0446
420004,Medical University Of South Carolina,Charleston,SC,South Carolina,General hospital,Government,Urban,932.0,2023,0.07,246380853.0,3518749089.0,0,Made money,0,"Medical University Of South Carolina (Charleston, SC)",26,54,0.0642,0.0446
420005,Mcleod Medical Center - Dillon,Dillon,SC,South Carolina,General hospital,Nonprofit,Rural,72.0,2023,0.0534,2910137.0,54545637.0,0,Made money,0,"Mcleod Medical Center - Dillon (Dillon, SC)",30,54,0.0642,0.0446
420007,Spartanburg Regional Medical Center,Spartanburg,SC,South Carolina,General hospital,Government,Urban,626.0,2023,0.1144,147406000.0,1288945669.0,0,Made money,0,"Spartanburg Regional Medical Center (Spartanburg, SC)",17,54,0.0642,0.0446
420009,Oconee Memorial Hospital,Seneca,SC,South Carolina,General hospital,Nonprofit,Rural,131.0,2023,-0.0409,-7678255.0,187657965.0,10,5+ years,4,"Oconee Memorial Hospital (Seneca, SC)",47,54,0.0642,0.0446
420010,Carolina Pines Regional Medical Cent,Hartsville,SC,South Carolina,General hospital,For-profit,Urban,112.0,2023,-0.2882,-28459118.0,98756281.0,2,2 years,2,"Carolina Pines Regional Medical Cent (Hartsville, SC)",54,54,0.0642,0.0446
420011,Cannon Memorial Hospital,Pickens,SC,South Carolina,General hospital,Nonprofit,Urban,42.0,2023,0.0343,904613.0,26381609.0,0,Made money,0,"Cannon Memorial Hospital (Pickens, SC)",34,54,0.0642,0.0446
420015,Ph Baptist Easley Hospital,Easley,SC,South Carolina,General hospital,Nonprofit,Urban,74.0,2023,-0.0406,-4913777.0,120917047.0,1,1 year,1,"Ph Baptist Easley Hospital (Easley, SC)",46,54,0.0642,0.0446
420018,Prisma Health Richland Hospital,Columbia,SC,South Carolina,General hospital,Nonprofit,Urban,575.0,2023,-0.0123,-12808113.0,1045166147.0,3,3-4 years,3,"Prisma Health Richland Hospital (Columbia, SC)",44,54,0.0642,0.0446
420019,Musc Health Chester Medical Center,Chester,SC,South Carolina,General hospital,Government,Urban,16.0,2023,-0.0325,-2196852.0,67689241.0,8,5+ years,4,"Musc Health Chester Medical Center (Chester, SC)",45,54,0.0642,0.0446
420020,Georgetown Memorial Hospital,Georgetown,SC,South Carolina,General hospital,Nonprofit,Rural,69.0,2023,0.1024,21646281.0,211313816.0,0,Made money,0,"Georgetown Memorial Hospital (Georgetown, SC)",18,54,0.0642,0.0446
420023,St. Francis Hospital Inc,Greenville,SC,South Carolina,General hospital,Nonprofit,Urban,322.0,2023,0.0833,65335901.0,784004400.0,0,Made money,0,"St. Francis Hospital Inc (Greenville, SC)",21,54,0.0642,0.0446
420026,Musc Health Columbia Medical Center,Columbia,SC,South Carolina,General hospital,Government,Urban,332.0,2023,0.052,15898806.0,305967554.0,0,Made money,0,"Musc Health Columbia Medical Center (Columbia, SC)",31,54,0.0642,0.0446
420027,Anmed Health,Anderson,SC,South Carolina,General hospital,Nonprofit,Urban,367.0,2023,0.0251,16119145.0,643155396.0,0,Made money,0,"Anmed Health (Anderson, SC)",37,54,0.0642,0.0446
420030,Colleton Medical Center,Walterboro,SC,South Carolina,General hospital,For-profit,Rural,102.0,2023,0.0052,403173.0,77911679.0,0,Made money,0,"Colleton Medical Center (Walterboro, SC)",40,54,0.0642,0.0446
420033,Ph Greer Memorial Hospital,Greer,SC,South Carolina,General hospital,Nonprofit,Urban,74.0,2023,0.1455,25050622.0,172223828.0,0,Made money,0,"Ph Greer Memorial Hospital (Greer, SC)",13,54,0.0642,0.0446
420036,Musc Health Lancaster Medical Center,Lancaster,SC,South Carolina,General hospital,Government,Urban,78.0,2023,0.1384,25408334.0,183532210.0,0,Made money,0,"Musc Health Lancaster Medical Center (Lancaster, SC)",14,54,0.0642,0.0446
420037,Ph Hillcrest Hospital,Simpsonville,SC,South Carolina,General hospital,Nonprofit,Urban,43.0,2023,0.0508,6399384.0,125973317.0,0,Made money,0,"Ph Hillcrest Hospital (Simpsonville, SC)",32,54,0.0642,0.0446
420038,Ph Laurens County Hospital,Clinton,SC,South Carolina,General hospital,Nonprofit,Urban,46.0,2023,-0.1729,-17657253.0,102118783.0,1,1 year,1,"Ph Laurens County Hospital (Clinton, SC)",53,54,0.0642,0.0446
420043,Cherokee Medical Center,Gaffney,SC,South Carolina,General hospital,For-profit,Rural,24.0,2023,0.0464,2854153.0,61481374.0,0,Made money,0,"Cherokee Medical Center (Gaffney, SC)",33,54,0.0642,0.0446
420048,Musc Health Kershaw Medical Center,Camden,SC,South Carolina,General hospital,Government,Urban,99.0,2023,-0.0505,-5150866.0,102072708.0,12,5+ years,4,"Musc Health Kershaw Medical Center (Camden, SC)",48,54,0.0642,0.0446
420049,Conway Hospital,Conway,SC,South Carolina,General hospital,Nonprofit,Urban,171.0,2023,0.0599,19650744.0,328241011.0,0,Made money,0,"Conway Hospital (Conway, SC)",28,54,0.0642,0.0446
420051,Mcleod Regional Medical Center,Florence,SC,South Carolina,General hospital,Nonprofit,Urban,524.0,2023,0.0729,67567682.0,926441333.0,0,Made money,0,"Mcleod Regional Medical Center (Florence, SC)",24,54,0.0642,0.0446
420053,Newberry County Memorial Hospital,Newberry,SC,South Carolina,General hospital,Government,Rural,48.0,2023,0.081,5782671.0,71433994.0,0,Made money,0,"Newberry County Memorial Hospital (Newberry, SC)",23,54,0.0642,0.0446
420055,Musc Health Marion  Medical Center,Mullins,SC,South Carolina,General hospital,Government,Rural,36.0,2023,-0.094,-3237477.0,34457120.0,4,3-4 years,3,"Musc Health Marion  Medical Center (Mullins, SC)",50,54,0.0642,0.0446
420065,Bon Secours St. Francis Xavier Hospi,Charleston,SC,South Carolina,General hospital,Nonprofit,Urban,186.0,2023,0.1778,103204633.0,580461281.0,0,Made money,0,"Bon Secours St. Francis Xavier Hospi (Charleston, SC)",10,54,0.0642,0.0446
420066,Lake City Communty Hosptial,Lake City,SC,South Carolina,General hospital,Government,Urban,26.0,2021,-0.1529,-2678660.0,17523694.0,1,1 year,1,"Lake City Communty Hosptial (Lake City, SC)",1,1,0.0642,0.0446
420067,Beaufort Memorial Hospital,Beaufort,SC,South Carolina,General hospital,Government,Urban,167.0,2023,0.003,912406.0,304130474.0,0,Made money,0,"Beaufort Memorial Hospital (Beaufort, SC)",42,54,0.0642,0.0446
420068,The Regional Medical Center,Orangeburg,SC,South Carolina,General hospital,Government,Rural,247.0,2022,-0.1383,-28567517.0,206492449.0,4,3-4 years,3,"The Regional Medical Center (Orangeburg, SC)",3,3,0.0642,0.0446
420070,Prisma Health Tuomey Hospital,Sumter,SC,South Carolina,General hospital,Nonprofit,Urban,161.0,2023,-0.1674,-33897052.0,202470698.0,2,2 years,2,"Prisma Health Tuomey Hospital (Sumter, SC)",52,54,0.0642,0.0446
420071,Self Regional Healthcare,Greenwood,SC,South Carolina,General hospital,Government,Rural,290.0,2023,0.1717,86475018.0,503628646.0,0,Made money,0,"Self Regional Healthcare (Greenwood, SC)",12,54,0.0642,0.0446
420072,Hampton Regional Medical Center,Varnville,SC,South Carolina,General hospital,Nonprofit,Rural,32.0,2023,0.0048,144039.0,29792888.0,0,Made money,0,"Hampton Regional Medical Center (Varnville, SC)",41,54,0.0642,0.0446
420073,Lexington Medical Center,West Columbia,SC,South Carolina,General hospital,Nonprofit,Urban,541.0,2023,0.054,85940760.0,1590684835.0,0,Made money,0,"Lexington Medical Center (West Columbia, SC)",29,54,0.0642,0.0446
420078,Ghs Greenville Memorial Hospital,Greenville,SC,South Carolina,General hospital,Nonprofit,Urban,712.0,2023,0.034,61868437.0,1819047392.0,0,Made money,0,"Ghs Greenville Memorial Hospital (Greenville, SC)",35,54,0.0642,0.0446
420079,Trident Regional Medical Center,Charleston,SC,South Carolina,General hospital,For-profit,Urban,368.0,2023,0.1729,120323067.0,695733603.0,0,Made money,0,"Trident Regional Medical Center (Charleston, SC)",11,54,0.0642,0.0446
420080,Hilton Head Hospital,Hilton Head Island,SC,South Carolina,General hospital,For-profit,Urban,93.0,2023,0.2778,50889717.0,183219574.0,0,Made money,0,"Hilton Head Hospital (Hilton Head Island, SC)",3,54,0.0642,0.0446
420082,Aiken Regional Medical Center,Aiken,SC,South Carolina,General hospital,For-profit,Urban,211.0,2023,0.0703,17164131.0,244098112.0,0,Made money,0,"Aiken Regional Medical Center (Aiken, SC)",25,54,0.0642,0.0446
420085,Grand Strand Regional Med Ctr,Myrtle Beach,SC,South Carolina,General hospital,For-profit,Urban,346.0,2023,0.3594,248307329.0,690877981.0,0,Made money,0,"Grand Strand Regional Med Ctr (Myrtle Beach, SC)",1,54,0.0642,0.0446
420086,Prisma Health Baptist Hospital,Columbia,SC,South Carolina,General hospital,Nonprofit,Urban,231.0,2023,-0.0083,-2378558.0,286695910.0,2,2 years,2,"Prisma Health Baptist Hospital (Columbia, SC)",43,54,0.0642,0.0446
420087,Roper Hospital  Inc.,Charleston,SC,South Carolina,General hospital,Nonprofit,Urban,266.0,2023,0.0818,37225548.0,455273057.0,0,Made money,0,"Roper Hospital  Inc. (Charleston, SC)",22,54,0.0642,0.0446
420089,East Cooper Regional Medical Center,Mt. Pleasant,SC,South Carolina,General hospital,For-profit,Urban,120.0,2023,0.2612,59481159.0,227723604.0,0,Made money,0,"East Cooper Regional Medical Center (Mt. Pleasant, SC)",4,54,0.0642,0.0446
420091,Musc Health Florence Medical Center,Florence,SC,South Carolina,General hospital,Government,Urban,187.0,2023,0.1218,40542123.0,332844728.0,0,Made money,0,"Musc Health Florence Medical Center (Florence, SC)",16,54,0.0642,0.0446
420098,Waccamaw Community Hospital,Murrells Inlet,SC,South Carolina,General hospital,Nonprofit,Rural,125.0,2023,0.0938,18349277.0,195620777.0,0,Made money,0,"Waccamaw Community Hospital (Murrells Inlet, SC)",20,54,0.0642,0.0446
420101,Coastal Carolina Medical Center,Hardeeville,SC,South Carolina,General hospital,For-profit,Urban,41.0,2022,0.25,23722652.0,94908651.0,0,Made money,0,"Coastal Carolina Medical Center (Hardeeville, SC)",1,3,0.0642,0.0446
420102,Ph Patewood Hospital,Greenville,SC,South Carolina,General hospital,Nonprofit,Urban,64.0,2023,0.2455,64467074.0,262636181.0,0,Made money,0,"Ph Patewood Hospital (Greenville, SC)",5,54,0.0642,0.0446
420103,Pelham Medical Center,Greer,SC,South Carolina,General hospital,For-profit,Urban,48.0,2023,0.1891,28358514.0,150001580.0,0,Made money,0,"Pelham Medical Center (Greer, SC)",9,54,0.0642,0.0446
420104,Roper St. Francis Mt Pleasant Hospit,Mt. Pleasant,SC,South Carolina,General hospital,Nonprofit,Urban,85.0,2023,0.1922,23415639.0,121854972.0,0,Made money,0,"Roper St. Francis Mt Pleasant Hospit (Mt. Pleasant, SC)",8,54,0.0642,0.0446
420105,Mcleod Loris Seacoast Hospital,Loris,SC,South Carolina,General hospital,Nonprofit,Urban,155.0,2023,0.1349,42074807.0,311833914.0,0,Made money,0,"Mcleod Loris Seacoast Hospital (Loris, SC)",15,54,0.0642,0.0446
420106,Ph Baptist Parkridge Hospital,Columbia,SC,South Carolina,General hospital,Nonprofit,Urban,76.0,2023,0.0965,18285328.0,189572651.0,0,Made money,0,"Ph Baptist Parkridge Hospital (Columbia, SC)",19,54,0.0642,0.0446
420107,Mcleod Health Cheraw,Cheraw,SC,South Carolina,General hospital,Nonprofit,Rural,46.0,2023,0.0282,1641105.0,58200866.0,0,Made money,0,"Mcleod Health Cheraw (Cheraw, SC)",36,54,0.0642,0.0446
420108,Union Medical Center,Union,SC,South Carolina,General hospital,Government,Rural,15.0,2023,0.0685,2303293.0,33637778.0,0,Made money,0,"Union Medical Center (Union, SC)",27,54,0.0642,0.0446
420109,Mcleod Health Clarendon,Manning,SC,South Carolina,General hospital,Nonprofit,Urban,49.0,2023,0.0169,1005369.0,59599138.0,0,Made money,0,"Mcleod Health Clarendon (Manning, SC)",38,54,0.0642,0.0446
420110,Roper St. Francis Hospital-Berkeley,Summerville,SC,South Carolina,General hospital,Nonprofit,Urban,46.0,2023,0.2326,31532471.0,135581733.0,0,Made money,0,"Roper St. Francis Hospital-Berkeley (Summerville, SC)",6,54,0.0642,0.0446
420117,Medical University Hospital Authorit,Cades,SC,South Carolina,General hospital,Government,Rural,25.0,2023,0.3556,16542723.0,46522669.0,0,Made money,0,"Medical University Hospital Authorit (Cades, SC)",2,54,0.0642,0.0446
421300,Allendale County Hospital,Fairfax,SC,South Carolina,Critical access hospital (small rural),Government,Rural,25.0,2023,-0.1387,-2466929.0,17791818.0,1,1 year,1,"Allendale County Hospital (Fairfax, SC)",51,54,0.0642,0.0446
421301,Abbeville Area Medical Center,Abbeville,SC,South Carolina,Critical access hospital (small rural),Government,Rural,25.0,2023,-0.0844,-4166743.0,49397501.0,5,5+ years,4,"Abbeville Area Medical Center (Abbeville, SC)",49,54,0.0642,0.0446
421303,Williamsburg Regional Hospital,Kingstree,SC,South Carolina,Critical access hospital (small rural),Nonprofit,Rural,25.0,2022,-0.0488,-1189105.0,24384294.0,1,1 year,1,"Williamsburg Regional Hospital (Kingstree, SC)",2,3,0.0642,0.0446
421304,Edgefield County Healthcare,Edgefield,SC,South Carolina,Critical access hospital (small rural),Government,Urban,25.0,2023,0.0082,154787.0,18765784.0,0,Made money,0,"Edgefield County Healthcare (Edgefield, SC)",39,54,0.0642,0.0446
430005,Prairie Lakes Health Care Center,Watertown,SD,South Dakota,General hospital,Nonprofit,Rural,81.0,2023,0.1723,30454847.0,176722400.0,0,Made money,0,"Prairie Lakes Health Care Center (Watertown, SD)",15,54,0.0815,0.0446
430008,Brookings Health System,Brookings,SD,South Dakota,General hospital,Government,Rural,49.0,2023,0.1741,15493974.0,89007714.0,0,Made money,0,"Brookings Health System (Brookings, SD)",14,54,0.0815,0.0446
430012,Avera Sacred Heart Hospital,Yankton,SD,South Dakota,General hospital,Nonprofit,Rural,42.0,2023,0.2057,33986822.0,165237494.0,0,Made money,0,"Avera Sacred Heart Hospital (Yankton, SD)",9,54,0.0815,0.0446
430013,Avera Queen Of Peace,Mitchell,SD,South Dakota,General hospital,Nonprofit,Rural,50.0,2021,-0.0331,-4502104.0,135955318.0,1,1 year,1,"Avera Queen Of Peace (Mitchell, SD) #430013",1,1,0.0815,0.0446
430014,Avera St. Lukes,Aberdeen,SD,South Dakota,General hospital,Nonprofit,Rural,50.0,2023,-0.012,-2513522.0,208871244.0,3,3-4 years,3,"Avera St. Lukes (Aberdeen, SD)",45,54,0.0815,0.0446
430015,Avera St Marys,Pierre,SD,South Dakota,General hospital,Nonprofit,Rural,50.0,2023,0.0236,2973324.0,126186368.0,0,Made money,0,"Avera St Marys (Pierre, SD)",43,54,0.0815,0.0446
430016,Avera Mckennan,Sioux Falls,SD,South Dakota,General hospital,Nonprofit,Urban,549.0,2023,0.0798,139562205.0,1749921835.0,0,Made money,0,"Avera Mckennan (Sioux Falls, SD)",30,54,0.0815,0.0446
430027,Sanford Usd Medical Center,Sioux Falls,SD,South Dakota,General hospital,Nonprofit,Urban,452.0,2023,0.0992,155219313.0,1564828811.0,0,Made money,0,"Sanford Usd Medical Center (Sioux Falls, SD)",25,54,0.0815,0.0446
430048,Monument Health Spearfish Hospital,Spearfish,SD,South Dakota,General hospital,Nonprofit,Rural,24.0,2023,0.0619,7907544.0,127783899.0,0,Made money,0,"Monument Health Spearfish Hospital (Spearfish, SD)",36,54,0.0815,0.0446
430077,Monument Health Rapid City Hospital,Rapid City,SD,South Dakota,General hospital,Nonprofit,Urban,385.0,2023,0.0712,68745291.0,965758961.0,0,Made money,0,"Monument Health Rapid City Hospital (Rapid City, SD)",34,54,0.0815,0.0446
430089,Siouxland Surgery Center,Dakota Dunes,SD,South Dakota,General hospital,For-profit,Urban,38.0,2023,0.381,39220332.0,102934537.0,0,Made money,0,"Siouxland Surgery Center (Dakota Dunes, SD)",1,54,0.0815,0.0446
430090,Sioux Falls Specialty Hospital,Sioux Falls,SD,South Dakota,General hospital,For-profit,Urban,33.0,2023,0.2357,32902128.0,139594388.0,0,Made money,0,"Sioux Falls Specialty Hospital (Sioux Falls, SD)",8,54,0.0815,0.0446
430091,Black Hills Surgical Hospital Llp,Rapid City,SD,South Dakota,General hospital,For-profit,Urban,26.0,2023,0.1813,18392168.0,101455213.0,0,Made money,0,"Black Hills Surgical Hospital Llp (Rapid City, SD)",13,54,0.0815,0.0446
430093,Same Day Surgery Center,Rapid City,SD,South Dakota,General hospital,Nonprofit,Urban,6.0,2023,0.3547,6472312.0,18246096.0,0,Made money,0,"Same Day Surgery Center (Rapid City, SD)",2,54,0.0815,0.0446
430095,Avera Heart Hospital Of South Dakota,Sioux Falls,SD,South Dakota,General hospital,For-profit,Urban,53.0,2023,0.0731,12590328.0,172217204.0,0,Made money,0,"Avera Heart Hospital Of South Dakota (Sioux Falls, SD)",32,54,0.0815,0.0446
431300,Madison Regional Health System,Madison,SD,South Dakota,Critical access hospital (small rural),Nonprofit,Rural,22.0,2023,0.0824,3075148.0,37302439.0,0,Made money,0,"Madison Regional Health System (Madison, SD)",27,54,0.0815,0.0446
431301,Faulkton Area Medical Center,Faulkton,SD,South Dakota,Critical access hospital (small rural),Nonprofit,Rural,12.0,2023,-0.012,-139910.0,11678664.0,2,2 years,2,"Faulkton Area Medical Center (Faulkton, SD)",45,54,0.0815,0.0446
431302,Avera Gettysburg Hospital,Gettysburg,SD,South Dakota,Critical access hospital (small rural),Nonprofit,Rural,7.0,2023,0.1238,1821257.0,14714695.0,0,Made money,0,"Avera Gettysburg Hospital (Gettysburg, SD)",23,54,0.0815,0.0446
431305,Douglas County Memorial Hospital,Armour,SD,South Dakota,Critical access hospital (small rural),Nonprofit,Rural,11.0,2023,0.0504,672413.0,13335091.0,0,Made money,0,"Douglas County Memorial Hospital (Armour, SD)",38,54,0.0815,0.0446
431306,Platte Health Center  Inc.,Platte,SD,South Dakota,Critical access hospital (small rural),Nonprofit,Rural,17.0,2023,0.1685,3499412.0,20770970.0,0,Made money,0,"Platte Health Center  Inc. (Platte, SD)",16,54,0.0815,0.0446
431307,Sanford Medical Center Clear Lake,Clear Lake,SD,South Dakota,Critical access hospital (small rural),Nonprofit,Rural,10.0,2023,0.1859,1607421.0,8644629.0,0,Made money,0,"Sanford Medical Center Clear Lake (Clear Lake, SD)",10,54,0.0815,0.0446
431308,Eureka Community Health Services,Eureka,SD,South Dakota,Critical access hospital (small rural),Nonprofit,Rural,4.0,2023,0.0644,377707.0,5868124.0,0,Made money,0,"Eureka Community Health Services (Eureka, SD)",35,54,0.0815,0.0446
431309,Community Memorial Hospital,Burke,SD,South Dakota,Critical access hospital (small rural),Nonprofit,Rural,16.0,2023,0.0514,417731.0,8133273.0,0,Made money,0,"Community Memorial Hospital (Burke, SD)",37,54,0.0815,0.0446
431310,Avera Flandreau Hospital,Flandreau,SD,South Dakota,Critical access hospital (small rural),Nonprofit,Rural,18.0,2023,0.2588,3507626.0,13552859.0,0,Made money,0,"Avera Flandreau Hospital (Flandreau, SD)",6,54,0.0815,0.0446
431311,Sanford Hospital Webster,Webster,SD,South Dakota,Critical access hospital (small rural),Nonprofit,Rural,25.0,2023,0.1824,2326418.0,12753268.0,0,Made money,0,"Sanford Hospital Webster (Webster, SD)",12,54,0.0815,0.0446
431312,Marshall County Healthcare Center,Britton,SD,South Dakota,Critical access hospital (small rural),Nonprofit,Rural,20.0,2023,0.0265,339524.0,12829285.0,0,Made money,0,"Marshall County Healthcare Center (Britton, SD)",40,54,0.0815,0.0446
431313,Freeman Regional Health Services,Freeman,SD,South Dakota,Critical access hospital (small rural),Nonprofit,Rural,25.0,2023,0.1619,3256644.0,20118166.0,0,Made money,0,"Freeman Regional Health Services (Freeman, SD)",17,54,0.0815,0.0446
431314,Bennett County Hospital,Martin,SD,South Dakota,Critical access hospital (small rural),Nonprofit,Rural,14.0,2023,-0.1076,-1274797.0,11842480.0,2,2 years,2,"Bennett County Hospital (Martin, SD)",52,54,0.0815,0.0446
431315,Wagner Community Memorial Hospital,Wagner,SD,South Dakota,Critical access hospital (small rural),Nonprofit,Rural,15.0,2023,0.1103,2085936.0,18913249.0,0,Made money,0,"Wagner Community Memorial Hospital (Wagner, SD)",24,54,0.0815,0.0446
431316,Community Memorial Hospital,Redfield,SD,South Dakota,Critical access hospital (small rural),Government,Rural,25.0,2023,-0.0139,-243612.0,17568579.0,1,1 year,1,"Community Memorial Hospital (Redfield, SD)",47,54,0.0815,0.0446
431317,Landmann-Jungman Memorial Hospital,Scotland,SD,South Dakota,Critical access hospital (small rural),Nonprofit,Rural,20.0,2023,-0.1098,-757440.0,6900256.0,2,2 years,2,"Landmann-Jungman Memorial Hospital (Scotland, SD)",53,54,0.0815,0.0446
431318,Bowdle Hospital,Bowdle,SD,South Dakota,Critical access hospital (small rural),Government,Rural,12.0,2023,0.0122,140947.0,11533342.0,0,Made money,0,"Bowdle Hospital (Bowdle, SD)",44,54,0.0815,0.0446
431319,Philip Health Services Inc,Philip,SD,South Dakota,Critical access hospital (small rural),Nonprofit,Rural,18.0,2023,0.0728,1447208.0,19884052.0,0,Made money,0,"Philip Health Services Inc (Philip, SD)",33,54,0.0815,0.0446
431320,Monument Health Lead-Deadwood Hospit,Deadwood,SD,South Dakota,Critical access hospital (small rural),Nonprofit,Rural,18.0,2023,0.0284,533432.0,18774295.0,0,Made money,0,"Monument Health Lead-Deadwood Hospit (Deadwood, SD)",39,54,0.0815,0.0446
431321,Monument Health Sturgis Regional,Sturgis,SD,South Dakota,Critical access hospital (small rural),Nonprofit,Urban,25.0,2023,0.08,3260613.0,40780747.0,0,Made money,0,"Monument Health Sturgis Regional (Sturgis, SD)",29,54,0.0815,0.0446
431322,Fall River Hospital,Hot Springs,SD,South Dakota,Critical access hospital (small rural),Nonprofit,Rural,25.0,2023,0.0263,812084.0,30913934.0,0,Made money,0,"Fall River Hospital (Hot Springs, SD)",41,54,0.0815,0.0446
431323,Monument Health Custer Hospital,Custer,SD,South Dakota,Critical access hospital (small rural),Nonprofit,Rural,12.0,2023,0.0748,2391803.0,31972069.0,0,Made money,0,"Monument Health Custer Hospital (Custer, SD)",31,54,0.0815,0.0446
431324,Avera Weskota Memorial Medical Cente,Wessington Springs,SD,South Dakota,Critical access hospital (small rural),Nonprofit,Rural,16.0,2023,0.1439,797948.0,5544552.0,0,Made money,0,"Avera Weskota Memorial Medical Cente (Wessington Springs, SD)",20,54,0.0815,0.0446
431325,Mobridge Regional Hospital,Mobridge,SD,South Dakota,Critical access hospital (small rural),Nonprofit,Rural,25.0,2023,-0.0375,-1017431.0,27167308.0,1,1 year,1,"Mobridge Regional Hospital (Mobridge, SD)",49,54,0.0815,0.0446
431326,Milbank Area Hospital/Avera Health,Milbank,SD,South Dakota,Critical access hospital (small rural),Nonprofit,Rural,25.0,2023,0.1451,3928245.0,27070900.0,0,Made money,0,"Milbank Area Hospital/Avera Health (Milbank, SD)",19,54,0.0815,0.0446
431327,St. Michaels Hospital  Inc.,Tyndall,SD,South Dakota,Critical access hospital (small rural),Nonprofit,Rural,25.0,2023,0.1324,2030495.0,15338022.0,0,Made money,0,"St. Michaels Hospital  Inc. (Tyndall, SD)",21,54,0.0815,0.0446
431328,Pioneer Memorial Hospital And Health,Viborg,SD,South Dakota,Critical access hospital (small rural),Nonprofit,Urban,12.0,2023,0.255,4194343.0,16449663.0,0,Made money,0,"Pioneer Memorial Hospital And Health (Viborg, SD)",7,54,0.0815,0.0446
431329,Sanford Chamberlain Medical Center,Chamberlain,SD,South Dakota,Critical access hospital (small rural),Nonprofit,Rural,25.0,2023,0.083,2320221.0,27943908.0,0,Made money,0,"Sanford Chamberlain Medical Center (Chamberlain, SD)",26,54,0.0815,0.0446
431330,Avera St. Benedict Health Center,Parkston,SD,South Dakota,Critical access hospital (small rural),Nonprofit,Rural,25.0,2023,0.3491,13355823.0,38261586.0,0,Made money,0,"Avera St. Benedict Health Center (Parkston, SD)",3,54,0.0815,0.0446
431331,Avera Dells Area Hospital,Dell Rapids,SD,South Dakota,Critical access hospital (small rural),Nonprofit,Urban,23.0,2023,0.2752,4572529.0,16617220.0,0,Made money,0,"Avera Dells Area Hospital (Dell Rapids, SD)",5,54,0.0815,0.0446
431332,De Smet Memorial Hospital,De Smet,SD,South Dakota,Critical access hospital (small rural),Nonprofit,Rural,6.0,2023,0.1828,1655952.0,9061136.0,0,Made money,0,"De Smet Memorial Hospital (De Smet, SD)",11,54,0.0815,0.0446
431333,Sanford Medical Center Canton,Canton,SD,South Dakota,Critical access hospital (small rural),Nonprofit,Urban,11.0,2023,0.1297,2031424.0,15667576.0,0,Made money,0,"Sanford Medical Center Canton (Canton, SD)",22,54,0.0815,0.0446
431334,Winner Regional Healthcare Center,Winner,SD,South Dakota,Critical access hospital (small rural),Nonprofit,Rural,25.0,2023,-0.0375,-1150167.0,30652365.0,1,1 year,1,"Winner Regional Healthcare Center (Winner, SD)",49,54,0.0815,0.0446
431335,Huron Regional Medical Center,Huron,SD,South Dakota,Critical access hospital (small rural),Nonprofit,Rural,25.0,2023,0.0252,1398421.0,55446646.0,0,Made money,0,"Huron Regional Medical Center (Huron, SD)",42,54,0.0815,0.0446
431336,Sanford Medical Center Vermillion,Vermillion,SD,South Dakota,Critical access hospital (small rural),Nonprofit,Rural,25.0,2023,0.1578,5681708.0,36010287.0,0,Made money,0,"Sanford Medical Center Vermillion (Vermillion, SD)",18,54,0.0815,0.0446
431337,Avera Hand County Memorial Hospital,Miller,SD,South Dakota,Critical access hospital (small rural),Nonprofit,Rural,25.0,2023,0.2814,4052509.0,14403672.0,0,Made money,0,"Avera Hand County Memorial Hospital (Miller, SD)",4,54,0.0815,0.0446
431338,Avera Gregory Hospital,Gregory,SD,South Dakota,Critical access hospital (small rural),Nonprofit,Rural,13.0,2023,-0.0814,-1912411.0,23504314.0,3,3-4 years,3,"Avera Gregory Hospital (Gregory, SD)",51,54,0.0815,0.0446
431339,Coteau Des Prairies,Sisseton,SD,South Dakota,Critical access hospital (small rural),Nonprofit,Rural,25.0,2023,-0.0198,-435891.0,22029156.0,1,1 year,1,"Coteau Des Prairies (Sisseton, SD)",48,54,0.0815,0.0446
431340,Avera Queen Of Peace,Mitchell,SD,South Dakota,Critical access hospital (small rural),Nonprofit,Rural,25.0,2023,0.0806,12115755.0,150346470.0,0,Made money,0,"Avera Queen Of Peace (Mitchell, SD) #431340",28,54,0.0815,0.0446
440001,Unicoi County Hospital,Erwin,TN,Tennessee,General hospital,Nonprofit,Urban,8.0,2023,-0.0083,-109665.0,13263224.0,10,5+ years,4,"Unicoi County Hospital (Erwin, TN)",62,95,0.031,0.0446
440002,Jackson-Madison County General Hosp,Jackson,TN,Tennessee,General hospital,Government,Urban,581.0,2023,0.1378,125976708.0,914154451.0,0,Made money,0,"Jackson-Madison County General Hosp (Jackson, TN)",22,95,0.031,0.0446
440003,Sumner Regional Medical Center,Gallatin,TN,Tennessee,General hospital,For-profit,Urban,138.0,2023,0.0433,7904765.0,182608306.0,0,Made money,0,"Sumner Regional Medical Center (Gallatin, TN)",44,95,0.031,0.0446
440006,Skyline Medical Center,Nashville,TN,Tennessee,General hospital,For-profit,Urban,344.0,2023,0.232,95476714.0,411615151.0,0,Made money,0,"Skyline Medical Center (Nashville, TN)",11,95,0.031,0.0446
440007,Unity Medical Center,Manchester,TN,Tennessee,General hospital,Nonprofit,Rural,49.0,2023,0.0274,1424589.0,51921003.0,0,Made money,0,"Unity Medical Center (Manchester, TN)",50,95,0.031,0.0446
440008,Henderson County Community Hospital,Lexington,TN,Tennessee,General hospital,For-profit,Rural,36.0,2023,0.2166,6416819.0,29629611.0,0,Made money,0,"Henderson County Community Hospital (Lexington, TN)",12,95,0.031,0.0446
440009,Cumberland Medical Center,Crossville,TN,Tennessee,General hospital,Nonprofit,Rural,73.0,2023,-0.0514,-4668469.0,90891829.0,3,3-4 years,3,"Cumberland Medical Center (Crossville, TN)",71,95,0.031,0.0446
440010,Wayne Medical Center,Waynesboro,TN,Tennessee,General hospital,Government,Rural,25.0,2023,-0.2898,-3692116.0,12739101.0,9,5+ years,4,"Wayne Medical Center (Waynesboro, TN)",92,95,0.031,0.0446
440011,Blount Memorial Hospital,Maryville,TN,Tennessee,General hospital,Government,Urban,148.0,2023,0.012,4413898.0,367410076.0,0,Made money,0,"Blount Memorial Hospital (Maryville, TN)",54,95,0.031,0.0446
440012,Bristol Regional Medical Center,Bristol,TN,Tennessee,General hospital,Nonprofit,Urban,244.0,2023,0.0373,11447898.0,306891218.0,0,Made money,0,"Bristol Regional Medical Center (Bristol, TN)",46,95,0.031,0.0446
440015,University Of Tennessee Medical Cent,Knoxville,TN,Tennessee,General hospital,Nonprofit,Urban,698.0,2023,0.0468,69108863.0,1475705677.0,0,Made money,0,"University Of Tennessee Medical Cent (Knoxville, TN)",40,95,0.031,0.0446
440016,Baptist Mem Hospital Huntingdon,Huntingdon,TN,Tennessee,General hospital,Nonprofit,Rural,46.0,2023,-0.0172,-485616.0,28263171.0,13,5+ years,4,"Baptist Mem Hospital Huntingdon (Huntingdon, TN)",65,95,0.031,0.0446
440017,Holston Valley Hosp & Med Ctr,Kingsport,TN,Tennessee,General hospital,Nonprofit,Urban,290.0,2023,-0.0888,-30029206.0,338076718.0,3,3-4 years,3,"Holston Valley Hosp & Med Ctr (Kingsport, TN)",80,95,0.031,0.0446
440018,Sycamore Shoals Hospital,Elizabethton,TN,Tennessee,General hospital,Nonprofit,Urban,29.0,2023,0.0135,685715.0,50669809.0,0,Made money,0,"Sycamore Shoals Hospital (Elizabethton, TN)",53,95,0.031,0.0446
440020,So Tenn Reg Med Ctr Of Pulaski,Pulaski,TN,Tennessee,General hospital,For-profit,Rural,81.0,2023,0.0302,1312068.0,43390273.0,0,Made money,0,"So Tenn Reg Med Ctr Of Pulaski (Pulaski, TN)",49,95,0.031,0.0446
440029,Williamson Health,Franklin,TN,Tennessee,General hospital,Government,Urban,212.0,2023,0.0543,16854704.0,310494235.0,0,Made money,0,"Williamson Health (Franklin, TN)",37,95,0.031,0.0446
440030,Morristown-Hamblen Hospital,Morristown,TN,Tennessee,General hospital,Nonprofit,Urban,100.0,2023,0.1171,16272041.0,138918970.0,0,Made money,0,"Morristown-Hamblen Hospital (Morristown, TN)",25,95,0.031,0.0446
440031,Roane County Medical Center,Harriman,TN,Tennessee,General hospital,Nonprofit,Urban,52.0,2023,-0.0548,-2306639.0,42062372.0,1,1 year,1,"Roane County Medical Center (Harriman, TN)",74,95,0.031,0.0446
440032,Hawkins County Memorial Hospital,Rogersville,TN,Tennessee,General hospital,Nonprofit,Urban,6.0,2023,-0.0118,-169533.0,14416092.0,3,3-4 years,3,"Hawkins County Memorial Hospital (Rogersville, TN)",64,95,0.031,0.0446
440033,Lafollette Medical Center,Lafollette,TN,Tennessee,General hospital,For-profit,Urban,48.0,2023,0.0248,1190149.0,47969303.0,0,Made money,0,"Lafollette Medical Center (Lafollette, TN)",51,95,0.031,0.0446
440034,Methodist Medical Center,Oak Ridge,TN,Tennessee,General hospital,Nonprofit,Urban,157.0,2023,-0.0988,-16124027.0,163223747.0,2,2 years,2,"Methodist Medical Center (Oak Ridge, TN)",83,95,0.031,0.0446
440035,Tennova Healthcare Clarksville,Clarksville,TN,Tennessee,General hospital,For-profit,Urban,250.0,2023,0.0595,12265263.0,206095480.0,0,Made money,0,"Tennova Healthcare Clarksville (Clarksville, TN)",35,95,0.031,0.0446
440039,Vanderbilt University Medical Center,Nashville,TN,Tennessee,General hospital,Nonprofit,Urban,1084.0,2023,0.0466,338767177.0,7274610892.0,0,Made money,0,"Vanderbilt University Medical Center (Nashville, TN)",41,95,0.031,0.0446
440046,Horizon Medical Center,Dickson,TN,Tennessee,General hospital,For-profit,Urban,110.0,2023,0.137,20704218.0,151151982.0,0,Made money,0,"Horizon Medical Center (Dickson, TN)",23,95,0.031,0.0446
440048,Baptist Mem Hospital Memphis,Memphis,TN,Tennessee,General hospital,Nonprofit,Urban,800.0,2023,-0.0098,-9134983.0,928649376.0,2,2 years,2,"Baptist Mem Hospital Memphis (Memphis, TN)",63,95,0.031,0.0446
440049,Methodist H/C Memphis Hospt.,Memphis,TN,Tennessee,General hospital,Nonprofit,Urban,1322.0,2023,-0.1611,-265931511.0,1651008371.0,3,3-4 years,3,"Methodist H/C Memphis Hospt. (Memphis, TN)",87,95,0.031,0.0446
440050,Greeneville Community Hospital,Greeneville,TN,Tennessee,General hospital,Nonprofit,Rural,70.0,2023,-0.0791,-8916006.0,112751909.0,1,1 year,1,"Greeneville Community Hospital (Greeneville, TN)",79,95,0.031,0.0446
440053,Saint Thomas Rutherford Hospital,Murfreesboro,TN,Tennessee,General hospital,Nonprofit,Urban,366.0,2023,0.0443,22546231.0,508603276.0,0,Made money,0,"Saint Thomas Rutherford Hospital (Murfreesboro, TN)",43,95,0.031,0.0446
440056,Jefferson Memorial Hospital,Jefferson City,TN,Tennessee,General hospital,For-profit,Urban,56.0,2023,0.0393,2222062.0,56562938.0,0,Made money,0,"Jefferson Memorial Hospital (Jefferson City, TN)",45,95,0.031,0.0446
440057,Claiborne Medical Center,Tazewell,TN,Tennessee,General hospital,Nonprofit,Rural,26.0,2023,-0.0212,-733913.0,34679558.0,2,2 years,2,"Claiborne Medical Center (Tazewell, TN)",66,95,0.031,0.0446
440058,Southern Tennessee Medical Center,Winchester,TN,Tennessee,General hospital,For-profit,Rural,128.0,2023,0.0694,9011471.0,129767027.0,0,Made money,0,"Southern Tennessee Medical Center (Winchester, TN)",31,95,0.031,0.0446
440059,Cookeville Regional Medical Center,Cookeville,TN,Tennessee,General hospital,Government,Rural,204.0,2023,0.031,12231781.0,394933119.0,0,Made money,0,"Cookeville Regional Medical Center (Cookeville, TN)",48,95,0.031,0.0446
440060,Milan General Hospital,Milan,TN,Tennessee,General hospital,Government,Urban,47.0,2023,-0.008,-130452.0,16379378.0,2,2 years,2,"Milan General Hospital (Milan, TN)",61,95,0.031,0.0446
440061,West Tn Healthcare Volunteer Hospita,Martin,TN,Tennessee,General hospital,Government,Rural,38.0,2023,-0.1211,-3315698.0,27389971.0,8,5+ years,4,"West Tn Healthcare Volunteer Hospita (Martin, TN)",85,95,0.031,0.0446
440063,Johnson City Medical Center,Johnson City,TN,Tennessee,General hospital,Nonprofit,Urban,569.0,2023,-0.001,-660039.0,643170192.0,4,3-4 years,3,"Johnson City Medical Center (Johnson City, TN)",58,95,0.031,0.0446
440065,Northcrest Medical Center,Springfield,TN,Tennessee,General hospital,Nonprofit,Urban,109.0,2023,-0.1617,-11628215.0,71914330.0,3,3-4 years,3,"Northcrest Medical Center (Springfield, TN)",88,95,0.031,0.0446
440068,Athens Regional Medical Center,Athens,TN,Tennessee,General hospital,For-profit,Rural,172.0,2023,0.1699,19852388.0,116831452.0,0,Made money,0,"Athens Regional Medical Center (Athens, TN)",18,95,0.031,0.0446
440072,Dyersburg Regional Medical Center,Dyersburg,TN,Tennessee,General hospital,Government,Rural,109.0,2023,-0.1179,-7154297.0,60670414.0,7,5+ years,4,"Dyersburg Regional Medical Center (Dyersburg, TN)",84,95,0.031,0.0446
440073,Maury Regional Hospital,Columbia,TN,Tennessee,General hospital,Government,Urban,244.0,2023,0.066,26209222.0,397139496.0,0,Made money,0,"Maury Regional Hospital (Columbia, TN)",34,95,0.031,0.0446
440081,Leconte Medical Center,Sevierville,TN,Tennessee,General hospital,Nonprofit,Rural,60.0,2023,0.1862,25928520.0,139250894.0,0,Made money,0,"Leconte Medical Center (Sevierville, TN)",16,95,0.031,0.0446
440082,Saint Thomas West Hospital,Nashville,TN,Tennessee,General hospital,Nonprofit,Urban,686.0,2023,0.0684,85230332.0,1246901137.0,0,Made money,0,"Saint Thomas West Hospital (Nashville, TN)",32,95,0.031,0.0446
440084,Sweetwater Hospital Association,Sweetwater,TN,Tennessee,General hospital,Nonprofit,Rural,55.0,2023,-0.0979,-6074855.0,62072888.0,3,3-4 years,3,"Sweetwater Hospital Association (Sweetwater, TN)",82,95,0.031,0.0446
440091,Memorial Health Care System Inc.,Chattanooga,TN,Tennessee,General hospital,Nonprofit,Urban,431.0,2023,0.0017,1181783.0,675808082.0,0,Made money,0,"Memorial Health Care System Inc. (Chattanooga, TN)",57,95,0.031,0.0446
440102,Lincoln Medical Center,Fayetteville,TN,Tennessee,General hospital,Government,Rural,47.0,2023,-0.1823,-6657060.0,36516254.0,3,3-4 years,3,"Lincoln Medical Center (Fayetteville, TN)",89,95,0.031,0.0446
440104,Erlanger Medical Center,Chattanooga,TN,Tennessee,General hospital,Government,Urban,662.0,2023,0.0564,71871260.0,1273629990.0,0,Made money,0,"Erlanger Medical Center (Chattanooga, TN)",36,95,0.031,0.0446
440109,Hardin Medical Center,Savannah,TN,Tennessee,General hospital,Government,Rural,49.0,2023,0.008,490243.0,61202454.0,0,Made money,0,"Hardin Medical Center (Savannah, TN)",56,95,0.031,0.0446
440110,Fort Loudoun Medical Center,Lenoir City,TN,Tennessee,General hospital,Nonprofit,Urban,30.0,2023,0.0971,4283061.0,44121126.0,0,Made money,0,"Fort Loudoun Medical Center (Lenoir City, TN)",28,95,0.031,0.0446
440111,Metro Nashville General Hospital,Nashville,TN,Tennessee,General hospital,Government,Urban,114.0,2023,0.0358,5672180.0,158441476.0,0,Made money,0,"Metro Nashville General Hospital (Nashville, TN)",47,95,0.031,0.0446
440120,Tennova Healthcare - Turkey Creek Mc,Knoxville,TN,Tennessee,General hospital,For-profit,Urban,219.0,2023,0.0454,15171407.0,334454359.0,0,Made money,0,"Tennova Healthcare - Turkey Creek Mc (Knoxville, TN)",42,95,0.031,0.0446
440125,Fort Sanders Regional Medical Center,Knoxville,TN,Tennessee,General hospital,Nonprofit,Urban,302.0,2023,-0.0318,-12250415.0,385772702.0,2,2 years,2,"Fort Sanders Regional Medical Center (Knoxville, TN)",67,95,0.031,0.0446
440130,Baptist Mem Hospital Union City,Union City,TN,Tennessee,General hospital,Nonprofit,Rural,43.0,2023,-0.0047,-234555.0,49607251.0,1,1 year,1,"Baptist Mem Hospital Union City (Union City, TN)",60,95,0.031,0.0446
440131,Baptist Mem Hospital Tipton County,Covington,TN,Tennessee,General hospital,Nonprofit,Urban,48.0,2023,0.1366,32324593.0,236630680.0,0,Made money,0,"Baptist Mem Hospital Tipton County (Covington, TN)",24,95,0.031,0.0446
440132,Henry County Medical Center,Paris,TN,Tennessee,General hospital,Government,Rural,33.0,2023,-0.0528,-4895668.0,92759617.0,3,3-4 years,3,"Henry County Medical Center (Paris, TN)",72,95,0.031,0.0446
440137,Vanderbilt Bedford County Hospital,Shelbyville,TN,Tennessee,General hospital,Nonprofit,Rural,24.0,2023,-0.0345,-1783782.0,51673304.0,3,3-4 years,3,"Vanderbilt Bedford County Hospital (Shelbyville, TN)",68,95,0.031,0.0446
440144,Vanderbilt Tullahoma-Harton Hospital,Tullahoma,TN,Tennessee,General hospital,Nonprofit,Rural,76.0,2023,-0.1394,-11805538.0,84701301.0,3,3-4 years,3,"Vanderbilt Tullahoma-Harton Hospital (Tullahoma, TN)",86,95,0.031,0.0446
440148,St Thomas Dekalb Hospital,Smithville,TN,Tennessee,General hospital,Nonprofit,Rural,18.0,2023,-0.292,-3345105.0,11455676.0,9,5+ years,4,"St Thomas Dekalb Hospital (Smithville, TN)",93,95,0.031,0.0446
440150,Summit Medical Center,Hermitage,TN,Tennessee,General hospital,For-profit,Urban,188.0,2023,0.5102,162807672.0,319095953.0,0,Made money,0,"Summit Medical Center (Hermitage, TN)",1,95,0.031,0.0446
440151,Ascension St Thomas River Park,Mcminnville,TN,Tennessee,General hospital,Nonprofit,Rural,46.0,2023,-0.0656,-3873554.0,59029232.0,2,2 years,2,"Ascension St Thomas River Park (Mcminnville, TN)",77,95,0.031,0.0446
440152,Regional One Health,Memphis,TN,Tennessee,General hospital,Nonprofit,Urban,291.0,2023,-0.0015,-1150753.0,757479933.0,9,5+ years,4,"Regional One Health (Memphis, TN)",59,95,0.031,0.0446
440153,Newport Medical Center,Newport,TN,Tennessee,General hospital,For-profit,Rural,32.0,2023,0.1001,5011228.0,50068751.0,0,Made money,0,"Newport Medical Center (Newport, TN)",27,95,0.031,0.0446
440156,Parkridge Medical Center,Chattanooga,TN,Tennessee,General hospital,For-profit,Urban,400.0,2023,0.3285,145377686.0,442527654.0,0,Made money,0,"Parkridge Medical Center (Chattanooga, TN)",7,95,0.031,0.0446
440159,Delta Medical Center Memphis,Memphis,TN,Tennessee,General hospital,For-profit,Urban,10.0,2023,0.0842,2703889.0,32106235.0,0,Made money,0,"Delta Medical Center Memphis (Memphis, TN)",29,95,0.031,0.0446
440161,Tristar Centennial Medical Center,Nashville,TN,Tennessee,General hospital,For-profit,Urban,635.0,2023,0.312,334022016.0,1070659534.0,0,Made money,0,"Tristar Centennial Medical Center (Nashville, TN)",8,95,0.031,0.0446
440173,Parkwest Medical Center,Knoxville,TN,Tennessee,General hospital,Nonprofit,Urban,359.0,2023,0.0098,4378206.0,445717449.0,0,Made money,0,"Parkwest Medical Center (Knoxville, TN)",55,95,0.031,0.0446
440175,Southern Tn Lawrenceburg Hospital,Lawrenceburg,TN,Tennessee,General hospital,For-profit,Rural,89.0,2023,0.0504,2872625.0,56995546.0,0,Made money,0,"Southern Tn Lawrenceburg Hospital (Lawrenceburg, TN)",38,95,0.031,0.0446
440176,Indian Path Community Hospital,Kingsport,TN,Tennessee,General hospital,Nonprofit,Urban,40.0,2023,0.1889,29465394.0,155952125.0,0,Made money,0,"Indian Path Community Hospital (Kingsport, TN)",15,95,0.031,0.0446
440183,St. Francis Hospital,Memphis,TN,Tennessee,General hospital,For-profit,Urban,334.0,2023,-0.0652,-17541101.0,269093336.0,3,3-4 years,3,"St. Francis Hospital (Memphis, TN)",76,95,0.031,0.0446
440184,Franklin Woods Community Hospital,Johnson City,TN,Tennessee,General hospital,Nonprofit,Urban,80.0,2023,0.1619,18257352.0,112756490.0,0,Made money,0,"Franklin Woods Community Hospital (Johnson City, TN)",20,95,0.031,0.0446
440185,Skyridge Medical Center,Cleveland,TN,Tennessee,General hospital,For-profit,Urban,176.0,2023,0.2346,38365045.0,163512791.0,0,Made money,0,"Skyridge Medical Center (Cleveland, TN)",10,95,0.031,0.0446
440187,Livingston Regional Hospital,Livingston,TN,Tennessee,General hospital,For-profit,Rural,90.0,2023,-0.0482,-2500319.0,51888330.0,2,2 years,2,"Livingston Regional Hospital (Livingston, TN)",70,95,0.031,0.0446
440192,Saint Thomas Highland Hospital,Sparta,TN,Tennessee,General hospital,Nonprofit,Rural,14.0,2023,-0.0533,-1294988.0,24286611.0,7,5+ years,4,"Saint Thomas Highland Hospital (Sparta, TN)",73,95,0.031,0.0446
440193,Vanderbilt Wilson County Hospital,Lebanon,TN,Tennessee,General hospital,Nonprofit,Urban,117.0,2023,-0.045,-7781222.0,172821745.0,7,5+ years,4,"Vanderbilt Wilson County Hospital (Lebanon, TN)",69,95,0.031,0.0446
440194,Tristar Hendersonville Medical Cente,Hendersonville,TN,Tennessee,General hospital,For-profit,Urban,127.0,2023,0.4352,95911930.0,220398876.0,0,Made money,0,"Tristar Hendersonville Medical Cente (Hendersonville, TN)",4,95,0.031,0.0446
440197,Southern Hills Medical Center,Nashville,TN,Tennessee,General hospital,For-profit,Urban,110.0,2023,0.1773,27651290.0,155975286.0,0,Made money,0,"Southern Hills Medical Center (Nashville, TN)",17,95,0.031,0.0446
440200,Saint Thomas Stones River Hospital,Woodbury,TN,Tennessee,General hospital,Nonprofit,Urban,21.0,2023,-0.4014,-3992161.0,9945379.0,13,5+ years,4,"Saint Thomas Stones River Hospital (Woodbury, TN)",94,95,0.031,0.0446
440218,The Center For Spinal Surgery,Nashville,TN,Tennessee,General hospital,For-profit,Urban,23.0,2023,0.4088,34632126.0,84723708.0,0,Made money,0,"The Center For Spinal Surgery (Nashville, TN)",5,95,0.031,0.0446
440227,Tristar Stonecrest Medical Center,Smyrna,TN,Tennessee,General hospital,For-profit,Urban,115.0,2023,0.4712,94350516.0,200221544.0,0,Made money,0,"Tristar Stonecrest Medical Center (Smyrna, TN)",3,95,0.031,0.0446
440228,St. Francis Bartlett Med Ctr,Bartlett,TN,Tennessee,General hospital,For-profit,Urban,196.0,2023,0.0709,9414664.0,132724837.0,0,Made money,0,"St. Francis Bartlett Med Ctr (Bartlett, TN)",30,95,0.031,0.0446
440231,Trustpoint Hospital,Murfreesboro,TN,Tennessee,General hospital,For-profit,Urban,18.0,2023,0.1671,11415307.0,68323028.0,0,Made money,0,"Trustpoint Hospital (Murfreesboro, TN)",19,95,0.031,0.0446
440238,Haywood County Community Hospital,Brownsville,TN,Tennessee,General hospital,For-profit,Rural,9.0,2023,-0.1994,-1347827.0,6758810.0,1,1 year,1,"Haywood County Community Hospital (Brownsville, TN)",90,95,0.031,0.0446
440779,Tristar Ashland City Medical Center,Ashland City,TN,Tennessee,General hospital,For-profit,Urban,,2023,0.4721,6010670.0,12731304.0,0,Made money,0,"Tristar Ashland City Medical Center (Ashland City, TN) #440779",2,95,0.031,0.0446
441300,St Thomas Hickman Hospital,Centerville,TN,Tennessee,Critical access hospital (small rural),Nonprofit,Rural,25.0,2023,-0.2324,-3375436.0,14524801.0,3,3-4 years,3,"St Thomas Hickman Hospital (Centerville, TN)",91,95,0.031,0.0446
441301,Trousdale Medical Center,Hartsville,TN,Tennessee,Critical access hospital (small rural),For-profit,Urban,25.0,2023,0.1399,1774411.0,12684851.0,0,Made money,0,"Trousdale Medical Center (Hartsville, TN)",21,95,0.031,0.0446
441303,Ascension St Thomas Three Rivers,Waverly,TN,Tennessee,Critical access hospital (small rural),Nonprofit,Rural,25.0,2023,-0.09,-1104501.0,12269333.0,2,2 years,2,"Ascension St Thomas Three Rivers (Waverly, TN)",81,95,0.031,0.0446
441304,Johnson County Community Hospital,Mountain City,TN,Tennessee,Critical access hospital (small rural),Nonprofit,Rural,2.0,2023,0.0677,776696.0,11467717.0,0,Made money,0,"Johnson County Community Hospital (Mountain City, TN)",33,95,0.031,0.0446
441305,Macon County General Hospital,Lafayette,TN,Tennessee,Critical access hospital (small rural),Nonprofit,Urban,25.0,2023,0.0233,474026.0,20316315.0,0,Made money,0,"Macon County General Hospital (Lafayette, TN)",52,95,0.031,0.0446
441306,Erlanger Bledsoe Hospital,Pikeville,TN,Tennessee,Critical access hospital (small rural),Government,Rural,25.0,2023,0.2159,5031174.0,23301330.0,0,Made money,0,"Erlanger Bledsoe Hospital (Pikeville, TN)",14,95,0.031,0.0446
441307,Riverview Regional Medical Center,Carthage,TN,Tennessee,Critical access hospital (small rural),For-profit,Urban,25.0,2023,0.0496,1314179.0,26485775.0,0,Made money,0,"Riverview Regional Medical Center (Carthage, TN)",39,95,0.031,0.0446
441309,Marshall Medical Center,Lewisburg,TN,Tennessee,Critical access hospital (small rural),Government,Rural,25.0,2023,-0.0585,-2408320.0,41186569.0,2,2 years,2,"Marshall Medical Center (Lewisburg, TN)",75,95,0.031,0.0446
441310,Rhea Medical Center,Dayton,TN,Tennessee,Critical access hospital (small rural),Government,Rural,25.0,2023,-0.0784,-2306205.0,29421401.0,3,3-4 years,3,"Rhea Medical Center (Dayton, TN)",78,95,0.031,0.0446
441311,Tristar Ashland City Medical Center,Ashland City,TN,Tennessee,Critical access hospital (small rural),For-profit,Urban,,2022,0.2501,1981268.0,7920495.0,0,Made money,0,"Tristar Ashland City Medical Center (Ashland City, TN) #441311",1,1,0.031,0.0446
441313,Hancock County Hospital,Sneedville,TN,Tennessee,Critical access hospital (small rural),Nonprofit,Rural,10.0,2023,0.116,982086.0,8466706.0,0,Made money,0,"Hancock County Hospital (Sneedville, TN)",26,95,0.031,0.0446
441314,Lauderdale Community Hospital,Ripley,TN,Tennessee,Critical access hospital (small rural),For-profit,Rural,25.0,2023,-0.4701,-5565492.0,11838051.0,2,2 years,2,"Lauderdale Community Hospital (Ripley, TN)",95,95,0.031,0.0446
441316,Camden General Hospital,Camden,TN,Tennessee,Critical access hospital (small rural),Government,Rural,25.0,2023,0.2166,2864525.0,13227500.0,0,Made money,0,"Camden General Hospital (Camden, TN)",12,95,0.031,0.0446
441320,Bolivar General Hospital,Bolivar,TN,Tennessee,Critical access hospital (small rural),Government,Rural,25.0,2023,0.2678,3307406.0,12350808.0,0,Made money,0,"Bolivar General Hospital (Bolivar, TN)",9,95,0.031,0.0446
441322,Houston County Community Hospital,Erin,TN,Tennessee,Critical access hospital (small rural),Government,Rural,25.0,2021,0.1456,1992434.0,13682599.0,0,Made money,0,"Houston County Community Hospital (Erin, TN)",1,1,0.031,0.0446
441323,Big South Fork Medical Center,Oneida,TN,Tennessee,Critical access hospital (small rural),For-profit,Rural,25.0,2023,0.3385,6538159.0,19314374.0,0,Made money,0,"Big South Fork Medical Center (Oneida, TN)",6,95,0.031,0.0446
450002,The Hospitals Of Providence-Memorial,El Paso,TX,Texas,General hospital,For-profit,Urban,373.0,2023,0.1403,41206974.0,293796286.0,0,Made money,0,"The Hospitals Of Providence-Memorial (El Paso, TX)",108,361,0.0877,0.0446
450007,Peterson Regional Medical Center,Kerrville,TX,Texas,General hospital,Nonprofit,Rural,98.0,2023,0.2031,45023132.0,221645116.0,0,Made money,0,"Peterson Regional Medical Center (Kerrville, TX)",66,361,0.0877,0.0446
450010,United Regional Health Care System,Wichita Falls,TX,Texas,General hospital,Nonprofit,Urban,244.0,2023,0.2574,135359888.0,525795957.0,0,Made money,0,"United Regional Health Care System (Wichita Falls, TX)",43,361,0.0877,0.0446
450011,St. Joseph Regional Health Center,Bryan,TX,Texas,General hospital,Nonprofit,Urban,284.0,2023,-0.0069,-3427900.0,495957229.0,5,5+ years,4,"St. Joseph Regional Health Center (Bryan, TX)",272,361,0.0877,0.0446
450015,Dallas Co. Hosp. Dist.,Dallas,TX,Texas,General hospital,Government,Urban,787.0,2023,0.0367,102757808.0,2803430351.0,0,Made money,0,"Dallas Co. Hosp. Dist. (Dallas, TX)",230,361,0.0877,0.0446
450018,The University Of Texas Medical Br.,Galveston,TX,Texas,General hospital,Government,Urban,837.0,2023,0.0932,170452111.0,1829074982.0,0,Made money,0,"The University Of Texas Medical Br. (Galveston, TX)",174,361,0.0877,0.0446
450021,Baylor University Medical Ctr,Dallas,TX,Texas,General hospital,Nonprofit,Urban,800.0,2023,0.3013,581980352.0,1931244489.0,0,Made money,0,"Baylor University Medical Ctr (Dallas, TX)",32,361,0.0877,0.0446
450023,Citizens Medical Center,Victoria,TX,Texas,General hospital,Government,Urban,286.0,2023,0.0135,2834329.0,209368176.0,0,Made money,0,"Citizens Medical Center (Victoria, TX)",255,361,0.0877,0.0446
450024,University Medical Center Of El Paso,El Paso,TX,Texas,General hospital,Government,Urban,296.0,2023,-0.0188,-15633021.0,830543350.0,1,1 year,1,"University Medical Center Of El Paso (El Paso, TX)",276,361,0.0877,0.0446
450028,Valley Baptist Med Cntr Brownsville,Brownsville,TX,Texas,General hospital,For-profit,Urban,240.0,2023,0.1251,25420224.0,203240698.0,0,Made money,0,"Valley Baptist Med Cntr Brownsville (Brownsville, TX)",131,361,0.0877,0.0446
450029,Laredo Medical Center,Laredo,TX,Texas,General hospital,For-profit,Urban,296.0,2023,0.3551,125216969.0,352629053.0,0,Made money,0,"Laredo Medical Center (Laredo, TX)",15,361,0.0877,0.0446
450032,Good Shepherd Medical Center,Longview,TX,Texas,General hospital,Nonprofit,Urban,318.0,2023,0.0923,62216207.0,673922897.0,0,Made money,0,"Good Shepherd Medical Center (Longview, TX)",175,361,0.0877,0.0446
450033,Valley Baptist Medical Center,Harlingen,TX,Texas,General hospital,For-profit,Urban,368.0,2023,0.195,89126400.0,457010853.0,0,Made money,0,"Valley Baptist Medical Center (Harlingen, TX)",71,361,0.0877,0.0446
450034,Christus Hospital,Beaumont,TX,Texas,General hospital,Nonprofit,Urban,353.0,2023,0.0594,26181841.0,440459948.0,0,Made money,0,"Christus Hospital (Beaumont, TX)",206,361,0.0877,0.0446
450035,St Joseph Medical Center,Houston,TX,Texas,General hospital,For-profit,Urban,156.0,2023,-0.183,-36831706.0,201254622.0,2,2 years,2,"St Joseph Medical Center (Houston, TX)",343,361,0.0877,0.0446
450039,Tchd D/B/A Jps Health Network,Fort Worth,TX,Texas,General hospital,Government,Urban,446.0,2023,0.1778,302367250.0,1700469397.0,0,Made money,0,"Tchd D/B/A Jps Health Network (Fort Worth, TX)",81,361,0.0877,0.0446
450040,Covenant Medical Center,Lubbock,TX,Texas,General hospital,Nonprofit,Urban,452.0,2023,-0.0717,-39241874.0,547150196.0,5,5+ years,4,"Covenant Medical Center (Lubbock, TX)",310,361,0.0877,0.0446
450042,Ascension Providence,Waco,TX,Texas,General hospital,Nonprofit,Urban,225.0,2023,-0.0484,-14476938.0,299062946.0,2,2 years,2,"Ascension Providence (Waco, TX)",302,361,0.0877,0.0446
450044,Ut Southwestern University Hosp,Dallas,TX,Texas,General hospital,Government,Urban,728.0,2023,0.0297,82546249.0,2778305169.0,0,Made money,0,"Ut Southwestern University Hosp (Dallas, TX)",238,361,0.0877,0.0446
450046,Christus Spohn Hosp Corpus Christi,Corpus Christi,TX,Texas,General hospital,Nonprofit,Urban,515.0,2023,-0.0531,-37686757.0,710182313.0,1,1 year,1,"Christus Spohn Hosp Corpus Christi (Corpus Christi, TX)",304,361,0.0877,0.0446
450051,Methodist Dallas Medical Center,Dallas,TX,Texas,General hospital,Nonprofit,Urban,403.0,2023,0.0306,19944021.0,652767096.0,0,Made money,0,"Methodist Dallas Medical Center (Dallas, TX)",236,361,0.0877,0.0446
450054,Scott And White Memorial Hospital,Temple,TX,Texas,General hospital,Nonprofit,Urban,616.0,2023,0.131,317574222.0,2424511173.0,0,Made money,0,"Scott And White Memorial Hospital (Temple, TX)",119,361,0.0877,0.0446
450055,Rolling Plains Memorial Hospital,Sweetwater,TX,Texas,General hospital,Government,Rural,40.0,2023,-0.177,-7210378.0,40738117.0,2,2 years,2,"Rolling Plains Memorial Hospital (Sweetwater, TX)",341,361,0.0877,0.0446
450056,Ascension Seton Medical Center,Austin,TX,Texas,General hospital,Nonprofit,Urban,391.0,2023,0.0818,65970496.0,806570085.0,0,Made money,0,"Ascension Seton Medical Center (Austin, TX)",185,361,0.0877,0.0446
450058,Baptist Health System,San Antonio,TX,Texas,General hospital,For-profit,Urban,1585.0,2023,0.1913,280644521.0,1467046355.0,0,Made money,0,"Baptist Health System (San Antonio, TX)",74,361,0.0877,0.0446
450064,Texas Health Arlington Memorial Hosp,Arlington,TX,Texas,General hospital,Nonprofit,Urban,192.0,2023,0.0606,21160277.0,349070237.0,0,Made money,0,"Texas Health Arlington Memorial Hosp (Arlington, TX)",202,361,0.0877,0.0446
450068,Memorial Hermann Texas Medical Cntr,Houston,TX,Texas,General hospital,Nonprofit,Urban,1137.0,2023,0.0546,167696950.0,3070977822.0,0,Made money,0,"Memorial Hermann Texas Medical Cntr (Houston, TX)",215,361,0.0877,0.0446
450072,Brazosport Regional Health System,Lake Jackson,TX,Texas,General hospital,Nonprofit,Urban,80.0,2023,0.1071,11793888.0,110169433.0,0,Made money,0,"Brazosport Regional Health System (Lake Jackson, TX)",155,361,0.0877,0.0446
450076,Ut Md Anderson Cancer Center,Houston,TX,Texas,General hospital,Government,Urban,756.0,2023,0.2101,1454455228.0,6924041531.0,0,Made money,0,"Ut Md Anderson Cancer Center (Houston, TX)",60,361,0.0877,0.0446
450078,Anson General Hospital,Anson,TX,Texas,General hospital,Government,Urban,7.0,2022,-0.4192,-2219264.0,5294336.0,5,5+ years,4,"Anson General Hospital (Anson, TX) #450078",14,16,0.0877,0.0446
450079,Baylor S&W Medical Center - Irving,Irving,TX,Texas,General hospital,Nonprofit,Urban,269.0,2023,0.1511,53096438.0,351299229.0,0,Made money,0,"Baylor S&W Medical Center - Irving (Irving, TX)",98,361,0.0877,0.0446
450080,Titus Regional Medical Center,Mt. Pleasant,TX,Texas,General hospital,Government,Rural,49.0,2023,-0.0462,-5254194.0,113632394.0,2,2 years,2,"Titus Regional Medical Center (Mt. Pleasant, TX)",300,361,0.0877,0.0446
450082,Christus Spohn Hospital Beeville,Beeville,TX,Texas,General hospital,Nonprofit,Rural,40.0,2023,0.0899,3588592.0,39929602.0,0,Made money,0,"Christus Spohn Hospital Beeville (Beeville, TX)",180,361,0.0877,0.0446
450083,Ut Health East Texas Tyler,Tyler,TX,Texas,General hospital,For-profit,Urban,352.0,2023,-0.2103,-116953320.0,556143898.0,1,1 year,1,"Ut Health East Texas Tyler (Tyler, TX)",345,361,0.0877,0.0446
450085,Graham Regional Medical Center,Graham,TX,Texas,General hospital,Government,Rural,25.0,2023,0.1073,2595405.0,24190660.0,0,Made money,0,"Graham Regional Medical Center (Graham, TX)",154,361,0.0877,0.0446
450087,Medical City North Hills,North Richland Hills,TX,Texas,General hospital,For-profit,Urban,142.0,2023,0.2769,51580201.0,186284481.0,0,Made money,0,"Medical City North Hills (North Richland Hills, TX)",35,361,0.0877,0.0446
450090,North Texas Medical Center,Gainsville,TX,Texas,General hospital,Nonprofit,Rural,35.0,2023,-0.0412,-1827327.0,44403486.0,1,1 year,1,"North Texas Medical Center (Gainsville, TX)",297,361,0.0877,0.0446
450092,Fort Duncan Medical Center,Eagle Pass,TX,Texas,General hospital,For-profit,Rural,86.0,2023,0.2618,23775742.0,90803721.0,0,Made money,0,"Fort Duncan Medical Center (Eagle Pass, TX)",39,361,0.0877,0.0446
450097,Hca Houston Healthcare Southeast,Pasadena,TX,Texas,General hospital,For-profit,Urban,247.0,2023,0.2356,86255533.0,366106112.0,0,Made money,0,"Hca Houston Healthcare Southeast (Pasadena, TX)",48,361,0.0877,0.0446
450099,Pampa Regional Medical Center,Pampa,TX,Texas,General hospital,Nonprofit,Rural,97.0,2022,-0.2899,-9345987.0,32241610.0,1,1 year,1,"Pampa Regional Medical Center (Pampa, TX) #450099",11,16,0.0877,0.0446
450101,Hillcrest Baptist Medical Center,Waco,TX,Texas,General hospital,Nonprofit,Urban,236.0,2023,0.1063,63119047.0,593815698.0,0,Made money,0,"Hillcrest Baptist Medical Center (Waco, TX)",156,361,0.0877,0.0446
450102,Christus Mother Frances Hosp-Tyler,Tyler,TX,Texas,General hospital,Nonprofit,Urban,518.0,2023,0.0147,19305452.0,1310333690.0,0,Made money,0,"Christus Mother Frances Hosp-Tyler (Tyler, TX)",254,361,0.0877,0.0446
450104,Guadalupe Regional Medical Center,Seguin,TX,Texas,General hospital,Government,Urban,117.0,2023,0.0241,3692440.0,153070621.0,0,Made money,0,"Guadalupe Regional Medical Center (Seguin, TX)",247,361,0.0877,0.0446
450107,Las Palmas Medical Center,El Paso,TX,Texas,General hospital,For-profit,Urban,533.0,2023,0.5352,413660021.0,772952953.0,0,Made money,0,"Las Palmas Medical Center (El Paso, TX)",3,361,0.0877,0.0446
450108,Connally Memorial Medical Center,Floresville,TX,Texas,General hospital,Government,Urban,44.0,2023,0.0866,4197684.0,48484070.0,0,Made money,0,"Connally Memorial Medical Center (Floresville, TX)",182,361,0.0877,0.0446
450119,South Texas Health System,Edinburg,TX,Texas,General hospital,For-profit,Urban,819.0,2023,0.1288,92967127.0,722057101.0,0,Made money,0,"South Texas Health System (Edinburg, TX)",123,361,0.0877,0.0446
450124,Dell Seton Medical Center At The Uni,Austin,TX,Texas,General hospital,Nonprofit,Urban,225.0,2023,0.0208,11306063.0,544285056.0,0,Made money,0,"Dell Seton Medical Center At The Uni (Austin, TX)",250,361,0.0877,0.0446
450128,Knapp Medical  Center,Weslaco,TX,Texas,General hospital,Nonprofit,Urban,154.0,2023,0.119,13630488.0,114512031.0,0,Made money,0,"Knapp Medical  Center (Weslaco, TX)",140,361,0.0877,0.0446
450132,Medical Center Health System,Odessa,TX,Texas,General hospital,Government,Urban,330.0,2023,-0.0033,-1141915.0,350685890.0,2,2 years,2,"Medical Center Health System (Odessa, TX)",267,361,0.0877,0.0446
450133,Midland Memorial Hospital,Midland,TX,Texas,General hospital,Government,Urban,268.0,2023,0.0976,38938214.0,399099621.0,0,Made money,0,"Midland Memorial Hospital (Midland, TX)",170,361,0.0877,0.0446
450135,Tx Hlth Harris Methodist Hospital,Fort Worth,TX,Texas,General hospital,Nonprofit,Urban,720.0,2023,0.0604,71192463.0,1178343736.0,0,Made money,0,"Tx Hlth Harris Methodist Hospital (Fort Worth, TX)",203,361,0.0877,0.0446
450137,Baylor S&W All Saints Medical Center,Fort Worth,TX,Texas,General hospital,Nonprofit,Urban,451.0,2023,0.1104,64842640.0,587257987.0,0,Made money,0,"Baylor S&W All Saints Medical Center (Fort Worth, TX)",149,361,0.0877,0.0446
450143,Ascension Seton Smithville,Smithville,TX,Texas,General hospital,Nonprofit,Urban,8.0,2023,0.1248,2895025.0,23189985.0,0,Made money,0,"Ascension Seton Smithville (Smithville, TX)",132,361,0.0877,0.0446
450144,Permian Regional Medical Center,Andrews,TX,Texas,General hospital,Government,Rural,35.0,2023,-0.0056,-375227.0,66644556.0,1,1 year,1,"Permian Regional Medical Center (Andrews, TX)",271,361,0.0877,0.0446
450147,Detar Healthcare Systems,Victoria,TX,Texas,General hospital,For-profit,Urban,163.0,2023,0.1037,23539351.0,226894168.0,0,Made money,0,"Detar Healthcare Systems (Victoria, TX)",165,361,0.0877,0.0446
450148,Texas Health Cleburne,Cleburne,TX,Texas,General hospital,Nonprofit,Urban,64.0,2023,0.0275,2254018.0,82010599.0,0,Made money,0,"Texas Health Cleburne (Cleburne, TX)",244,361,0.0877,0.0446
450152,Adventhealth Central Texas,Killeen,TX,Texas,General hospital,Nonprofit,Urban,208.0,2023,0.0161,2447895.0,152484809.0,0,Made money,0,"Adventhealth Central Texas (Killeen, TX)",252,361,0.0877,0.0446
450154,Val Verde Regional Medical Center,Del Rio,TX,Texas,General hospital,Government,Rural,47.0,2023,0.0009,75551.0,85195925.0,0,Made money,0,"Val Verde Regional Medical Center (Del Rio, TX)",263,361,0.0877,0.0446
450155,Hereford Regional Medical Ctr,Hereford,TX,Texas,General hospital,Government,Rural,32.0,2023,0.0635,2165787.0,34117961.0,0,Made money,0,"Hereford Regional Medical Ctr (Hereford, TX)",199,361,0.0877,0.0446
450162,Grace Medical Center,Lubbock,TX,Texas,General hospital,For-profit,Urban,92.0,2023,0.2077,18667088.0,89874333.0,0,Made money,0,"Grace Medical Center (Lubbock, TX)",62,361,0.0877,0.0446
450163,Christus Spohn Kleberg Memorial Hosp,Kingsville,TX,Texas,General hospital,Nonprofit,Rural,50.0,2023,0.1002,4943427.0,49327937.0,0,Made money,0,"Christus Spohn Kleberg Memorial Hosp (Kingsville, TX)",166,361,0.0877,0.0446
450165,Methodist Hospital South,Jourdanton,TX,Texas,General hospital,For-profit,Urban,67.0,2023,0.0784,3374680.0,43048435.0,0,Made money,0,"Methodist Hospital South (Jourdanton, TX)",193,361,0.0877,0.0446
450176,Mission Regional Medical Center,Mission,TX,Texas,General hospital,Nonprofit,Urban,270.0,2023,0.1615,25429840.0,157423991.0,0,Made money,0,"Mission Regional Medical Center (Mission, TX)",93,361,0.0877,0.0446
450184,Memorial Hermann  Hospital Sys,Houston,TX,Texas,General hospital,Nonprofit,Urban,1410.0,2023,0.0734,171459138.0,2335678133.0,0,Made money,0,"Memorial Hermann  Hospital Sys (Houston, TX)",194,361,0.0877,0.0446
450187,Scott & White Hospital Brenham,Brenham,TX,Texas,General hospital,Nonprofit,Rural,55.0,2021,0.1898,9399155.0,49520577.0,0,Made money,0,"Scott & White Hospital Brenham (Brenham, TX)",1,5,0.0877,0.0446
450193,Chi St Lukes Health Baylor Med Ctr,Houston,TX,Texas,General hospital,Nonprofit,Urban,648.0,2023,-0.037,-47999272.0,1296796674.0,3,3-4 years,3,"Chi St Lukes Health Baylor Med Ctr (Houston, TX)",294,361,0.0877,0.0446
450194,Ut Health East Texas Jacksonville,Jacksonville,TX,Texas,General hospital,For-profit,Rural,38.0,2023,0.0542,2773253.0,51122971.0,0,Made money,0,"Ut Health East Texas Jacksonville (Jacksonville, TX)",217,361,0.0877,0.0446
450196,Paris Regional Medical Center,Paris,TX,Texas,General hospital,For-profit,Rural,120.0,2023,0.1103,16309697.0,147800386.0,0,Made money,0,"Paris Regional Medical Center (Paris, TX)",150,361,0.0877,0.0446
450200,Wadley Regional Medical Center,Texarkana,TX,Texas,General hospital,For-profit,Urban,185.0,2023,-0.0397,-4099480.0,103326993.0,3,3-4 years,3,"Wadley Regional Medical Center (Texarkana, TX)",296,361,0.0877,0.0446
450203,Medical City Weatherford,Weatherford,TX,Texas,General hospital,For-profit,Urban,91.0,2023,0.1834,26195844.0,142825019.0,0,Made money,0,"Medical City Weatherford (Weatherford, TX)",78,361,0.0877,0.0446
450209,Northwest Texas Hospital,Amarillo,TX,Texas,General hospital,For-profit,Urban,328.0,2023,0.0804,29926426.0,372313219.0,0,Made money,0,"Northwest Texas Hospital (Amarillo, TX)",189,361,0.0877,0.0446
450210,Ut Health East Texas Carthage Hospit,Carthage,TX,Texas,General hospital,For-profit,Rural,42.0,2023,-0.0106,-247381.0,23389612.0,1,1 year,1,"Ut Health East Texas Carthage Hospit (Carthage, TX)",274,361,0.0877,0.0446
450211,Chi St Lukes Health Memorial Lufkin,Lufkin,TX,Texas,General hospital,Nonprofit,Rural,152.0,2023,-0.0777,-13469358.0,173332019.0,2,2 years,2,"Chi St Lukes Health Memorial Lufkin (Lufkin, TX)",312,361,0.0877,0.0446
450213,University Health System,San Antonio,TX,Texas,General hospital,Government,Urban,669.0,2023,0.1133,373058295.0,3293109005.0,0,Made money,0,"University Health System (San Antonio, TX)",146,361,0.0877,0.0446
450222,Conroe Regional Medical Center,Conroe,TX,Texas,General hospital,For-profit,Urban,266.0,2023,0.2668,80788141.0,302856687.0,0,Made money,0,"Conroe Regional Medical Center (Conroe, TX)",38,361,0.0877,0.0446
450229,Hendrick Medical Center,Abilene,TX,Texas,General hospital,Nonprofit,Urban,533.0,2023,0.259,262955244.0,1015202660.0,0,Made money,0,"Hendrick Medical Center (Abilene, TX)",42,361,0.0877,0.0446
450231,Baptist Saint Anthonys Hospital,Amarillo,TX,Texas,General hospital,For-profit,Urban,357.0,2023,-0.0088,-5215566.0,592741496.0,2,2 years,2,"Baptist Saint Anthonys Hospital (Amarillo, TX)",273,361,0.0877,0.0446
450235,Gonzales Healthcare Systems,Gonzales,TX,Texas,General hospital,Government,Rural,12.0,2023,0.0902,6296533.0,69829907.0,0,Made money,0,"Gonzales Healthcare Systems (Gonzales, TX)",179,361,0.0877,0.0446
450236,Christus Mf - Sulphur Springs,Sulphur Springs,TX,Texas,General hospital,Nonprofit,Rural,56.0,2023,0.2001,28795668.0,143871982.0,0,Made money,0,"Christus Mf - Sulphur Springs (Sulphur Springs, TX)",68,361,0.0877,0.0446
450237,Santa Rosa Healthcare,San Antonio,TX,Texas,General hospital,Nonprofit,Urban,387.0,2023,-0.0217,-12615274.0,580128864.0,3,3-4 years,3,"Santa Rosa Healthcare (San Antonio, TX)",279,361,0.0877,0.0446
450241,Faith Community Hospital,Jacksboro,TX,Texas,General hospital,Government,Rural,13.0,2023,-0.2776,-9580228.0,34516444.0,1,1 year,1,"Faith Community Hospital (Jacksboro, TX)",352,361,0.0877,0.0446
450253,Bellville Medical Center,Bellvile,TX,Texas,General hospital,Government,Urban,23.0,2022,0.0365,558493.0,15302863.0,0,Made money,0,"Bellville Medical Center (Bellvile, TX)",4,16,0.0877,0.0446
450271,Decatur Community Hospital,Decatur,TX,Texas,General hospital,Government,Urban,81.0,2023,-0.2529,-72010641.0,284704452.0,3,3-4 years,3,"Decatur Community Hospital (Decatur, TX)",349,361,0.0877,0.0446
450272,Christus Santa Rosa - San Marcos,San Marcos,TX,Texas,General hospital,Nonprofit,Urban,105.0,2023,0.0442,5459352.0,123406719.0,0,Made money,0,"Christus Santa Rosa - San Marcos (San Marcos, TX)",227,361,0.0877,0.0446
450289,Harris Health System,Bellaire,TX,Texas,General hospital,Government,Urban,595.0,2023,0.0995,251954589.0,2531374829.0,0,Made money,0,"Harris Health System (Bellaire, TX)",167,361,0.0877,0.0446
450292,Texas Health Kaufman,Kaufman,TX,Texas,General hospital,Nonprofit,Urban,42.0,2023,0.1402,6836219.0,48744226.0,0,Made money,0,"Texas Health Kaufman (Kaufman, TX)",109,361,0.0877,0.0446
450324,Texoma Medical Center,Denison,TX,Texas,General hospital,For-profit,Urban,389.0,2023,0.1061,51587499.0,486300770.0,0,Made money,0,"Texoma Medical Center (Denison, TX)",158,361,0.0877,0.0446
450330,Oakbend Medical Center,Richmond,TX,Texas,General hospital,Government,Urban,158.0,2023,-0.0688,-10372484.0,150683460.0,3,3-4 years,3,"Oakbend Medical Center (Richmond, TX)",309,361,0.0877,0.0446
450346,Baptist Beaumont Hospital,Beaumont,TX,Texas,General hospital,Nonprofit,Urban,338.0,2023,0.1329,57251726.0,430826051.0,0,Made money,0,"Baptist Beaumont Hospital (Beaumont, TX)",116,361,0.0877,0.0446
450347,Huntsville Memorial,Huntsville,TX,Texas,General hospital,Nonprofit,Rural,117.0,2023,0.0285,2678318.0,93823933.0,0,Made money,0,"Huntsville Memorial (Huntsville, TX)",242,361,0.0877,0.0446
450348,Falls Community Hospital And Clinic,Marlin,TX,Texas,General hospital,Nonprofit,Urban,36.0,2021,-0.1253,-1435791.0,11460294.0,7,5+ years,4,"Falls Community Hospital And Clinic (Marlin, TX) #450348",5,5,0.0877,0.0446
450351,Texas Health Harris Methodist Stephe,Stephenville,TX,Texas,General hospital,Nonprofit,Rural,47.0,2023,0.047,2902531.0,61777738.0,0,Made money,0,"Texas Health Harris Methodist Stephe (Stephenville, TX)",222,361,0.0877,0.0446
450352,Hunt Regional Medical Center,Greenville,TX,Texas,General hospital,Government,Urban,150.0,2023,-0.0267,-6096928.0,227938262.0,2,2 years,2,"Hunt Regional Medical Center (Greenville, TX)",282,361,0.0877,0.0446
450358,The Methodist Hospital,Houston,TX,Texas,General hospital,Nonprofit,Urban,976.0,2023,0.0808,237986583.0,2945646553.0,0,Made money,0,"The Methodist Hospital (Houston, TX)",188,361,0.0877,0.0446
450369,Childress Regional Medical Center,Childress,TX,Texas,General hospital,Government,Rural,37.0,2023,0.1474,6825420.0,46314170.0,0,Made money,0,"Childress Regional Medical Center (Childress, TX)",99,361,0.0877,0.0446
450370,Columbus Community Hospital,Columbus,TX,Texas,General hospital,Nonprofit,Rural,40.0,2022,-0.6474,-28114699.0,43423943.0,1,1 year,1,"Columbus Community Hospital (Columbus, TX)",16,16,0.0877,0.0446
450372,Baylor Sw Medical Center- Waxahachie,Waxahachie,TX,Texas,General hospital,Nonprofit,Urban,123.0,2023,0.1661,50770163.0,305581848.0,0,Made money,0,"Baylor Sw Medical Center- Waxahachie (Waxahachie, TX)",89,361,0.0877,0.0446
450379,Dallas Medical Center,Dallas,TX,Texas,General hospital,For-profit,Urban,119.0,2023,-0.1088,-6019685.0,55320562.0,3,3-4 years,3,"Dallas Medical Center (Dallas, TX)",325,361,0.0877,0.0446
450388,Methodist Hospital,San Antonio,TX,Texas,General hospital,For-profit,Urban,1785.0,2023,0.2186,584647719.0,2674935369.0,0,Made money,0,"Methodist Hospital (San Antonio, TX)",55,361,0.0877,0.0446
450389,Ut Heath Athens,Athens,TX,Texas,General hospital,For-profit,Rural,127.0,2023,0.2033,26039140.0,128099913.0,0,Made money,0,"Ut Heath Athens (Athens, TX)",65,361,0.0877,0.0446
450395,Chi St Lukes Health Mem Livingston,Livingston,TX,Texas,General hospital,Nonprofit,Rural,66.0,2023,0.0793,4460576.0,56265214.0,0,Made money,0,"Chi St Lukes Health Mem Livingston (Livingston, TX)",191,361,0.0877,0.0446
450399,Brownfield Regional Medical Center,Brownfield,TX,Texas,General hospital,Government,Rural,26.0,2023,-0.1218,-2246207.0,18446195.0,2,2 years,2,"Brownfield Regional Medical Center (Brownfield, TX)",329,361,0.0877,0.0446
450400,Parkview Regional Hospital,Mexia,TX,Texas,General hospital,For-profit,Rural,49.0,2023,0.1126,3737813.0,33207537.0,0,Made money,0,"Parkview Regional Hospital (Mexia, TX)",147,361,0.0877,0.0446
450403,Medical City Mckinney,Mckinney,TX,Texas,General hospital,For-profit,Urban,206.0,2023,0.035,11875936.0,338967959.0,0,Made money,0,"Medical City Mckinney (Mckinney, TX)",232,361,0.0877,0.0446
450411,Eastland Memorial Hospital,Eastland,TX,Texas,General hospital,Government,Rural,19.0,2023,0.1436,3919609.0,27304585.0,0,Made money,0,"Eastland Memorial Hospital (Eastland, TX)",106,361,0.0877,0.0446
450419,Tx Hlth Harris Methodist Azle,Azle,TX,Texas,General hospital,Nonprofit,Urban,31.0,2023,0.156,8077885.0,51789181.0,0,Made money,0,"Tx Hlth Harris Methodist Azle (Azle, TX)",95,361,0.0877,0.0446
450422,Baylor Medical Center At Uptown,Dallas,TX,Texas,General hospital,For-profit,Urban,24.0,2023,0.1662,13100947.0,78843357.0,0,Made money,0,"Baylor Medical Center At Uptown (Dallas, TX)",88,361,0.0877,0.0446
450424,San Jacinto Methodist Hospital,Baytown,TX,Texas,General hospital,Nonprofit,Urban,254.0,2023,0.0251,10855042.0,433168913.0,0,Made money,0,"San Jacinto Methodist Hospital (Baytown, TX)",246,361,0.0877,0.0446
450431,St. Davids Medical Center,Austin,TX,Texas,General hospital,For-profit,Urban,525.0,2023,0.2603,241189798.0,926644293.0,0,Made money,0,"St. Davids Medical Center (Austin, TX)",41,361,0.0877,0.0446
450447,Navarro Regional Hospital,Corsicana,TX,Texas,General hospital,For-profit,Rural,47.0,2023,0.1232,10575012.0,85808845.0,0,Made money,0,"Navarro Regional Hospital (Corsicana, TX)",135,361,0.0877,0.0446
450451,Glen Rose Medical Center,Glen Rose,TX,Texas,General hospital,Government,Rural,16.0,2023,0.1681,4520802.0,26891545.0,0,Made money,0,"Glen Rose Medical Center (Glen Rose, TX)",85,361,0.0877,0.0446
450460,Tyler County Hospital,Woodville,TX,Texas,General hospital,Government,Rural,25.0,2023,-0.155,-2020448.0,13031740.0,1,1 year,1,"Tyler County Hospital (Woodville, TX)",337,361,0.0877,0.0446
450462,Texas Health Dallas,Dallas,TX,Texas,General hospital,Nonprofit,Urban,576.0,2023,0.0303,23788660.0,785287615.0,0,Made money,0,"Texas Health Dallas (Dallas, TX)",237,361,0.0877,0.0446
450465,Matagorda Regional Medical Center,Bay City,TX,Texas,General hospital,Government,Rural,45.0,2023,0.0082,554621.0,68034594.0,0,Made money,0,"Matagorda Regional Medical Center (Bay City, TX)",257,361,0.0877,0.0446
450469,Wilson N Jones Regional Medical Ctr,Sherman,TX,Texas,General hospital,For-profit,Urban,214.0,2023,0.4041,28463393.0,70436576.0,0,Made money,0,"Wilson N Jones Regional Medical Ctr (Sherman, TX)",11,361,0.0877,0.0446
450475,Ut Health East Texas Henderson Hospi,Henderson,TX,Texas,General hospital,For-profit,Urban,41.0,2023,0.1045,4712314.0,45112817.0,0,Made money,0,"Ut Health East Texas Henderson Hospi (Henderson, TX)",161,361,0.0877,0.0446
450484,Woodland Heights Med Center,Lufkin,TX,Texas,General hospital,For-profit,Rural,136.0,2023,0.1257,16015632.0,127407980.0,0,Made money,0,"Woodland Heights Med Center (Lufkin, TX)",130,361,0.0877,0.0446
450489,Medical Arts Hospital,Lamesa,TX,Texas,General hospital,Government,Rural,21.0,2023,-0.2436,-4249384.0,17442977.0,2,2 years,2,"Medical Arts Hospital (Lamesa, TX)",348,361,0.0877,0.0446
450498,Stephens Memorial Hospital,Breckenridge,TX,Texas,General hospital,Government,Rural,40.0,2023,-0.0229,-1271414.0,55444092.0,2,2 years,2,"Stephens Memorial Hospital (Breckenridge, TX)",280,361,0.0877,0.0446
450508,Nacogdoches Memorial Hosp,Nacogdoches,TX,Texas,General hospital,Government,Rural,160.0,2022,0.0107,818297.0,76801337.0,0,Made money,0,"Nacogdoches Memorial Hosp (Nacogdoches, TX)",5,16,0.0877,0.0446
450518,The Medical Ctr Of Southeast Texas,Port Arthur,TX,Texas,General hospital,For-profit,Urban,196.0,2023,-0.1731,-22364298.0,129175130.0,1,1 year,1,"The Medical Ctr Of Southeast Texas (Port Arthur, TX)",340,361,0.0877,0.0446
450537,Methodist Richardson Medical Center,Richardson,TX,Texas,General hospital,Nonprofit,Urban,272.0,2023,0.1319,64722526.0,490698691.0,0,Made money,0,"Methodist Richardson Medical Center (Richardson, TX)",118,361,0.0877,0.0446
450539,Covenant Hospital Plainview,Plainview,TX,Texas,General hospital,Nonprofit,Rural,49.0,2023,-0.1827,-12512021.0,68469707.0,4,3-4 years,3,"Covenant Hospital Plainview (Plainview, TX)",342,361,0.0877,0.0446
450563,Baylor Medical Center-Grapevine,Grapevine,TX,Texas,General hospital,Nonprofit,Urban,286.0,2023,0.3851,195675358.0,508079173.0,0,Made money,0,"Baylor Medical Center-Grapevine (Grapevine, TX)",13,361,0.0877,0.0446
450565,Palo Pinto General Hospital,Mineral Wells,TX,Texas,General hospital,Government,Rural,48.0,2023,0.0076,486799.0,64343539.0,0,Made money,0,"Palo Pinto General Hospital (Mineral Wells, TX)",258,361,0.0877,0.0446
450571,Shannon Medical Center,San Angelo,TX,Texas,General hospital,Nonprofit,Urban,340.0,2023,0.1467,96217543.0,655720294.0,0,Made money,0,"Shannon Medical Center (San Angelo, TX)",101,361,0.0877,0.0446
450573,Jasper Memorial Hospital,Jasper,TX,Texas,General hospital,Nonprofit,Rural,40.0,2023,0.152,5696587.0,37469111.0,0,Made money,0,"Jasper Memorial Hospital (Jasper, TX)",97,361,0.0877,0.0446
450578,Hemphill County Hospital,Canadian,TX,Texas,General hospital,Government,Rural,15.0,2023,0.1297,4212388.0,32474111.0,0,Made money,0,"Hemphill County Hospital (Canadian, TX) #450578",122,361,0.0877,0.0446
450584,Wilbarger General Hospital,Vernon,TX,Texas,General hospital,Government,Rural,28.0,2023,-0.076,-2041175.0,26864296.0,1,1 year,1,"Wilbarger General Hospital (Vernon, TX)",311,361,0.0877,0.0446
450586,Baylor County Hospital District,Seymour,TX,Texas,General hospital,Government,Rural,27.0,2021,-0.0139,-244315.0,17533840.0,1,1 year,1,"Baylor County Hospital District (Seymour, TX) #450586",4,5,0.0877,0.0446
450587,Hendrick Medical Center Brownwood,Brownwood,TX,Texas,General hospital,Nonprofit,Rural,63.0,2023,0.1451,19378793.0,133570526.0,0,Made money,0,"Hendrick Medical Center Brownwood (Brownwood, TX)",104,361,0.0877,0.0446
450596,Lake Granbury Medical Center,Granbury,TX,Texas,General hospital,For-profit,Rural,53.0,2023,0.4351,77360392.0,177802630.0,0,Made money,0,"Lake Granbury Medical Center (Granbury, TX)",8,361,0.0877,0.0446
450597,Cuero Community Hospital,Cuero,TX,Texas,General hospital,Government,Rural,44.0,2023,0.1209,6512233.0,53881810.0,0,Made money,0,"Cuero Community Hospital (Cuero, TX)",137,361,0.0877,0.0446
450604,Hill Country Memorial Hospital,Fredericksburg,TX,Texas,General hospital,For-profit,Rural,57.0,2023,-0.1538,-11310426.0,73532567.0,2,2 years,2,"Hill Country Memorial Hospital (Fredericksburg, TX)",336,361,0.0877,0.0446
450610,Memorial Hermann Memorial City Medic,Housston,TX,Texas,General hospital,Nonprofit,Urban,444.0,2023,0.0293,20856508.0,711309011.0,0,Made money,0,"Memorial Hermann Memorial City Medic (Housston, TX)",239,361,0.0877,0.0446
450617,Clear Lake Reg Med Ctr,Webster,TX,Texas,General hospital,For-profit,Urban,528.0,2023,0.3213,227328181.0,707612571.0,0,Made money,0,"Clear Lake Reg Med Ctr (Webster, TX)",24,361,0.0877,0.0446
450634,Medical City Denton,Denton,TX,Texas,General hospital,For-profit,Urban,184.0,2023,0.2689,79873277.0,297071443.0,0,Made money,0,"Medical City Denton (Denton, TX)",37,361,0.0877,0.0446
450638,Houston Northwest Medical Center,Houston,TX,Texas,General hospital,For-profit,Urban,281.0,2023,0.1134,50648666.0,446592274.0,0,Made money,0,"Houston Northwest Medical Center (Houston, TX)",145,361,0.0877,0.0446
450639,Texas Health H-E-B,Bedford,TX,Texas,General hospital,Nonprofit,Urban,195.0,2023,0.0568,18202775.0,320634170.0,0,Made money,0,"Texas Health H-E-B (Bedford, TX)",211,361,0.0877,0.0446
450641,Nocona General Hospital,Nocona,TX,Texas,General hospital,Government,Rural,18.0,2023,0.1842,3145943.0,17080473.0,0,Made money,0,"Nocona General Hospital (Nocona, TX)",77,361,0.0877,0.0446
450643,Doctors Hospital Of Laredo,Laredo,TX,Texas,General hospital,For-profit,Urban,183.0,2023,0.1299,26332631.0,202711212.0,0,Made money,0,"Doctors Hospital Of Laredo (Laredo, TX)",121,361,0.0877,0.0446
450644,Hca Houston Healthcare West,Houston,TX,Texas,General hospital,For-profit,Urban,223.0,2023,0.045,10370183.0,230526825.0,0,Made money,0,"Hca Houston Healthcare West (Houston, TX)",226,361,0.0877,0.0446
450647,Medical City Dallas,Dallas,TX,Texas,General hospital,For-profit,Urban,781.0,2023,0.5181,703975426.0,1358804236.0,0,Made money,0,"Medical City Dallas (Dallas, TX)",4,361,0.0877,0.0446
450651,Medical City Plano,Plano,TX,Texas,General hospital,For-profit,Urban,584.0,2023,0.3907,366898650.0,939018620.0,0,Made money,0,"Medical City Plano (Plano, TX)",12,361,0.0877,0.0446
450653,Scenic Mountain Medical Center,Big Spring,TX,Texas,General hospital,For-profit,Rural,75.0,2023,0.0459,2165496.0,47180132.0,0,Made money,0,"Scenic Mountain Medical Center (Big Spring, TX)",224,361,0.0877,0.0446
450654,Starr County Memorial Hospital,Rio Grande City,TX,Texas,General hospital,Government,Rural,48.0,2023,0.1432,8018502.0,55994404.0,0,Made money,0,"Starr County Memorial Hospital (Rio Grande City, TX)",107,361,0.0877,0.0446
450656,Nacogdoches Medical Center,Nacogdoches,TX,Texas,General hospital,For-profit,Rural,155.0,2023,0.1656,20158991.0,121739572.0,0,Made money,0,"Nacogdoches Medical Center (Nacogdoches, TX)",90,361,0.0877,0.0446
450658,Freestone Medical Center,Fairfield,TX,Texas,General hospital,Government,Rural,37.0,2023,-0.0546,-1041666.0,19087554.0,1,1 year,1,"Freestone Medical Center (Fairfield, TX)",305,361,0.0877,0.0446
450659,Houston Healthcare Medical Center,Houston,TX,Texas,General hospital,For-profit,Urban,156.0,2023,-0.0894,-21160288.0,236654692.0,8,5+ years,4,"Houston Healthcare Medical Center (Houston, TX)",317,361,0.0877,0.0446
450661,Odessa Regional Hospital,Odessa,TX,Texas,General hospital,For-profit,Urban,208.0,2023,-0.0335,-4821169.0,143784166.0,2,2 years,2,"Odessa Regional Hospital (Odessa, TX)",291,361,0.0877,0.0446
450662,Valley Regional Medical Center,Brownsville,TX,Texas,General hospital,For-profit,Urban,214.0,2023,0.5028,118366802.0,235414680.0,0,Made money,0,"Valley Regional Medical Center (Brownsville, TX)",5,361,0.0877,0.0446
450668,The Hospitals Of Providence Sierra C,El Paso,TX,Texas,General hospital,For-profit,Urban,282.0,2023,0.0599,15602380.0,260296962.0,0,Made money,0,"The Hospitals Of Providence Sierra C (El Paso, TX)",205,361,0.0877,0.0446
450669,Medical City Lewisville,Lewisville,TX,Texas,General hospital,For-profit,Urban,160.0,2023,0.1146,22111559.0,192870136.0,0,Made money,0,"Medical City Lewisville (Lewisville, TX)",142,361,0.0877,0.0446
450670,Hca Houston Healthcare Tomball,Tomball,TX,Texas,General hospital,For-profit,Urban,194.0,2023,0.0291,7196047.0,247579525.0,0,Made money,0,"Hca Houston Healthcare Tomball (Tomball, TX)",240,361,0.0877,0.0446
450672,Medical City Fort Worth,Fort Worth,TX,Texas,General hospital,For-profit,Urban,209.0,2022,0.2315,87274083.0,377074602.0,0,Made money,0,"Medical City Fort Worth (Fort Worth, TX)",1,16,0.0877,0.0446
450674,Womans Hospital Of Texas,Houston,TX,Texas,General hospital,For-profit,Urban,252.0,2023,0.7888,351447478.0,445546744.0,0,Made money,0,"Womans Hospital Of Texas (Houston, TX)",1,361,0.0877,0.0446
450675,Medical City Arlington,Arlington,TX,Texas,General hospital,For-profit,Urban,340.0,2023,0.3368,182666807.0,542428480.0,0,Made money,0,"Medical City Arlington (Arlington, TX)",19,361,0.0877,0.0446
450677,Texas Health Huguley,Burleson,TX,Texas,General hospital,Nonprofit,Urban,213.0,2023,0.124,36795402.0,296760898.0,0,Made money,0,"Texas Health Huguley (Burleson, TX)",133,361,0.0877,0.0446
450678,White Rock Medical Center,Dallas,TX,Texas,General hospital,For-profit,Urban,151.0,2023,-0.092,-6956629.0,75618932.0,3,3-4 years,3,"White Rock Medical Center (Dallas, TX)",318,361,0.0877,0.0446
450684,Memorial Hermann Northeast,Humble,TX,Texas,General hospital,Nonprofit,Urban,227.0,2023,0.105,44048675.0,419630922.0,0,Made money,0,"Memorial Hermann Northeast (Humble, TX)",160,361,0.0877,0.0446
450686,University Medical Center,Lubbock,TX,Texas,General hospital,Government,Urban,422.0,2023,0.0877,86585219.0,986910192.0,0,Made money,0,"University Medical Center (Lubbock, TX)",181,361,0.0877,0.0446
450688,Dallas Regional Medical Center,Mesquite,TX,Texas,General hospital,For-profit,Urban,202.0,2023,0.0617,6872637.0,111379914.0,0,Made money,0,"Dallas Regional Medical Center (Mesquite, TX)",201,361,0.0877,0.0446
450690,Ut Health Center At Tyler,Tyler,TX,Texas,General hospital,Government,Urban,116.0,2023,0.0387,17581709.0,453986407.0,0,Made money,0,"Ut Health Center At Tyler (Tyler, TX)",229,361,0.0877,0.0446
450694,El Campo Memorial Hospital,El Campo,TX,Texas,General hospital,For-profit,Rural,26.0,2023,0.0647,3487334.0,53884793.0,0,Made money,0,"El Campo Memorial Hospital (El Campo, TX)",197,361,0.0877,0.0446
450697,Southwest General Hospital,San Antonio,TX,Texas,General hospital,For-profit,Urban,193.0,2022,-0.135,-18167569.0,134603775.0,1,1 year,1,"Southwest General Hospital (San Antonio, TX)",8,16,0.0877,0.0446
450698,Lamb Healthcare Center,Littlefield,TX,Texas,General hospital,Government,Rural,42.0,2023,-0.4717,-4727788.0,10023352.0,2,2 years,2,"Lamb Healthcare Center (Littlefield, TX)",357,361,0.0877,0.0446
450702,Longview Regional,Longview,TX,Texas,General hospital,For-profit,Urban,224.0,2023,0.1094,34244657.0,312959184.0,0,Made money,0,"Longview Regional (Longview, TX)",151,361,0.0877,0.0446
450709,Houston Methodist St. John Hospital,Nassau Bay,TX,Texas,General hospital,Nonprofit,Urban,178.0,2023,0.1044,31575864.0,302425096.0,0,Made money,0,"Houston Methodist St. John Hospital (Nassau Bay, TX)",163,361,0.0877,0.0446
450711,Rio Grande Regional Hospital,Mcallen,TX,Texas,General hospital,For-profit,Urban,295.0,2023,0.4349,142523490.0,327730172.0,0,Made money,0,"Rio Grande Regional Hospital (Mcallen, TX)",9,361,0.0877,0.0446
450713,South Austin Medical Center,Austin,TX,Texas,General hospital,For-profit,Urban,344.0,2023,0.2233,119329289.0,534381331.0,0,Made money,0,"South Austin Medical Center (Austin, TX)",53,361,0.0877,0.0446
450718,Round Rock Medical Center,Round Rock,TX,Texas,General hospital,For-profit,Urban,167.0,2023,0.2771,94522598.0,341139435.0,0,Made money,0,"Round Rock Medical Center (Round Rock, TX)",34,361,0.0877,0.0446
450723,Methodist Charlton Medical Center,Dallas,TX,Texas,General hospital,Nonprofit,Urban,284.0,2023,-0.0299,-10146019.0,339351553.0,2,2 years,2,"Methodist Charlton Medical Center (Dallas, TX)",287,361,0.0877,0.0446
450730,Carrollton Regional Medical Center,Carrollton,TX,Texas,General hospital,Nonprofit,Urban,89.0,2023,0.0252,2234612.0,88784821.0,0,Made money,0,"Carrollton Regional Medical Center (Carrollton, TX)",245,361,0.0877,0.0446
450742,Baylor Scott & White Mc- Lake Pointe,Rowlett,TX,Texas,General hospital,Nonprofit,Urban,176.0,2023,0.2113,63699662.0,301461504.0,0,Made money,0,"Baylor Scott & White Mc- Lake Pointe (Rowlett, TX)",58,361,0.0877,0.0446
450743,Texas Health Denton,Denton,TX,Texas,General hospital,Nonprofit,Urban,217.0,2023,0.0821,24096464.0,293426161.0,0,Made money,0,"Texas Health Denton (Denton, TX)",184,361,0.0877,0.0446
450747,Palestine Regional Medical Center,Palestine,TX,Texas,General hospital,For-profit,Rural,148.0,2023,-0.1431,-13089206.0,91466374.0,1,1 year,1,"Palestine Regional Medical Center (Palestine, TX)",332,361,0.0877,0.0446
450755,Covenant Hospital Levelland,Levelland,TX,Texas,General hospital,Nonprofit,Rural,21.0,2023,-0.3184,-8131677.0,25541524.0,4,3-4 years,3,"Covenant Hospital Levelland (Levelland, TX)",353,361,0.0877,0.0446
450771,Texas Health Presbyterian Hospital P,Plano,TX,Texas,General hospital,Nonprofit,Urban,307.0,2023,0.1811,99873993.0,551633018.0,0,Made money,0,"Texas Health Presbyterian Hospital P (Plano, TX)",79,361,0.0877,0.0446
450774,Tops Surgical Specialty Hospital,Houston,TX,Texas,General hospital,For-profit,Urban,15.0,2023,0.3018,20252049.0,67095060.0,0,Made money,0,"Tops Surgical Specialty Hospital (Houston, TX)",31,361,0.0877,0.0446
450775,Hca Houston Healthcare Kingwood,Kingwood,TX,Texas,General hospital,For-profit,Urban,584.0,2023,0.1673,142004297.0,848880789.0,0,Made money,0,"Hca Houston Healthcare Kingwood (Kingwood, TX)",86,361,0.0877,0.0446
450779,Texas Health Southwest,Fort Worth,TX,Texas,General hospital,Nonprofit,Urban,243.0,2023,0.1239,48547002.0,391825797.0,0,Made money,0,"Texas Health Southwest (Fort Worth, TX)",134,361,0.0877,0.0446
450788,Corpus Christi Medical Center,Corpus Christi,TX,Texas,General hospital,For-profit,Urban,372.0,2023,0.3195,177070349.0,554217550.0,0,Made money,0,"Corpus Christi Medical Center (Corpus Christi, TX)",25,361,0.0877,0.0446
450801,Christus St Michael,Texarkana,TX,Texas,General hospital,Nonprofit,Urban,275.0,2023,0.0529,25748250.0,487063261.0,0,Made money,0,"Christus St Michael (Texarkana, TX)",220,361,0.0877,0.0446
450804,Texas Orthopedic Hospita,Houston,TX,Texas,General hospital,For-profit,Urban,42.0,2023,0.4587,127311336.0,277565896.0,0,Made money,0,"Texas Orthopedic Hospita (Houston, TX)",7,361,0.0877,0.0446
450808,Northwest Hills Surgical Hospital,Austin,TX,Texas,General hospital,For-profit,Urban,8.0,2023,-0.1204,-3961950.0,32905781.0,8,5+ years,4,"Northwest Hills Surgical Hospital (Austin, TX)",328,361,0.0877,0.0446
450809,North Austin Medical Center,Austin,TX,Texas,General hospital,For-profit,Urban,459.0,2023,0.3028,203380277.0,671682278.0,0,Made money,0,"North Austin Medical Center (Austin, TX)",30,361,0.0877,0.0446
450820,Methodist Sugar Land Hospital,Sugar Land,TX,Texas,General hospital,Nonprofit,Urban,337.0,2023,0.1262,96717368.0,766131363.0,0,Made money,0,"Methodist Sugar Land Hospital (Sugar Land, TX)",128,361,0.0877,0.0446
450822,Medical City Las Colinas,Irving,TX,Texas,General hospital,For-profit,Urban,80.0,2023,0.0557,6049529.0,108605214.0,0,Made money,0,"Medical City Las Colinas (Irving, TX)",213,361,0.0877,0.0446
450825,Cornerstone Regional Hospital,Edinburg,TX,Texas,General hospital,For-profit,Urban,14.0,2023,0.0639,1820690.0,28483879.0,0,Made money,0,"Cornerstone Regional Hospital (Edinburg, TX)",198,361,0.0877,0.0446
450827,Kell West Regional Hospital,Wichita Falls,TX,Texas,General hospital,For-profit,Urban,41.0,2023,-0.0785,-2568598.0,32734905.0,2,2 years,2,"Kell West Regional Hospital (Wichita Falls, TX)",313,361,0.0877,0.0446
450828,Christus Spohn Alice,Alice,TX,Texas,General hospital,Nonprofit,Rural,72.0,2023,0.2109,14801422.0,70177232.0,0,Made money,0,"Christus Spohn Alice (Alice, TX)",59,361,0.0877,0.0446
450831,Vista Medical Center Hospital,Pasadena,TX,Texas,General hospital,For-profit,Urban,37.0,2023,-0.5736,-5650006.0,9850483.0,1,1 year,1,"Vista Medical Center Hospital (Pasadena, TX)",361,361,0.0877,0.0446
450833,Ennis Regional Medical Center,Ennis,TX,Texas,General hospital,For-profit,Urban,59.0,2023,-0.2152,-4582889.0,21300155.0,3,3-4 years,3,"Ennis Regional Medical Center (Ennis, TX)",346,361,0.0877,0.0446
450834,The Physician Centre,Bryan,TX,Texas,General hospital,For-profit,Urban,16.0,2023,0.1275,3494838.0,27418291.0,0,Made money,0,"The Physician Centre (Bryan, TX)",126,361,0.0877,0.0446
450840,Texas Health Hospital Allen,Allen,TX,Texas,General hospital,Nonprofit,Urban,59.0,2023,0.1045,14220358.0,136064912.0,0,Made money,0,"Texas Health Hospital Allen (Allen, TX)",161,361,0.0877,0.0446
450844,Methodist Willowbrook Hospital,Houston,TX,Texas,General hospital,Nonprofit,Urban,346.0,2023,0.0986,72634832.0,736323862.0,0,Made money,0,"Methodist Willowbrook Hospital (Houston, TX)",169,361,0.0877,0.0446
450847,Memorial Hermann Katy,Katy,TX,Texas,General hospital,Nonprofit,Urban,196.0,2023,0.1351,59204389.0,438384737.0,0,Made money,0,"Memorial Hermann Katy (Katy, TX)",114,361,0.0877,0.0446
450848,Memorial Hermann Sugarland,Sugarland,TX,Texas,General hospital,Nonprofit,Urban,175.0,2023,0.1283,41566705.0,324024391.0,0,Made money,0,"Memorial Hermann Sugarland (Sugarland, TX)",125,361,0.0877,0.0446
450851,Baylor Heart And Vascular Hospital,Dallas,TX,Texas,General hospital,For-profit,Urban,56.0,2023,0.3133,90578062.0,289064551.0,0,Made money,0,"Baylor Heart And Vascular Hospital (Dallas, TX)",27,361,0.0877,0.0446
450853,Baylor Medical Center At Frisco,Frisco,TX,Texas,General hospital,For-profit,Urban,68.0,2023,0.1331,22627796.0,170061950.0,0,Made money,0,"Baylor Medical Center At Frisco (Frisco, TX)",115,361,0.0877,0.0446
450855,Harlingen Medical Center,Harlingen,TX,Texas,General hospital,For-profit,Urban,112.0,2023,0.0619,7594573.0,122709038.0,0,Made money,0,"Harlingen Medical Center (Harlingen, TX)",200,361,0.0877,0.0446
450856,South Tx Spine & Surgical Hospital,San Antonio,TX,Texas,General hospital,For-profit,Urban,28.0,2023,0.1193,8446363.0,70810894.0,0,Made money,0,"South Tx Spine & Surgical Hospital (San Antonio, TX)",139,361,0.0877,0.0446
450860,Memorial Hermann First Colony,Sugar Land,TX,Texas,General hospital,For-profit,Urban,6.0,2023,0.2359,13768550.0,58366688.0,0,Made money,0,"Memorial Hermann First Colony (Sugar Land, TX)",47,361,0.0877,0.0446
450862,St. Lukes The Woodlands Hospital,The Woodlands,TX,Texas,General hospital,Nonprofit,Urban,233.0,2023,-0.0043,-1425340.0,333134169.0,3,3-4 years,3,"St. Lukes The Woodlands Hospital (The Woodlands, TX)",270,361,0.0877,0.0446
450864,Texas Spine And Joint Hospital,Tyler,TX,Texas,General hospital,For-profit,Urban,20.0,2023,0.3167,49667060.0,156802877.0,0,Made money,0,"Texas Spine And Joint Hospital (Tyler, TX)",26,361,0.0877,0.0446
450865,Ascension Seton Southwest,Austin,TX,Texas,General hospital,Nonprofit,Urban,28.0,2023,0.2198,8772308.0,39901806.0,0,Made money,0,"Ascension Seton Southwest (Austin, TX)",54,361,0.0877,0.0446
450867,Ascension Seton Northwest,Austin,TX,Texas,General hospital,Nonprofit,Urban,106.0,2023,0.0454,5938597.0,130947285.0,0,Made money,0,"Ascension Seton Northwest (Austin, TX)",225,361,0.0877,0.0446
450869,Doctors Hospital At Renaissance,Edinburg,TX,Texas,General hospital,For-profit,Urban,399.0,2023,0.0948,93823589.0,989873521.0,0,Made money,0,"Doctors Hospital At Renaissance (Edinburg, TX)",173,361,0.0877,0.0446
450871,Arise Austin Medical Center,Austin,TX,Texas,General hospital,For-profit,Urban,21.0,2022,0.1332,3672295.0,27571380.0,0,Made money,0,"Arise Austin Medical Center (Austin, TX)",2,16,0.0877,0.0446
450872,Usmd Hospital Of Arlington,Arlington,TX,Texas,General hospital,For-profit,Urban,34.0,2023,0.0152,1051651.0,69072361.0,0,Made money,0,"Usmd Hospital Of Arlington (Arlington, TX)",253,361,0.0877,0.0446
450874,Baylor Surgical Hospital Las Colinas,Irving,TX,Texas,General hospital,For-profit,Urban,20.0,2023,0.3071,24565429.0,79985830.0,0,Made money,0,"Baylor Surgical Hospital Las Colinas (Irving, TX)",28,361,0.0877,0.0446
450875,Physicians Surgical Hospital,Amarillo,TX,Texas,General hospital,For-profit,Urban,40.0,2023,0.3561,39107247.0,109830907.0,0,Made money,0,"Physicians Surgical Hospital (Amarillo, TX)",14,361,0.0877,0.0446
450876,Lubbock Heart Hospital,Lubbock,TX,Texas,General hospital,For-profit,Urban,73.0,2023,0.0362,3615943.0,99806415.0,0,Made money,0,"Lubbock Heart Hospital (Lubbock, TX)",231,361,0.0877,0.0446
450877,East El Paso Phys. Med. Center. Llc,El Paso,TX,Texas,General hospital,For-profit,Urban,40.0,2022,-0.3024,-7904851.0,26139947.0,1,1 year,1,"East El Paso Phys. Med. Center. Llc (El Paso, TX)",12,16,0.0877,0.0446
451300,Parmer County Community Hospital,Friona,TX,Texas,Critical access hospital (small rural),Government,Rural,25.0,2023,-0.1055,-1173924.0,11127547.0,1,1 year,1,"Parmer County Community Hospital (Friona, TX)",323,361,0.0877,0.0446
451301,Reagan Memorial Hospital,Big Lake,TX,Texas,Critical access hospital (small rural),Government,Rural,7.0,2023,0.0538,1006138.0,18700762.0,0,Made money,0,"Reagan Memorial Hospital (Big Lake, TX)",218,361,0.0877,0.0446
451303,Limestone Medical Center,Groesbeck,TX,Texas,Critical access hospital (small rural),Government,Rural,20.0,2023,0.0554,10927669.0,197285700.0,0,Made money,0,"Limestone Medical Center (Groesbeck, TX)",214,361,0.0877,0.0446
451304,Schleicher County Medical Center,Eldorado,TX,Texas,Critical access hospital (small rural),For-profit,Rural,14.0,2023,0.1727,1321215.0,7648609.0,0,Made money,0,"Schleicher County Medical Center (Eldorado, TX)",83,361,0.0877,0.0446
451305,Burleson St. Joseph Health Center,Caldwell,TX,Texas,Critical access hospital (small rural),Nonprofit,Urban,15.0,2023,0.1042,1562973.0,14994166.0,0,Made money,0,"Burleson St. Joseph Health Center (Caldwell, TX)",164,361,0.0877,0.0446
451306,Kimble Hospital,Junction,TX,Texas,Critical access hospital (small rural),For-profit,Rural,15.0,2023,0.1719,1799570.0,10467409.0,0,Made money,0,"Kimble Hospital (Junction, TX)",84,361,0.0877,0.0446
451307,Iraan General Hospital District,Iraan,TX,Texas,Critical access hospital (small rural),Government,Rural,14.0,2023,0.1145,1129993.0,9870923.0,0,Made money,0,"Iraan General Hospital District (Iraan, TX)",143,361,0.0877,0.0446
451308,Yoakum County Hospital,Denver City,TX,Texas,Critical access hospital (small rural),Government,Rural,24.0,2023,0.0469,1606670.0,34275210.0,0,Made money,0,"Yoakum County Hospital (Denver City, TX)",223,361,0.0877,0.0446
451309,Mccamey County Hospital District,Mccamey,TX,Texas,Critical access hospital (small rural),Government,Rural,13.0,2023,-0.0021,-37741.0,17740473.0,1,1 year,1,"Mccamey County Hospital District (Mccamey, TX)",265,361,0.0877,0.0446
451310,Ballinger Memorial Hospital,Ballinger,TX,Texas,Critical access hospital (small rural),Government,Rural,16.0,2023,0.099,2966147.0,29963279.0,0,Made money,0,"Ballinger Memorial Hospital (Ballinger, TX)",168,361,0.0877,0.0446
451311,Sweeny Community Hospital,Sweeny,TX,Texas,Critical access hospital (small rural),Government,Urban,12.0,2023,0.0974,1869915.0,19194587.0,0,Made money,0,"Sweeny Community Hospital (Sweeny, TX)",171,361,0.0877,0.0446
451312,Rice Medical Center,Eagle Lake,TX,Texas,Critical access hospital (small rural),Nonprofit,Rural,21.0,2023,0.3383,9303259.0,27496249.0,0,Made money,0,"Rice Medical Center (Eagle Lake, TX)",18,361,0.0877,0.0446
451313,Fisher County Hospital District,Rotan,TX,Texas,Critical access hospital (small rural),Government,Rural,13.0,2023,0.0812,1004818.0,12370015.0,0,Made money,0,"Fisher County Hospital District (Rotan, TX)",187,361,0.0877,0.0446
451314,Memorial Hospital,Kermit,TX,Texas,Critical access hospital (small rural),Government,Rural,16.0,2023,0.2615,6609359.0,25272728.0,0,Made money,0,"Memorial Hospital (Kermit, TX)",40,361,0.0877,0.0446
451315,North Runnels Hospital District,Winters,TX,Texas,Critical access hospital (small rural),Government,Rural,12.0,2023,-0.1581,-1209937.0,7653034.0,4,3-4 years,3,"North Runnels Hospital District (Winters, TX)",338,361,0.0877,0.0446
451316,Madison St. Joseph Health Center,Madisonville,TX,Texas,Critical access hospital (small rural),Nonprofit,Rural,15.0,2023,0.1458,2259878.0,15495024.0,0,Made money,0,"Madison St. Joseph Health Center (Madisonville, TX)",102,361,0.0877,0.0446
451317,Refugio Memorial Hospital,Refugio,TX,Texas,Critical access hospital (small rural),Government,Rural,20.0,2023,0.0063,120759.0,19171272.0,0,Made money,0,"Refugio Memorial Hospital (Refugio, TX)",259,361,0.0877,0.0446
451318,Stonewall Memorial Hospital,Aspermont,TX,Texas,Critical access hospital (small rural),Government,Rural,20.0,2023,0.0209,246931.0,11786734.0,0,Made money,0,"Stonewall Memorial Hospital (Aspermont, TX)",249,361,0.0877,0.0446
451319,Christus Mfh - Jacksonville,Jacksonville,TX,Texas,Critical access hospital (small rural),Nonprofit,Rural,23.0,2023,0.2083,20085268.0,96414671.0,0,Made money,0,"Christus Mfh - Jacksonville (Jacksonville, TX)",61,361,0.0877,0.0446
451320,Chambers County Hospital,Anahuac,TX,Texas,Critical access hospital (small rural),Government,Urban,14.0,2023,-0.0964,-1495735.0,15523056.0,1,1 year,1,"Chambers County Hospital (Anahuac, TX)",322,361,0.0877,0.0446
451322,Grimes St. Joseph Health Center,Navasota,TX,Texas,Critical access hospital (small rural),Nonprofit,Rural,15.0,2023,0.2738,5423727.0,19807513.0,0,Made money,0,"Grimes St. Joseph Health Center (Navasota, TX)",36,361,0.0877,0.0446
451323,Adventhealth Rollins Brook,Lampasas,TX,Texas,Critical access hospital (small rural),Nonprofit,Urban,25.0,2023,0.1326,3076323.0,23204992.0,0,Made money,0,"Adventhealth Rollins Brook (Lampasas, TX)",117,361,0.0877,0.0446
451324,Lillian M. Hudspeth Memorial Hosp.,Sonora,TX,Texas,Critical access hospital (small rural),Government,Rural,11.0,2023,0.2131,3466592.0,16270994.0,0,Made money,0,"Lillian M. Hudspeth Memorial Hosp. (Sonora, TX)",56,361,0.0877,0.0446
451325,Concho County Hospital,Eden,TX,Texas,Critical access hospital (small rural),Government,Rural,16.0,2023,-0.1295,-1345368.0,10392055.0,3,3-4 years,3,"Concho County Hospital (Eden, TX)",330,361,0.0877,0.0446
451328,Riceland Medical Center,Winnie,TX,Texas,Critical access hospital (small rural),For-profit,Urban,25.0,2023,-0.0805,-2923953.0,36305710.0,1,1 year,1,"Riceland Medical Center (Winnie, TX)",314,361,0.0877,0.0446
451329,Rankin County Hospital District,Rankin,TX,Texas,Critical access hospital (small rural),Government,Rural,15.0,2023,0.5372,21291520.0,39633555.0,0,Made money,0,"Rankin County Hospital District (Rankin, TX)",2,361,0.0877,0.0446
451330,Medina Regional Hospital,Hondo,TX,Texas,Critical access hospital (small rural),Government,Urban,25.0,2023,0.2296,11198357.0,48771015.0,0,Made money,0,"Medina Regional Hospital (Hondo, TX)",50,361,0.0877,0.0446
451331,Coon Memorial Hospital,Dalhart,TX,Texas,Critical access hospital (small rural),Government,Rural,21.0,2023,0.0,10.0,31508972.0,0,Made money,0,"Coon Memorial Hospital (Dalhart, TX)",264,361,0.0877,0.0446
451332,Palacios Community Medical Center,Palacios,TX,Texas,Critical access hospital (small rural),Nonprofit,Rural,17.0,2023,0.2257,1651329.0,7318056.0,0,Made money,0,"Palacios Community Medical Center (Palacios, TX)",51,361,0.0877,0.0446
451333,Martin County Hospital,Stanton,TX,Texas,Critical access hospital (small rural),Government,Rural,18.0,2023,0.3549,22201687.0,62555194.0,0,Made money,0,"Martin County Hospital (Stanton, TX)",16,361,0.0877,0.0446
451334,Parkview Hospital,Wheeler,TX,Texas,Critical access hospital (small rural),Government,Rural,16.0,2023,0.2075,2967081.0,14300986.0,0,Made money,0,"Parkview Hospital (Wheeler, TX)",63,361,0.0877,0.0446
451335,Muenster Memorial Hospital,Muenster,TX,Texas,Critical access hospital (small rural),Government,Rural,18.0,2023,-0.0467,-631627.0,13522478.0,2,2 years,2,"Muenster Memorial Hospital (Muenster, TX)",301,361,0.0877,0.0446
451337,W.J. Mangold Memorial Hospital,Lockney,TX,Texas,Critical access hospital (small rural),Government,Rural,25.0,2023,-0.0326,-415455.0,12746045.0,1,1 year,1,"W.J. Mangold Memorial Hospital (Lockney, TX)",290,361,0.0877,0.0446
451338,Culberson Hospital,Van Horn,TX,Texas,Critical access hospital (small rural),For-profit,Rural,14.0,2023,0.1054,1189432.0,11285553.0,0,Made money,0,"Culberson Hospital (Van Horn, TX)",159,361,0.0877,0.0446
451339,Throckmorton County Hospital,Throckmorton,TX,Texas,Critical access hospital (small rural),Government,Rural,14.0,2023,-0.1696,-872714.0,5145951.0,3,3-4 years,3,"Throckmorton County Hospital (Throckmorton, TX)",339,361,0.0877,0.0446
451340,Shamrock General Hospital,Shamrock,TX,Texas,Critical access hospital (small rural),For-profit,Rural,25.0,2023,-0.052,-408006.0,7848627.0,1,1 year,1,"Shamrock General Hospital (Shamrock, TX)",303,361,0.0877,0.0446
451341,Haskell Memorial Hospital,Haskell,TX,Texas,Critical access hospital (small rural),Government,Rural,25.0,2023,-0.0891,-1118514.0,12559880.0,4,3-4 years,3,"Haskell Memorial Hospital (Haskell, TX)",316,361,0.0877,0.0446
451342,Mitchell County Hospital,Colorado City,TX,Texas,Critical access hospital (small rural),Government,Rural,25.0,2023,0.0331,763146.0,23023310.0,0,Made money,0,"Mitchell County Hospital (Colorado City, TX)",234,361,0.0877,0.0446
451343,Electra Memorial Hospital,Electra,TX,Texas,Critical access hospital (small rural),Government,Urban,19.0,2023,-0.0298,-841125.0,28191441.0,1,1 year,1,"Electra Memorial Hospital (Electra, TX)",286,361,0.0877,0.0446
451344,Hansford County Hospital District,Spearman,TX,Texas,Critical access hospital (small rural),Government,Rural,14.0,2023,-0.032,-805227.0,25150071.0,2,2 years,2,"Hansford County Hospital District (Spearman, TX)",289,361,0.0877,0.0446
451345,Crosbyton Clinic Hospital,Crosbyton,TX,Texas,Critical access hospital (small rural),Nonprofit,Urban,2.0,2022,-0.2458,-1259509.0,5123868.0,2,2 years,2,"Crosbyton Clinic Hospital (Crosbyton, TX) #451345",9,16,0.0877,0.0446
451346,Yoakum Community Hospital,Yoakum,TX,Texas,Critical access hospital (small rural),Government,Rural,23.0,2023,0.0544,1433575.0,26341656.0,0,Made money,0,"Yoakum Community Hospital (Yoakum, TX)",216,361,0.0877,0.0446
451347,Coleman County Medical Center,Coleman,TX,Texas,Critical access hospital (small rural),For-profit,Rural,25.0,2023,0.0584,798170.0,13667391.0,0,Made money,0,"Coleman County Medical Center (Coleman, TX)",209,361,0.0877,0.0446
451348,Heart Of Texas Healthcare System,Brady,TX,Texas,Critical access hospital (small rural),Government,Rural,14.0,2023,-0.3323,-4415674.0,13286579.0,1,1 year,1,"Heart Of Texas Healthcare System (Brady, TX)",355,361,0.0877,0.0446
451349,Swisher Memorial Healthcare System,Tulia,TX,Texas,Critical access hospital (small rural),Government,Rural,20.0,2023,-0.1532,-1557598.0,10168644.0,3,3-4 years,3,"Swisher Memorial Healthcare System (Tulia, TX)",335,361,0.0877,0.0446
451350,Plains Memorial Hospital,Dimmitt,TX,Texas,Critical access hospital (small rural),Government,Rural,17.0,2023,0.117,1808657.0,15452004.0,0,Made money,0,"Plains Memorial Hospital (Dimmitt, TX)",141,361,0.0877,0.0446
451351,Lynn County Hospital,Tahoka,TX,Texas,Critical access hospital (small rural),Government,Urban,24.0,2023,-0.0299,-585957.0,19628580.0,2,2 years,2,"Lynn County Hospital (Tahoka, TX)",287,361,0.0877,0.0446
451352,Hardeman County Hospital,Quanah,TX,Texas,Critical access hospital (small rural),Government,Rural,24.0,2023,0.0093,110532.0,11871253.0,0,Made money,0,"Hardeman County Hospital (Quanah, TX)",256,361,0.0877,0.0446
451353,Crane County Hospital District,Crane,TX,Texas,Critical access hospital (small rural),Government,Rural,15.0,2023,0.198,2520928.0,12729902.0,0,Made money,0,"Crane County Hospital District (Crane, TX)",70,361,0.0877,0.0446
451354,Olney Hamilton Hospital District,Olney,TX,Texas,Critical access hospital (small rural),Government,Rural,25.0,2023,0.1198,2531138.0,21129970.0,0,Made money,0,"Olney Hamilton Hospital District (Olney, TX)",138,361,0.0877,0.0446
451355,Collingsworth General Hospital,Wellington,TX,Texas,Critical access hospital (small rural),For-profit,Rural,13.0,2023,0.0966,643691.0,6661779.0,0,Made money,0,"Collingsworth General Hospital (Wellington, TX)",172,361,0.0877,0.0446
451356,Memorial Medical Center,Port Lavaca,TX,Texas,Critical access hospital (small rural),Government,Rural,25.0,2023,-0.0413,-1503653.0,36413617.0,1,1 year,1,"Memorial Medical Center (Port Lavaca, TX)",298,361,0.0877,0.0446
451358,Memorial Hospital-Seminole,Seminole,TX,Texas,Critical access hospital (small rural),Government,Rural,25.0,2023,-0.0574,-3285566.0,57280730.0,3,3-4 years,3,"Memorial Hospital-Seminole (Seminole, TX)",308,361,0.0877,0.0446
451359,Ochiltree General Hospital,Perryton,TX,Texas,Critical access hospital (small rural),Government,Rural,25.0,2023,0.0708,2252717.0,31834640.0,0,Made money,0,"Ochiltree General Hospital (Perryton, TX)",196,361,0.0877,0.0446
451360,St Lukes Health Memorial San August,San Augustine,TX,Texas,Critical access hospital (small rural),Nonprofit,Rural,10.0,2022,-0.3244,-2680395.0,8261687.0,5,5+ years,4,"St Lukes Health Memorial San August (San Augustine, TX) #451360",13,16,0.0877,0.0446
451361,Preferred Hospital Leasing Hemphill,Hemphill,TX,Texas,Critical access hospital (small rural),For-profit,Rural,25.0,2023,-0.0238,-255622.0,10720171.0,1,1 year,1,"Preferred Hospital Leasing Hemphill (Hemphill, TX)",281,361,0.0877,0.0446
451362,Clay County Memorial Hospital,Henrietta,TX,Texas,Critical access hospital (small rural),Government,Urban,25.0,2023,0.0031,34194.0,10952896.0,0,Made money,0,"Clay County Memorial Hospital (Henrietta, TX)",262,361,0.0877,0.0446
451363,Jackson County Hospital,Edna,TX,Texas,Critical access hospital (small rural),Government,Rural,25.0,2023,0.0288,792388.0,27505188.0,0,Made money,0,"Jackson County Hospital (Edna, TX)",241,361,0.0877,0.0446
451364,Otto Kaiser Memorial Hospital,Kenedy,TX,Texas,Critical access hospital (small rural),Government,Rural,25.0,2023,0.0239,800132.0,33512461.0,0,Made money,0,"Otto Kaiser Memorial Hospital (Kenedy, TX)",248,361,0.0877,0.0446
451365,Ascension Seton Highland Lakes,Burnet,TX,Texas,Critical access hospital (small rural),Nonprofit,Rural,25.0,2023,0.1673,10720741.0,64094451.0,0,Made money,0,"Ascension Seton Highland Lakes (Burnet, TX)",86,361,0.0877,0.0446
451366,Cochran Memorial Hospital,Morton,TX,Texas,Critical access hospital (small rural),Government,Rural,18.0,2023,-0.1352,-572627.0,4235067.0,3,3-4 years,3,"Cochran Memorial Hospital (Morton, TX)",331,361,0.0877,0.0446
451367,Ut Health East Texas Pittsburg,Pittsburg,TX,Texas,Critical access hospital (small rural),For-profit,Rural,25.0,2023,0.0804,2827688.0,35188599.0,0,Made money,0,"Ut Health East Texas Pittsburg (Pittsburg, TX)",189,361,0.0877,0.0446
451369,Golden Plains Community Hospital,Borger,TX,Texas,Critical access hospital (small rural),Nonprofit,Rural,25.0,2023,0.1441,6014422.0,41736062.0,0,Made money,0,"Golden Plains Community Hospital (Borger, TX)",105,361,0.0877,0.0446
451370,Tmc Bonham Hospital,Bonham,TX,Texas,Critical access hospital (small rural),Government,Rural,25.0,2023,-0.004,-89020.0,22442033.0,8,5+ years,4,"Tmc Bonham Hospital (Bonham, TX)",269,361,0.0877,0.0446
451371,Ascension Seton Edgar B Davis,Luling,TX,Texas,Critical access hospital (small rural),Nonprofit,Urban,23.0,2023,0.1368,5293058.0,38683784.0,0,Made money,0,"Ascension Seton Edgar B Davis (Luling, TX)",111,361,0.0877,0.0446
451372,Muleshoe Area Medical Center,Muleshoe,TX,Texas,Critical access hospital (small rural),For-profit,Rural,25.0,2023,-0.0928,-784941.0,8460903.0,1,1 year,1,"Muleshoe Area Medical Center (Muleshoe, TX)",319,361,0.0877,0.0446
451373,Ward Memorial Hospital,Monahans,TX,Texas,Critical access hospital (small rural),Government,Rural,19.0,2023,0.1641,4132235.0,25178474.0,0,Made money,0,"Ward Memorial Hospital (Monahans, TX)",92,361,0.0877,0.0446
451374,Scott And White Hospital Taylor,Taylor,TX,Texas,Critical access hospital (small rural),Nonprofit,Urban,25.0,2023,-0.1985,-37056893.0,186672196.0,8,5+ years,4,"Scott And White Hospital Taylor (Taylor, TX)",344,361,0.0877,0.0446
451375,Liberty-Dayton Regional Medical Cent,Liberty,TX,Texas,Critical access hospital (small rural),Government,Urban,25.0,2023,-0.02,-531753.0,26593770.0,2,2 years,2,"Liberty-Dayton Regional Medical Cent (Liberty, TX)",278,361,0.0877,0.0446
451376,Lavaca Medical Center,Hallettsville,TX,Texas,Critical access hospital (small rural),Government,Rural,25.0,2023,0.0789,2062365.0,26127112.0,0,Made money,0,"Lavaca Medical Center (Hallettsville, TX)",192,361,0.0877,0.0446
451377,Reeves County Hospital,Pecos,TX,Texas,Critical access hospital (small rural),Government,Rural,25.0,2023,0.3527,34916869.0,98986442.0,0,Made money,0,"Reeves County Hospital (Pecos, TX)",17,361,0.0877,0.0446
451378,Big Bend Regional Med Ctr,Alpine,TX,Texas,Critical access hospital (small rural),For-profit,Rural,22.0,2023,0.0591,1671233.0,28286711.0,0,Made money,0,"Big Bend Regional Med Ctr (Alpine, TX)",208,361,0.0877,0.0446
451379,Coryell Memorial Hospital,Gatesville,TX,Texas,Critical access hospital (small rural),Government,Urban,25.0,2023,0.0034,285959.0,84754248.0,0,Made money,0,"Coryell Memorial Hospital (Gatesville, TX)",261,361,0.0877,0.0446
451380,Ut Health East Texas Quitman Hospita,Quitman,TX,Texas,Critical access hospital (small rural),For-profit,Rural,25.0,2023,0.0396,1570474.0,39704340.0,0,Made money,0,"Ut Health East Texas Quitman Hospita (Quitman, TX)",228,361,0.0877,0.0446
451381,Christus Mfh Winnsboro,Winnsboro,TX,Texas,Critical access hospital (small rural),Nonprofit,Rural,14.0,2023,0.112,2711763.0,24213504.0,0,Made money,0,"Christus Mfh Winnsboro (Winnsboro, TX)",148,361,0.0877,0.0446
451382,Comanche County Medical Center,Comanche,TX,Texas,Critical access hospital (small rural),Nonprofit,Rural,16.0,2023,0.0572,3036314.0,53074706.0,0,Made money,0,"Comanche County Medical Center (Comanche, TX)",210,361,0.0877,0.0446
451384,D.M. Cogdell Memorial Hospital,Snyder,TX,Texas,Critical access hospital (small rural),Government,Rural,25.0,2023,-0.0288,-1417866.0,49274176.0,3,3-4 years,3,"D.M. Cogdell Memorial Hospital (Snyder, TX)",285,361,0.0877,0.0446
451385,Goodall-Witcher Hospital Authority,Clifton,TX,Texas,Critical access hospital (small rural),Nonprofit,Rural,25.0,2023,0.0048,198393.0,41585645.0,0,Made money,0,"Goodall-Witcher Hospital Authority (Clifton, TX)",260,361,0.0877,0.0446
451386,Moore County Hosp. Dba Dumas Mem Hos,Dumas,TX,Texas,Critical access hospital (small rural),Government,Rural,19.0,2023,-0.0356,-1983934.0,55690707.0,2,2 years,2,"Moore County Hosp. Dba Dumas Mem Hos (Dumas, TX)",293,361,0.0877,0.0446
451387,Uvalde Memorial Hospital,Uvalde,TX,Texas,Critical access hospital (small rural),Government,Rural,21.0,2023,0.1934,69966096.0,361856456.0,0,Made money,0,"Uvalde Memorial Hospital (Uvalde, TX)",73,361,0.0877,0.0446
451389,Pecos County Memorial Hospital,Fort Stockton,TX,Texas,Critical access hospital (small rural),Government,Rural,25.0,2022,-0.0844,-2451948.0,29051093.0,2,2 years,2,"Pecos County Memorial Hospital (Fort Stockton, TX)",6,16,0.0877,0.0446
451390,Dimmit Regional Hospital District,Carrizo Springs,TX,Texas,Critical access hospital (small rural),Nonprofit,Rural,25.0,2023,0.0527,1591388.0,30210546.0,0,Made money,0,"Dimmit Regional Hospital District (Carrizo Springs, TX)",221,361,0.0877,0.0446
451391,Frio Regional Hospital,Pearsall,TX,Texas,Critical access hospital (small rural),Nonprofit,Rural,22.0,2023,0.1266,3782683.0,29890225.0,0,Made money,0,"Frio Regional Hospital (Pearsall, TX)",127,361,0.0877,0.0446
451392,Hamilton General Hospital,Hamilton,TX,Texas,Critical access hospital (small rural),Government,Rural,25.0,2023,0.053,4007751.0,75670261.0,0,Made money,0,"Hamilton General Hospital (Hamilton, TX)",219,361,0.0877,0.0446
451393,Crockett Medical Center,Crockett,TX,Texas,Critical access hospital (small rural),For-profit,Rural,25.0,2023,0.0904,1717635.0,18990657.0,0,Made money,0,"Crockett Medical Center (Crockett, TX)",178,361,0.0877,0.0446
451394,Knox County Hospital,Knox City,TX,Texas,Critical access hospital (small rural),Government,Rural,25.0,2023,-0.0336,-691967.0,20576834.0,1,1 year,1,"Knox County Hospital (Knox City, TX)",292,361,0.0877,0.0446
451395,Hill Regional Hospital,Hillsboro,TX,Texas,Critical access hospital (small rural),For-profit,Rural,25.0,2023,0.0312,1154043.0,37004779.0,0,Made money,0,"Hill Regional Hospital (Hillsboro, TX)",235,361,0.0877,0.0446
451396,Mid Coast Medical Center-Central,Llano,TX,Texas,Critical access hospital (small rural),Nonprofit,Rural,25.0,2023,0.0601,560453.0,9328773.0,0,Made money,0,"Mid Coast Medical Center-Central (Llano, TX)",204,361,0.0877,0.0446
451397,Baylor Scott & White Wmc - Brenham,Brenham,TX,Texas,Critical access hospital (small rural),Nonprofit,Rural,25.0,2023,0.181,8775433.0,48495253.0,0,Made money,0,"Baylor Scott & White Wmc - Brenham (Brenham, TX)",80,361,0.0877,0.0446
451398,Pampa Regional Medical Center,Pampa,TX,Texas,Critical access hospital (small rural),Nonprofit,Rural,25.0,2023,-0.4857,-13781420.0,28377122.0,1,1 year,1,"Pampa Regional Medical Center (Pampa, TX) #451398",358,361,0.0877,0.0446
451399,Baylor County Hospital District,Seymour,TX,Texas,Critical access hospital (small rural),Government,Rural,25.0,2023,-0.0131,-322880.0,24734417.0,1,1 year,1,"Baylor County Hospital District (Seymour, TX) #451399",275,361,0.0877,0.0446
460001,Utah Valley Hospital,Provo,UT,Utah,General hospital,Nonprofit,Urban,340.0,2023,0.1294,102817777.0,794564903.0,0,Made money,0,"Utah Valley Hospital (Provo, UT)",23,45,0.1294,0.0446
460003,Holy Cross Hospital - Salt Lake,Salt Lake City,UT,Utah,General hospital,Nonprofit,Urban,100.0,2021,0.053,5946134.0,112171305.0,0,Made money,0,"Holy Cross Hospital - Salt Lake (Salt Lake City, UT)",1,1,0.1294,0.0446
460004,Mckay-Dee Hospital,Ogden,UT,Utah,General hospital,Nonprofit,Urban,236.0,2023,0.1739,125754537.0,723086137.0,0,Made money,0,"Mckay-Dee Hospital (Ogden, UT)",15,45,0.1294,0.0446
460005,Ogden Regional Medical Center,Ogden,UT,Utah,General hospital,For-profit,Urban,174.0,2023,0.5099,159338300.0,312467783.0,0,Made money,0,"Ogden Regional Medical Center (Ogden, UT)",1,45,0.1294,0.0446
460006,Lds Hospital,Salt Lake City,UT,Utah,General hospital,Nonprofit,Urban,226.0,2023,-0.0035,-1222239.0,354224472.0,2,2 years,2,"Lds Hospital (Salt Lake City, UT)",42,45,0.1294,0.0446
460007,Cedar City Hospital,Cedar City,UT,Utah,General hospital,Nonprofit,Rural,48.0,2023,0.3028,48438461.0,159971649.0,0,Made money,0,"Cedar City Hospital (Cedar City, UT)",8,45,0.1294,0.0446
460009,U Of U Hospitals & Clinics,Salt Lake City,UT,Utah,General hospital,Government,Urban,640.0,2023,0.082,271843508.0,3315577816.0,0,Made money,0,"U Of U Hospitals & Clinics (Salt Lake City, UT)",33,45,0.1294,0.0446
460010,Intermountain Medical Center,Murray,UT,Utah,General hospital,Nonprofit,Urban,486.0,2023,0.0894,120845355.0,1351353832.0,0,Made money,0,"Intermountain Medical Center (Murray, UT)",30,45,0.1294,0.0446
460011,Castleview Hospital,Price,UT,Utah,General hospital,For-profit,Rural,39.0,2023,0.2459,24163487.0,98260702.0,0,Made money,0,"Castleview Hospital (Price, UT)",12,45,0.1294,0.0446
460013,Mountain View Hospital,Payson,UT,Utah,General hospital,For-profit,Urban,119.0,2023,0.3245,27373467.0,84351888.0,0,Made money,0,"Mountain View Hospital (Payson, UT)",7,45,0.1294,0.0446
460014,Mountain West Medical Center,Tooele,UT,Utah,General hospital,For-profit,Urban,36.0,2023,0.386,41008736.0,106250943.0,0,Made money,0,"Mountain West Medical Center (Tooele, UT)",5,45,0.1294,0.0446
460015,Logan Regional Hospital,Logan,UT,Utah,General hospital,Nonprofit,Urban,114.0,2023,0.2773,99996216.0,360667205.0,0,Made money,0,"Logan Regional Hospital (Logan, UT)",9,45,0.1294,0.0446
460017,Brigham City Community Hospital,Brigham City,UT,Utah,General hospital,For-profit,Urban,40.0,2023,0.3788,19301003.0,50955324.0,0,Made money,0,"Brigham City Community Hospital (Brigham City, UT)",6,45,0.1294,0.0446
460019,Uintah Basin Medical Center,Roosevelt,UT,Utah,General hospital,Nonprofit,Rural,32.0,2023,0.0848,12190241.0,143827181.0,0,Made money,0,"Uintah Basin Medical Center (Roosevelt, UT)",32,45,0.1294,0.0446
460021,St George Regional Hospital,St George,UT,Utah,General hospital,Nonprofit,Urban,256.0,2023,0.1355,120556867.0,889418568.0,0,Made money,0,"St George Regional Hospital (St George, UT)",22,45,0.1294,0.0446
460023,American Fork Hospital,American Fork,UT,Utah,General hospital,Nonprofit,Urban,90.0,2023,0.2466,62165126.0,252122156.0,0,Made money,0,"American Fork Hospital (American Fork, UT)",11,45,0.1294,0.0446
460026,Sevier Valley Hospital,Richfield,UT,Utah,General hospital,Nonprofit,Rural,24.0,2023,0.1392,9347067.0,67165666.0,0,Made money,0,"Sevier Valley Hospital (Richfield, UT)",21,45,0.1294,0.0446
460030,Ashley Regional Medical Center,Vernal,UT,Utah,General hospital,For-profit,Rural,39.0,2023,0.145,9559150.0,65933448.0,0,Made money,0,"Ashley Regional Medical Center (Vernal, UT)",20,45,0.1294,0.0446
460039,Bear River Valley Hospital,Tremonton,UT,Utah,General hospital,Nonprofit,Urban,16.0,2023,0.1645,6417206.0,39018104.0,0,Made money,0,"Bear River Valley Hospital (Tremonton, UT)",17,45,0.1294,0.0446
460041,Holy Cross Hospital - Davis,Layton,UT,Utah,General hospital,Nonprofit,Urban,110.0,2023,0.1105,24559055.0,222299473.0,0,Made money,0,"Holy Cross Hospital - Davis (Layton, UT)",26,45,0.1294,0.0446
460042,Lakeview Hospital,Bountiful,UT,Utah,General hospital,For-profit,Urban,64.0,2023,0.419,47944865.0,114423160.0,0,Made money,0,"Lakeview Hospital (Bountiful, UT)",4,45,0.1294,0.0446
460043,Orem Community Hospital,Orem,UT,Utah,General hospital,Nonprofit,Urban,24.0,2023,0.0999,3730087.0,37335965.0,0,Made money,0,"Orem Community Hospital (Orem, UT)",27,45,0.1294,0.0446
460044,Alta View Hospital,Sandy,UT,Utah,General hospital,Nonprofit,Urban,57.0,2023,0.0336,4776154.0,142337527.0,0,Made money,0,"Alta View Hospital (Sandy, UT)",39,45,0.1294,0.0446
460047,St Marks Hospital,Salt Lake City,UT,Utah,General hospital,For-profit,Urban,275.0,2023,0.4583,259748030.0,566743527.0,0,Made money,0,"St Marks Hospital (Salt Lake City, UT)",2,45,0.1294,0.0446
460049,The Orthopedic Specialty Hospital,Murray,UT,Utah,General hospital,Nonprofit,Urban,14.0,2023,0.1668,13640461.0,81763166.0,0,Made money,0,"The Orthopedic Specialty Hospital (Murray, UT)",16,45,0.1294,0.0446
460051,Holy Cross Hospital - Jordan Valley,West Jordan,UT,Utah,General hospital,Nonprofit,Urban,159.0,2023,0.0649,23843136.0,367436166.0,0,Made money,0,"Holy Cross Hospital - Jordan Valley (West Jordan, UT)",35,45,0.1294,0.0446
460052,Timpanogos Regional Hospital,Orem,UT,Utah,General hospital,For-profit,Urban,117.0,2023,0.4356,74248777.0,170444678.0,0,Made money,0,"Timpanogos Regional Hospital (Orem, UT)",3,45,0.1294,0.0446
460054,Cache Valley Hospital,North Logan,UT,Utah,General hospital,For-profit,Urban,28.0,2023,-0.2587,-8992563.0,34763210.0,9,5+ years,4,"Cache Valley Hospital (North Logan, UT)",44,45,0.1294,0.0446
460057,Park City Hospital,Park City Hospital,UT,Utah,General hospital,Nonprofit,Rural,37.0,2023,0.1749,24137871.0,138017216.0,0,Made money,0,"Park City Hospital (Park City Hospital, UT)",14,45,0.1294,0.0446
460058,Riverton Hospital,Riverton,UT,Utah,General hospital,Nonprofit,Urban,87.0,2023,0.185,41490923.0,224259827.0,0,Made money,0,"Riverton Hospital (Riverton, UT)",13,45,0.1294,0.0446
460060,Lone Peak Hospital,Draper,UT,Utah,General hospital,For-profit,Urban,61.0,2023,0.2692,42226442.0,156876060.0,0,Made money,0,"Lone Peak Hospital (Draper, UT)",10,45,0.1294,0.0446
460061,Layton Hospital,Layton,UT,Utah,General hospital,Nonprofit,Urban,37.0,2023,0.1184,17096708.0,144345779.0,0,Made money,0,"Layton Hospital (Layton, UT)",24,45,0.1294,0.0446
460062,Spanish Fork Hospital,Spanish Fork,UT,Utah,General hospital,Nonprofit,Urban,21.0,2023,0.0482,3980930.0,82607541.0,0,Made money,0,"Spanish Fork Hospital (Spanish Fork, UT)",37,45,0.1294,0.0446
461300,Delta Community Hospital,Delta,UT,Utah,Critical access hospital (small rural),Nonprofit,Rural,18.0,2023,0.0879,1612291.0,18345681.0,0,Made money,0,"Delta Community Hospital (Delta, UT)",31,45,0.1294,0.0446
461301,Fillmore Community Hospital,Fillmore,UT,Utah,Critical access hospital (small rural),Nonprofit,Rural,19.0,2023,-0.0574,-747380.0,13023886.0,13,5+ years,4,"Fillmore Community Hospital (Fillmore, UT)",43,45,0.1294,0.0446
461302,Moab Regional Hospital,Moab,UT,Utah,Critical access hospital (small rural),Nonprofit,Rural,17.0,2023,-0.0021,-103858.0,50153368.0,1,1 year,1,"Moab Regional Hospital (Moab, UT)",41,45,0.1294,0.0446
461303,Sanpete Valley Hospital,Mt Pleasant,UT,Utah,Critical access hospital (small rural),Nonprofit,Rural,18.0,2023,0.1461,5225556.0,35766251.0,0,Made money,0,"Sanpete Valley Hospital (Mt Pleasant, UT)",19,45,0.1294,0.0446
461304,Central Valley Medical Center,Nephi,UT,Utah,Critical access hospital (small rural),Nonprofit,Urban,25.0,2023,0.1155,8830790.0,76428286.0,0,Made money,0,"Central Valley Medical Center (Nephi, UT)",25,45,0.1294,0.0446
461305,Milford  Memorial Hospital,Milford,UT,Utah,Critical access hospital (small rural),Government,Rural,23.0,2023,0.0488,335760.0,6886680.0,0,Made money,0,"Milford  Memorial Hospital (Milford, UT)",36,45,0.1294,0.0446
461306,Gunnison Valley Hospital,Gunnison,UT,Utah,Critical access hospital (small rural),Government,Rural,25.0,2023,0.0659,9592673.0,145548890.0,0,Made money,0,"Gunnison Valley Hospital (Gunnison, UT)",34,45,0.1294,0.0446
461307,Heber Valley Hospital,Heber City,UT,Utah,Critical access hospital (small rural),Nonprofit,Rural,19.0,2023,0.094,5789920.0,61577549.0,0,Made money,0,"Heber Valley Hospital (Heber City, UT)",29,45,0.1294,0.0446
461308,San Juan Health Services District,Monticello,UT,Utah,Critical access hospital (small rural),Government,Rural,21.0,2023,0.0294,707111.0,24032392.0,0,Made money,0,"San Juan Health Services District (Monticello, UT)",40,45,0.1294,0.0446
461309,Kane County Hospital,Kanab,UT,Utah,Critical access hospital (small rural),Government,Rural,25.0,2023,0.1606,3547819.0,22086431.0,0,Made money,0,"Kane County Hospital (Kanab, UT)",18,45,0.1294,0.0446
461310,Blue Mountain Hospital,Blanding,UT,Utah,Critical access hospital (small rural),Nonprofit,Rural,11.0,2023,0.0482,999333.0,20714517.0,0,Made money,0,"Blue Mountain Hospital (Blanding, UT)",37,45,0.1294,0.0446
461333,Garfield Memorial Hospital,Panguitch,UT,Utah,Critical access hospital (small rural),Nonprofit,Rural,15.0,2023,0.0949,1583117.0,16674394.0,0,Made money,0,"Garfield Memorial Hospital (Panguitch, UT)",28,45,0.1294,0.0446
461335,Beaver Valley Hospital,Beaver,UT,Utah,Critical access hospital (small rural),Government,Rural,25.0,2023,-0.4686,-6322792.0,13493068.0,4,3-4 years,3,"Beaver Valley Hospital (Beaver, UT)",45,45,0.1294,0.0446
470001,Central Vermont Hospital,Barre,VT,Vermont,General hospital,Nonprofit,Rural,88.0,2023,-0.0364,-10203558.0,280681056.0,1,1 year,1,"Central Vermont Hospital (Barre, VT)",13,14,-0.009,0.0446
470003,University Of Vermont Medical Center,Burlington,VT,Vermont,General hospital,Nonprofit,Urban,448.0,2023,0.055,119881000.0,2178626014.0,0,Made money,0,"University Of Vermont Medical Center (Burlington, VT)",2,14,-0.009,0.0446
470005,Rutland Regional Medical Center,Rutland,VT,Vermont,General hospital,Nonprofit,Rural,142.0,2023,-0.0043,-1499416.0,351680984.0,2,2 years,2,"Rutland Regional Medical Center (Rutland, VT)",7,14,-0.009,0.0446
470011,Brattleboro Memorial Hospital,Brattleboro,VT,Vermont,General hospital,Nonprofit,Rural,47.0,2023,0.0169,1955407.0,115417989.0,0,Made money,0,"Brattleboro Memorial Hospital (Brattleboro, VT)",4,14,-0.009,0.0446
470012,Southwestern Vermont Medical Center,Bennington,VT,Vermont,General hospital,Nonprofit,Rural,53.0,2023,-0.0325,-6417400.0,197731486.0,2,2 years,2,"Southwestern Vermont Medical Center (Bennington, VT)",11,14,-0.009,0.0446
470024,Northwestern Medical Center,Saint Albans,VT,Vermont,General hospital,Nonprofit,Urban,53.0,2023,0.0125,1600415.0,128064537.0,0,Made money,0,"Northwestern Medical Center (Saint Albans, VT)",6,14,-0.009,0.0446
471300,Grace Cottage Hospital,Townshend,VT,Vermont,Critical access hospital (small rural),Nonprofit,Rural,19.0,2023,-0.0265,-868496.0,32769520.0,2,2 years,2,"Grace Cottage Hospital (Townshend, VT)",10,14,-0.009,0.0446
471301,Gifford Medical Center,Randolph,VT,Vermont,Critical access hospital (small rural),Nonprofit,Rural,25.0,2023,-0.0351,-2511825.0,71493945.0,2,2 years,2,"Gifford Medical Center (Randolph, VT)",12,14,-0.009,0.0446
471302,Mt Ascutney Hospital And Health Cent,Windsor,VT,Vermont,Critical access hospital (small rural),Nonprofit,Rural,25.0,2023,0.0512,3695048.0,72136871.0,0,Made money,0,"Mt Ascutney Hospital And Health Cent (Windsor, VT)",3,14,-0.009,0.0446
471303,Northeastern Vt Regional Hospital,St. Johnsbury,VT,Vermont,Critical access hospital (small rural),Nonprofit,Rural,25.0,2023,0.0137,1699911.0,123738461.0,0,Made money,0,"Northeastern Vt Regional Hospital (St. Johnsbury, VT)",5,14,-0.009,0.0446
471304,North Country Hospital & Health Ctr,Newport,VT,Vermont,Critical access hospital (small rural),Nonprofit,Rural,25.0,2023,-0.0397,-4010540.0,101077544.0,2,2 years,2,"North Country Hospital & Health Ctr (Newport, VT)",14,14,-0.009,0.0446
471305,Copley Hospital  Inc.,Morrisville,VT,Vermont,Critical access hospital (small rural),Nonprofit,Rural,25.0,2023,-0.0137,-1352570.0,98450068.0,1,1 year,1,"Copley Hospital  Inc. (Morrisville, VT)",8,14,-0.009,0.0446
471306,Springfield Hospital,Springfield,VT,Vermont,Critical access hospital (small rural),Nonprofit,Rural,25.0,2023,-0.0176,-1037483.0,59027773.0,1,1 year,1,"Springfield Hospital (Springfield, VT)",9,14,-0.009,0.0446
471307,Porter Hospital,Middlebury,VT,Vermont,Critical access hospital (small rural),Nonprofit,Rural,25.0,2023,0.1137,14198690.0,124923051.0,0,Made money,0,"Porter Hospital (Middlebury, VT)",1,14,-0.009,0.0446
490002,Russell County Hospital,Lebanon,VA,Virginia,General hospital,Nonprofit,Rural,47.0,2023,0.107,3726000.0,34818361.0,0,Made money,0,"Russell County Hospital (Lebanon, VA)",37,79,0.0964,0.0446
490004,Sentara Rmh Medical Center,Harrisonburg,VA,Virginia,General hospital,Nonprofit,Urban,238.0,2023,-0.2408,-103393746.0,429378960.0,2,2 years,2,"Sentara Rmh Medical Center (Harrisonburg, VA)",76,79,0.0964,0.0446
490005,Winchester Medical Center,Winchester,VA,Virginia,General hospital,Nonprofit,Urban,455.0,2023,0.0649,53631681.0,825854005.0,0,Made money,0,"Winchester Medical Center (Winchester, VA)",49,79,0.0964,0.0446
490007,Sentara Norfolk General Hospital,Norfolk,VA,Virginia,General hospital,Nonprofit,Urban,472.0,2023,0.1718,290066000.0,1688624258.0,0,Made money,0,"Sentara Norfolk General Hospital (Norfolk, VA)",22,79,0.0964,0.0446
490009,University Of Virginia Medical Cente,Charlottesville,VA,Virginia,General hospital,Nonprofit,Urban,657.0,2023,0.0147,41621148.0,2823066888.0,0,Made money,0,"University Of Virginia Medical Cente (Charlottesville, VA)",58,79,0.0964,0.0446
490013,Halifax Regional Hospital,South Boston,VA,Virginia,General hospital,Nonprofit,Rural,44.0,2023,-0.2668,-28118000.0,105382999.0,2,2 years,2,"Halifax Regional Hospital (South Boston, VA)",77,79,0.0964,0.0446
490017,Maryview Hospital Llc,Portsmouth,VA,Virginia,General hospital,Nonprofit,Urban,176.0,2023,0.1356,56376773.0,415643134.0,0,Made money,0,"Maryview Hospital Llc (Portsmouth, VA)",30,79,0.0964,0.0446
490018,Augusta Medical Center,Fishersville,VA,Virginia,General hospital,Nonprofit,Urban,193.0,2023,0.2248,120364522.0,535402948.0,0,Made money,0,"Augusta Medical Center (Fishersville, VA)",14,79,0.0964,0.0446
490019,Culpeper Memorial Hospital,Culpeper,VA,Virginia,General hospital,Government,Urban,70.0,2023,0.1557,28758744.0,184671045.0,0,Made money,0,"Culpeper Memorial Hospital (Culpeper, VA)",27,79,0.0964,0.0446
490020,Tricities Hospital,Hopewell,VA,Virginia,General hospital,For-profit,Urban,107.0,2023,0.2469,36964235.0,149722561.0,0,Made money,0,"Tricities Hospital (Hopewell, VA)",13,79,0.0964,0.0446
490021,Centra Health,Lynchburg,VA,Virginia,General hospital,Nonprofit,Urban,452.0,2023,0.1766,176589878.0,1000040135.0,0,Made money,0,"Centra Health (Lynchburg, VA)",21,79,0.0964,0.0446
490022,Mary Washington Hospital,Fredericksburg,VA,Virginia,General hospital,Nonprofit,Urban,414.0,2023,0.0751,47853559.0,637471375.0,0,Made money,0,"Mary Washington Hospital (Fredericksburg, VA)",48,79,0.0964,0.0446
490023,Fauquier Hospital,Warrenton,VA,Virginia,General hospital,For-profit,Urban,97.0,2023,-0.0685,-8209652.0,119824048.0,2,2 years,2,"Fauquier Hospital (Warrenton, VA)",69,79,0.0964,0.0446
490024,Carilion Medical Center,Roanoke,VA,Virginia,General hospital,Nonprofit,Urban,634.0,2023,0.0559,99952051.0,1788624134.0,0,Made money,0,"Carilion Medical Center (Roanoke, VA)",53,79,0.0964,0.0446
490032,Vcu Health System Mcv Hospital,Richmond,VA,Virginia,General hospital,Government,Urban,816.0,2023,0.1696,500308565.0,2950125207.0,0,Made money,0,"Vcu Health System Mcv Hospital (Richmond, VA)",23,79,0.0964,0.0446
490033,Warren Memorial Hospital,Front Royal,VA,Virginia,General hospital,Nonprofit,Urban,36.0,2023,0.0487,5272018.0,108297362.0,0,Made money,0,"Warren Memorial Hospital (Front Royal, VA)",54,79,0.0964,0.0446
490037,Shore Memorial Hospital,Onacock,VA,Virginia,General hospital,Nonprofit,Rural,52.0,2023,0.0835,9044086.0,108316388.0,0,Made money,0,"Shore Memorial Hospital (Onacock, VA)",44,79,0.0964,0.0446
490038,Smyth County Community Hospital,Marion,VA,Virginia,General hospital,Nonprofit,Rural,20.0,2023,0.0091,460082.0,50652130.0,0,Made money,0,"Smyth County Community Hospital (Marion, VA)",61,79,0.0964,0.0446
490040,Inova Alexandria Hospital,Alexandria,VA,Virginia,General hospital,Nonprofit,Urban,303.0,2023,0.3306,168074634.0,508322357.0,0,Made money,0,"Inova Alexandria Hospital (Alexandria, VA)",5,79,0.0964,0.0446
490041,Mary Immaculate Hospital,Newport News,VA,Virginia,General hospital,Nonprofit,Urban,114.0,2023,0.0465,8764453.0,188522944.0,0,Made money,0,"Mary Immaculate Hospital (Newport News, VA)",55,79,0.0964,0.0446
490042,Carilion New River Valley Med Center,Christiansburg,VA,Virginia,General hospital,Nonprofit,Urban,94.0,2023,0.165,50744254.0,307511234.0,0,Made money,0,"Carilion New River Valley Med Center (Christiansburg, VA)",25,79,0.0964,0.0446
490043,Inova Loudoun Hospital Center,Leesburg,VA,Virginia,General hospital,Nonprofit,Urban,189.0,2023,0.353,195484416.0,553745272.0,0,Made money,0,"Inova Loudoun Hospital Center (Leesburg, VA)",2,79,0.0964,0.0446
490044,Sentara Obici Hospital,Suffolk,VA,Virginia,General hospital,Nonprofit,Urban,186.0,2023,0.1682,63006000.0,374678000.0,0,Made money,0,"Sentara Obici Hospital (Suffolk, VA)",24,79,0.0964,0.0446
490045,Uva Health Prince William Medical,Manassas,VA,Virginia,General hospital,Government,Urban,92.0,2023,0.0597,14739251.0,246696176.0,0,Made money,0,"Uva Health Prince William Medical (Manassas, VA)",50,79,0.0964,0.0446
490046,Sentara Leigh Hospital,Norfolk,VA,Virginia,General hospital,Nonprofit,Urban,274.0,2023,0.2083,128586000.0,617394000.0,0,Made money,0,"Sentara Leigh Hospital (Norfolk, VA)",17,79,0.0964,0.0446
490048,Lewis Gale Medical Center,Salem,VA,Virginia,General hospital,For-profit,Urban,271.0,2023,0.2853,142696391.0,500149638.0,0,Made money,0,"Lewis Gale Medical Center (Salem, VA)",8,79,0.0964,0.0446
490050,Virginia Hospital Center Arlington,Arlington,VA,Virginia,General hospital,Nonprofit,Urban,385.0,2023,0.1889,160139700.0,847610380.0,0,Made money,0,"Virginia Hospital Center Arlington (Arlington, VA)",20,79,0.0964,0.0446
490052,Riverside Regional Medical Center,Newport News,VA,Virginia,General hospital,Nonprofit,Urban,433.0,2023,0.0582,83129802.0,1428797393.0,0,Made money,0,"Riverside Regional Medical Center (Newport News, VA)",52,79,0.0964,0.0446
490053,Johnston Memorial Hospital,Abingdon,VA,Virginia,General hospital,Nonprofit,Urban,100.0,2023,0.1582,35050319.0,221554250.0,0,Made money,0,"Johnston Memorial Hospital (Abingdon, VA)",26,79,0.0964,0.0446
490057,Sentara Va. Beach General Hospital,Virginia Beach,VA,Virginia,General hospital,Nonprofit,Urban,239.0,2023,0.1555,77403000.0,497686000.0,0,Made money,0,"Sentara Va. Beach General Hospital (Virginia Beach, VA)",28,79,0.0964,0.0446
490059,Bon Secours - St. Marys Hospital,Richmond,VA,Virginia,General hospital,Nonprofit,Urban,354.0,2023,0.1977,151099923.0,764476741.0,0,Made money,0,"Bon Secours - St. Marys Hospital (Richmond, VA)",18,79,0.0964,0.0446
490060,Clinch Valley Medical Center,Richlands,VA,Virginia,General hospital,For-profit,Rural,151.0,2023,0.01,1239801.0,124121767.0,0,Made money,0,"Clinch Valley Medical Center (Richlands, VA)",60,79,0.0964,0.0446
490063,Inova Fairfax Hospital,Falls Church,VA,Virginia,General hospital,Nonprofit,Urban,908.0,2023,0.261,724471081.0,2775761127.0,0,Made money,0,"Inova Fairfax Hospital (Falls Church, VA)",10,79,0.0964,0.0446
490066,Sentara Williamsburg Regional Medica,Williamsburg,VA,Virginia,General hospital,Nonprofit,Urban,123.0,2023,0.0593,13183000.0,222262708.0,0,Made money,0,"Sentara Williamsburg Regional Medica (Williamsburg, VA)",51,79,0.0964,0.0446
490067,Bon Secours Southside Medical Center,Petersburg,VA,Virginia,General hospital,Nonprofit,Urban,300.0,2023,0.0178,4865765.0,273396524.0,0,Made money,0,"Bon Secours Southside Medical Center (Petersburg, VA)",57,79,0.0964,0.0446
490069,Memorial Regional Medical Center,Mechanicsville,VA,Virginia,General hospital,Nonprofit,Urban,239.0,2023,0.1124,52115094.0,463823255.0,0,Made money,0,"Memorial Regional Medical Center (Mechanicsville, VA)",35,79,0.0964,0.0446
490075,Danville Regional Medical Center,Danville,VA,Virginia,General hospital,For-profit,Rural,205.0,2023,0.0816,30976789.0,379837730.0,0,Made money,0,"Danville Regional Medical Center (Danville, VA)",45,79,0.0964,0.0446
490077,Sentara Martha Jefferson Hospital,Charlottesville,VA,Virginia,General hospital,Nonprofit,Urban,150.0,2023,0.0015,626000.0,410765557.0,0,Made money,0,"Sentara Martha Jefferson Hospital (Charlottesville, VA)",62,79,0.0964,0.0446
490084,Vcu Health Tappahannock Hospital,Tappahannock,VA,Virginia,General hospital,Government,Rural,66.0,2023,-0.1072,-6554958.0,61121712.0,3,3-4 years,3,"Vcu Health Tappahannock Hospital (Tappahannock, VA)",73,79,0.0964,0.0446
490088,Bedford Memorial Hospital,Bedford,VA,Virginia,General hospital,Nonprofit,Urban,33.0,2023,-0.0923,-3794370.0,41106269.0,1,1 year,1,"Bedford Memorial Hospital (Bedford, VA)",72,79,0.0964,0.0446
490089,Carilion Franklin Memorial Hospital,Rocky Mount,VA,Virginia,General hospital,Nonprofit,Urban,37.0,2023,0.1381,10698560.0,77475971.0,0,Made money,0,"Carilion Franklin Memorial Hospital (Rocky Mount, VA)",29,79,0.0964,0.0446
490090,Southside Community Hospital,Farmville,VA,Virginia,General hospital,Nonprofit,Rural,77.0,2023,-0.7843,-46454302.0,59229877.0,1,1 year,1,"Southside Community Hospital (Farmville, VA)",79,79,0.0964,0.0446
490092,Southampton Memorial Hospital,Franklin,VA,Virginia,General hospital,Nonprofit,Urban,90.0,2023,-0.1745,-9092431.0,52118442.0,13,5+ years,4,"Southampton Memorial Hospital (Franklin, VA)",74,79,0.0964,0.0446
490093,Sentara Careplex Hospital,Hampton,VA,Virginia,General hospital,Nonprofit,Urban,169.0,2023,0.1266,43420128.0,343053901.0,0,Made money,0,"Sentara Careplex Hospital (Hampton, VA)",33,79,0.0964,0.0446
490094,Richmond Community Hospital,Richmond,VA,Virginia,General hospital,Nonprofit,Urban,96.0,2023,0.3101,95739740.0,308727310.0,0,Made money,0,"Richmond Community Hospital (Richmond, VA)",7,79,0.0964,0.0446
490097,Southern Virginia Regional Med. Ctr.,Emporia,VA,Virginia,General hospital,Nonprofit,Rural,70.0,2023,-0.0792,-2021828.0,25530922.0,13,5+ years,4,"Southern Virginia Regional Med. Ctr. (Emporia, VA)",70,79,0.0964,0.0446
490098,Community Memorial Hospital,South Hill,VA,Virginia,General hospital,Government,Rural,70.0,2023,-0.1816,-26974863.0,148571912.0,4,3-4 years,3,"Community Memorial Hospital (South Hill, VA)",75,79,0.0964,0.0446
490101,Inova Fair Oaks Hospital,Fairfax,VA,Virginia,General hospital,Nonprofit,Urban,174.0,2023,0.3597,161560856.0,449202657.0,0,Made money,0,"Inova Fair Oaks Hospital (Fairfax, VA)",1,79,0.0964,0.0446
490104,Hiram W Davis Medical Center - Ms,Petersburg,VA,Virginia,General hospital,Government,Urban,4.0,2023,-0.0826,-10287133.0,124573995.0,2,2 years,2,"Hiram W Davis Medical Center - Ms (Petersburg, VA)",71,79,0.0964,0.0446
490107,Reston Hospital,Reston,VA,Virginia,General hospital,For-profit,Urban,201.0,2023,0.2715,116032310.0,427415989.0,0,Made money,0,"Reston Hospital (Reston, VA)",9,79,0.0964,0.0446
490110,Lewisgale Hospital - Montgomery,Blacksburg,VA,Virginia,General hospital,For-profit,Urban,88.0,2023,0.3507,62325573.0,177706461.0,0,Made money,0,"Lewisgale Hospital - Montgomery (Blacksburg, VA)",3,79,0.0964,0.0446
490111,Wythe County Community Hospital,Wytheville,VA,Virginia,General hospital,For-profit,Rural,92.0,2023,0.0761,5006003.0,65791511.0,0,Made money,0,"Wythe County Community Hospital (Wytheville, VA)",47,79,0.0964,0.0446
490112,Cjw Medical Center,Richmond,VA,Virginia,General hospital,For-profit,Urban,599.0,2023,0.3175,367242478.0,1156845714.0,0,Made money,0,"Cjw Medical Center (Richmond, VA)",6,79,0.0964,0.0446
490113,Sentara Northern Virginia Med Ctr,Woodbridge,VA,Virginia,General hospital,Nonprofit,Urban,147.0,2023,0.0222,6962000.0,313803209.0,0,Made money,0,"Sentara Northern Virginia Med Ctr (Woodbridge, VA)",56,79,0.0964,0.0446
490114,Lonesome Pine Hospital,Big Stone Gap,VA,Virginia,General hospital,Nonprofit,Rural,52.0,2023,0.2513,49234583.0,195949051.0,0,Made money,0,"Lonesome Pine Hospital (Big Stone Gap, VA)",11,79,0.0964,0.0446
490115,Twin County Regional Hospital,Galax,VA,Virginia,General hospital,For-profit,Rural,141.0,2023,-0.0324,-2021424.0,62468334.0,2,2 years,2,"Twin County Regional Hospital (Galax, VA)",66,79,0.0964,0.0446
490116,Lewisgale Hospital-Pulaski,Pulaski,VA,Virginia,General hospital,For-profit,Urban,51.0,2023,0.1068,8631921.0,80795258.0,0,Made money,0,"Lewisgale Hospital-Pulaski (Pulaski, VA)",38,79,0.0964,0.0446
490117,Carilion Tazewell Community Hospital,Tazewell,VA,Virginia,General hospital,Nonprofit,Rural,23.0,2023,-0.3596,-6893657.0,19171133.0,13,5+ years,4,"Carilion Tazewell Community Hospital (Tazewell, VA)",78,79,0.0964,0.0446
490118,Henrico Doctors Hospital,Richmond,VA,Virginia,General hospital,For-profit,Urban,686.0,2023,0.3447,268377161.0,778692068.0,0,Made money,0,"Henrico Doctors Hospital (Richmond, VA)",4,79,0.0964,0.0446
490119,Sentara Princess Anne Hospital,Virginia Beach,VA,Virginia,General hospital,Nonprofit,Urban,174.0,2023,0.1131,45175000.0,399341383.0,0,Made money,0,"Sentara Princess Anne Hospital (Virginia Beach, VA)",34,79,0.0964,0.0446
490120,Chesapeake General Hospital,Chesapeake,VA,Virginia,General hospital,Government,Rural,302.0,2023,-0.0027,-1167193.0,424543125.0,1,1 year,1,"Chesapeake General Hospital (Chesapeake, VA)",64,79,0.0964,0.0446
490122,Inova Mount Vernon Hospital,Alexandria,VA,Virginia,General hospital,Nonprofit,Urban,108.0,2023,0.218,62978182.0,288954394.0,0,Made money,0,"Inova Mount Vernon Hospital (Alexandria, VA)",15,79,0.0964,0.0446
490126,Lewisgalehospital - Alleghany,Low Moor,VA,Virginia,General hospital,For-profit,Rural,95.0,2023,0.2497,12635225.0,50593718.0,0,Made money,0,"Lewisgalehospital - Alleghany (Low Moor, VA)",12,79,0.0964,0.0446
490127,Buchanan General Hospital,Grundy,VA,Virginia,General hospital,Nonprofit,Rural,111.0,2023,-0.0574,-1630964.0,28420003.0,2,2 years,2,"Buchanan General Hospital (Grundy, VA)",68,79,0.0964,0.0446
490130,Riverside Walter Reed,Gloucester,VA,Virginia,General hospital,Nonprofit,Urban,67.0,2023,0.1342,15989844.0,119159143.0,0,Made money,0,"Riverside Walter Reed (Gloucester, VA)",31,79,0.0964,0.0446
490136,St. Francis Medical Center,Midlothian,VA,Virginia,General hospital,Nonprofit,Urban,137.0,2023,0.1055,38686719.0,366828036.0,0,Made money,0,"St. Francis Medical Center (Midlothian, VA)",39,79,0.0964,0.0446
490140,Stafford Hospital,Stafford,VA,Virginia,General hospital,Nonprofit,Urban,88.0,2023,0.0765,10475377.0,136979506.0,0,Made money,0,"Stafford Hospital (Stafford, VA)",46,79,0.0964,0.0446
490141,Spotsylvania Regional Medical Center,Fredericksburg,VA,Virginia,General hospital,For-profit,Urban,109.0,2023,0.1092,20694869.0,189577960.0,0,Made money,0,"Spotsylvania Regional Medical Center (Fredericksburg, VA)",36,79,0.0964,0.0446
490143,Riverside Doctors Hospital Williamsb,Williamsburg,VA,Virginia,General hospital,Nonprofit,Urban,40.0,2023,0.0964,7816328.0,81123993.0,0,Made money,0,"Riverside Doctors Hospital Williamsb (Williamsburg, VA)",40,79,0.0964,0.0446
490144,Uva Health Haymarket Medical Center,Haymarket,VA,Virginia,General hospital,Government,Urban,44.0,2023,-0.0021,-217084.0,103709216.0,1,1 year,1,"Uva Health Haymarket Medical Center (Haymarket, VA)",63,79,0.0964,0.0446
490145,Stonesprings Hospital Center,Dulles,VA,Virginia,General hospital,For-profit,Urban,107.0,2023,0.0904,10190723.0,112686793.0,0,Made money,0,"Stonesprings Hospital Center (Dulles, VA)",43,79,0.0964,0.0446
491300,Bath County Community Hospital,Hot Springs,VA,Virginia,Critical access hospital (small rural),Nonprofit,Rural,14.0,2023,0.0925,2699624.0,29177271.0,0,Made money,0,"Bath County Community Hospital (Hot Springs, VA)",42,79,0.0964,0.0446
491302,Carilion Giles Community Hospital,Pearisburg,VA,Virginia,Critical access hospital (small rural),Nonprofit,Urban,25.0,2023,0.0143,1362188.0,95133981.0,0,Made money,0,"Carilion Giles Community Hospital (Pearisburg, VA)",59,79,0.0964,0.0446
491303,Dickenson Community Hospital,Clintwood,VA,Virginia,Critical access hospital (small rural),Nonprofit,Rural,2.0,2023,-0.0363,-393786.0,10859932.0,2,2 years,2,"Dickenson Community Hospital (Clintwood, VA)",67,79,0.0964,0.0446
491304,Carilion Rockbridge Community Hosp,Lexington,VA,Virginia,Critical access hospital (small rural),Nonprofit,Rural,25.0,2023,0.1314,9856825.0,75016282.0,0,Made money,0,"Carilion Rockbridge Community Hosp (Lexington, VA)",32,79,0.0964,0.0446
491305,Shenandoah Memorial Hospital,Woodstock,VA,Virginia,Critical access hospital (small rural),Nonprofit,Rural,25.0,2023,0.2123,20279568.0,95500797.0,0,Made money,0,"Shenandoah Memorial Hospital (Woodstock, VA)",16,79,0.0964,0.0446
491307,Page Memorial Hospital,Luray,VA,Virginia,Critical access hospital (small rural),Nonprofit,Rural,25.0,2023,0.096,4694040.0,48902698.0,0,Made money,0,"Page Memorial Hospital (Luray, VA)",41,79,0.0964,0.0446
491308,Rappahannock General Hospital,Kilmarnock,VA,Virginia,Critical access hospital (small rural),Nonprofit,Rural,25.0,2023,-0.0159,-833907.0,52300854.0,8,5+ years,4,"Rappahannock General Hospital (Kilmarnock, VA)",65,79,0.0964,0.0446
491309,Lee County Community Hospital,Pennington Gap,VA,Virginia,Critical access hospital (small rural),Nonprofit,Rural,12.0,2023,0.1917,2548018.0,13293135.0,0,Made money,0,"Lee County Community Hospital (Pennington Gap, VA)",19,79,0.0964,0.0446
500002,Prov St Mary Medical Center,Walla Walla,WA,Washington,General hospital,Nonprofit,Urban,95.0,2023,0.0135,3216745.0,238066791.0,0,Made money,0,"Prov St Mary Medical Center (Walla Walla, WA)",35,84,-0.0028,0.0446
500003,Phd#1  Dba Skagit Valley Hospital,Mount Vernon,WA,Washington,General hospital,Government,Urban,137.0,2023,-0.0709,-35457733.0,500020922.0,2,2 years,2,"Phd#1  Dba Skagit Valley Hospital (Mount Vernon, WA)",68,84,-0.0028,0.0446
500005,Virginia Mason Medical Center,Seattle,WA,Washington,General hospital,Nonprofit,Urban,222.0,2023,0.016,24613312.0,1534023208.0,0,Made money,0,"Virginia Mason Medical Center (Seattle, WA)",33,84,-0.0028,0.0446
500007,Island Hospital,Anacortes,WA,Washington,General hospital,Nonprofit,Urban,43.0,2023,0.0291,3616229.0,124232898.0,0,Made money,0,"Island Hospital (Anacortes, WA)",29,84,-0.0028,0.0446
500008,University Of Washington Med Ctr,Seattle,WA,Washington,General hospital,Government,Urban,617.0,2023,0.1014,260134101.0,2564985996.0,0,Made money,0,"University Of Washington Med Ctr (Seattle, WA)",8,84,-0.0028,0.0446
500011,Highline Medical Center,Seattle,WA,Washington,General hospital,Nonprofit,Urban,132.0,2023,0.0648,16018837.0,247148538.0,0,Made money,0,"Highline Medical Center (Seattle, WA)",16,84,-0.0028,0.0446
500014,Prov Regl Med Center Everett,Everett,WA,Washington,General hospital,Nonprofit,Urban,551.0,2023,-0.1503,-129381202.0,860687613.0,4,3-4 years,3,"Prov Regl Med Center Everett (Everett, WA)",81,84,-0.0028,0.0446
500015,Multicare Auburn Medical Center,Auburn,WA,Washington,General hospital,Nonprofit,Urban,84.0,2023,-0.1316,-30489918.0,231668390.0,11,5+ years,4,"Multicare Auburn Medical Center (Auburn, WA)",80,84,-0.0028,0.0446
500016,Confluence Health,Wenatchee,WA,Washington,General hospital,Nonprofit,Urban,187.0,2023,0.0504,40710106.0,807759453.0,0,Made money,0,"Confluence Health (Wenatchee, WA)",21,84,-0.0028,0.0446
500019,Providence Centralia Hospital,Centralia,WA,Washington,General hospital,Nonprofit,Rural,113.0,2023,0.008,2068888.0,259458677.0,0,Made money,0,"Providence Centralia Hospital (Centralia, WA)",39,84,-0.0028,0.0446
500021,St Clare Hospital,Lakewood,WA,Washington,General hospital,Nonprofit,Urban,106.0,2023,-0.0155,-2854903.0,183798724.0,6,5+ years,4,"St Clare Hospital (Lakewood, WA)",50,84,-0.0028,0.0446
500024,Providence St. Peter Hospital,Olympia,WA,Washington,General hospital,Nonprofit,Urban,302.0,2023,-0.1829,-105636327.0,577534758.0,2,2 years,2,"Providence St. Peter Hospital (Olympia, WA)",83,84,-0.0028,0.0446
500025,Swedish Medical Center Cherry Hill,Seattle,WA,Washington,General hospital,Nonprofit,Urban,181.0,2023,-0.0033,-1806438.0,545810121.0,4,3-4 years,3,"Swedish Medical Center Cherry Hill (Seattle, WA)",44,84,-0.0028,0.0446
500026,Swedish Edmonds,Edmonds,WA,Washington,General hospital,Nonprofit,Urban,157.0,2023,-0.2827,-76735191.0,271464701.0,9,5+ years,4,"Swedish Edmonds (Edmonds, WA)",84,84,-0.0028,0.0446
500027,Swedish Medical Center,Seattle,WA,Washington,General hospital,Nonprofit,Urban,603.0,2023,-0.0241,-39035664.0,1619900769.0,4,3-4 years,3,"Swedish Medical Center (Seattle, WA)",55,84,-0.0028,0.0446
500030,St. Joseph Medical Center,Bellingham,WA,Washington,General hospital,Nonprofit,Urban,208.0,2023,0.0902,77500880.0,859431582.0,0,Made money,0,"St. Joseph Medical Center (Bellingham, WA)",10,84,-0.0028,0.0446
500031,Grays Harbor Community Hospital,Aberdeen,WA,Washington,General hospital,Government,Rural,49.0,2023,-0.0863,-9431106.0,109256757.0,2,2 years,2,"Grays Harbor Community Hospital (Aberdeen, WA)",72,84,-0.0028,0.0446
500033,Samaritan Hospital,Moses Lake,WA,Washington,General hospital,Government,Rural,47.0,2023,-0.0187,-2835100.0,152008637.0,1,1 year,1,"Samaritan Hospital (Moses Lake, WA)",52,84,-0.0028,0.0446
500036,Yakima Valley Memorial Hospital,Yakima,WA,Washington,General hospital,Nonprofit,Urban,208.0,2023,0.21,149561297.0,712114235.0,0,Made money,0,"Yakima Valley Memorial Hospital (Yakima, WA)",4,84,-0.0028,0.0446
500037,Toppenish Community Hospital,Toppenish,WA,Washington,General hospital,Nonprofit,Urban,47.0,2023,-0.0916,-5369222.0,58597383.0,3,3-4 years,3,"Toppenish Community Hospital (Toppenish, WA)",73,84,-0.0028,0.0446
500039,Harrison Medical Center,Siverdale,WA,Washington,General hospital,Nonprofit,Urban,238.0,2023,0.1496,117363539.0,784348142.0,0,Made money,0,"Harrison Medical Center (Siverdale, WA)",5,84,-0.0028,0.0446
500041,St. John Medical Center,Longview,WA,Washington,General hospital,Nonprofit,Urban,146.0,2023,0.0387,14628999.0,377852701.0,0,Made money,0,"St. John Medical Center (Longview, WA)",26,84,-0.0028,0.0446
500044,Deaconess Medical Center,Spokane,WA,Washington,General hospital,Nonprofit,Urban,279.0,2023,-0.0608,-30326763.0,498824583.0,4,3-4 years,3,"Deaconess Medical Center (Spokane, WA)",66,84,-0.0028,0.0446
500050,Peacehealth Southwest Medical Center,Vancouver,WA,Washington,General hospital,Nonprofit,Urban,419.0,2023,-0.0806,-69642332.0,863828397.0,7,5+ years,4,"Peacehealth Southwest Medical Center (Vancouver, WA)",70,84,-0.0028,0.0446
500051,Overlake Hospital Medical Center,Bellevue,WA,Washington,General hospital,Nonprofit,Urban,303.0,2023,-0.0286,-23176822.0,811552301.0,3,3-4 years,3,"Overlake Hospital Medical Center (Bellevue, WA)",58,84,-0.0028,0.0446
500052,Kfh - Washington,Seattle,WA,Washington,General hospital,Nonprofit,Urban,24.0,2021,1.0,1.0,1.0,0,Made money,0,"Kfh - Washington (Seattle, WA)",1,1,-0.0028,0.0446
500053,Trios Health,Kennewick,WA,Washington,General hospital,For-profit,Urban,111.0,2023,-0.1113,-16998537.0,152793329.0,5,5+ years,4,"Trios Health (Kennewick, WA)",76,84,-0.0028,0.0446
500054,Prov Sacred Heart Medical Center,Spokane,WA,Washington,General hospital,Nonprofit,Urban,624.0,2023,-0.1114,-120544791.0,1081812072.0,3,3-4 years,3,"Prov Sacred Heart Medical Center (Spokane, WA)",77,84,-0.0028,0.0446
500058,Kadlec Regional Medical Center,Richland,WA,Washington,General hospital,Nonprofit,Urban,282.0,2023,0.0245,21303263.0,869894880.0,0,Made money,0,"Kadlec Regional Medical Center (Richland, WA)",30,84,-0.0028,0.0446
500060,Cascade Valley Hospital,Arlington,WA,Washington,General hospital,Government,Urban,48.0,2023,0.2604,24534038.0,94224119.0,0,Made money,0,"Cascade Valley Hospital (Arlington, WA)",1,84,-0.0028,0.0446
500064,Harborview Medical Center,Seattle,WA,Washington,General hospital,Government,Urban,406.0,2023,0.0012,1700000.0,1458623816.0,0,Made money,0,"Harborview Medical Center (Seattle, WA)",41,84,-0.0028,0.0446
500072,Olympic Medical Center,Port Angeles,WA,Washington,General hospital,Government,Rural,78.0,2023,-0.1059,-25980901.0,245240854.0,2,2 years,2,"Olympic Medical Center (Port Angeles, WA)",75,84,-0.0028,0.0446
500077,Providence Holy Family Hospital,Spokane,WA,Washington,General hospital,Nonprofit,Urban,191.0,2023,-0.0496,-13206095.0,266073189.0,2,2 years,2,"Providence Holy Family Hospital (Spokane, WA)",62,84,-0.0028,0.0446
500079,Good Samaritan Hospital,Puyallup,WA,Washington,General hospital,Nonprofit,Urban,318.0,2023,-0.0684,-45069926.0,658930362.0,2,2 years,2,"Good Samaritan Hospital (Puyallup, WA)",67,84,-0.0028,0.0446
500084,Evergreen Health Monroe,Monroe,WA,Washington,General hospital,Government,Urban,26.0,2023,0.0916,5993838.0,65403465.0,0,Made money,0,"Evergreen Health Monroe (Monroe, WA)",9,84,-0.0028,0.0446
500088,Valley Medical Center,Renton,WA,Washington,General hospital,Government,Urban,328.0,2023,0.0486,49665584.0,1022630489.0,0,Made money,0,"Valley Medical Center (Renton, WA)",22,84,-0.0028,0.0446
500108,St Joseph Medical Center,Tacoma,WA,Washington,General hospital,Nonprofit,Urban,337.0,2022,-0.0677,-49142235.0,725519742.0,2,2 years,2,"St Joseph Medical Center (Tacoma, WA)",2,2,-0.0028,0.0446
500119,Valley Hospital & Medical Center,Spokane,WA,Washington,General hospital,Nonprofit,Urban,123.0,2023,-0.037,-6353546.0,171694076.0,2,2 years,2,"Valley Hospital & Medical Center (Spokane, WA)",61,84,-0.0028,0.0446
500124,Evergreen Healthcare,Kirkland,WA,Washington,General hospital,Government,Urban,339.0,2023,-0.0517,-50599405.0,977960992.0,2,2 years,2,"Evergreen Healthcare (Kirkland, WA)",64,84,-0.0028,0.0446
500129,Tacoma General Allenmore Hospital,Tacoma,WA,Washington,General hospital,Nonprofit,Urban,360.0,2023,0.082,115188112.0,1404915171.0,0,Made money,0,"Tacoma General Allenmore Hospital (Tacoma, WA)",12,84,-0.0028,0.0446
500138,Fred Hutchinson Cancer Center,Seattle,WA,Washington,General hospital,Nonprofit,Urban,20.0,2023,-0.0179,-37976765.0,2117612276.0,1,1 year,1,"Fred Hutchinson Cancer Center (Seattle, WA)",51,84,-0.0028,0.0446
500139,Capital Medical Center,Olympia,WA,Washington,General hospital,For-profit,Urban,107.0,2023,-0.1266,-18004812.0,142224783.0,2,2 years,2,"Capital Medical Center (Olympia, WA)",79,84,-0.0028,0.0446
500141,St Francis Hospital,Federal Way,WA,Washington,General hospital,Nonprofit,Urban,118.0,2023,0.1144,37857534.0,330936883.0,0,Made money,0,"St Francis Hospital (Federal Way, WA)",7,84,-0.0028,0.0446
500148,Wenatchee Valley Hospital,Wenatchee,WA,Washington,General hospital,Nonprofit,Urban,11.0,2022,-0.0199,-5701749.0,286639572.0,1,1 year,1,"Wenatchee Valley Hospital (Wenatchee, WA)",1,2,-0.0028,0.0446
500150,Legacy Salmon Creek Hospital,Vancouver,WA,Washington,General hospital,Nonprofit,Urban,178.0,2023,0.0608,33125935.0,544997317.0,0,Made money,0,"Legacy Salmon Creek Hospital (Vancouver, WA)",17,84,-0.0028,0.0446
500151,St Anthony Hospital,Gig Harbor,WA,Washington,General hospital,Nonprofit,Urban,112.0,2023,0.0733,17735311.0,241873947.0,0,Made money,0,"St Anthony Hospital (Gig Harbor, WA)",15,84,-0.0028,0.0446
500152,Swedish Issaquah,Issaquah,WA,Washington,General hospital,Nonprofit,Urban,167.0,2023,0.0335,11034359.0,328912492.0,0,Made money,0,"Swedish Issaquah (Issaquah, WA)",27,84,-0.0028,0.0446
500154,Multicare Covington Medical Center,Covington,WA,Washington,General hospital,Nonprofit,Urban,57.0,2023,0.0317,3158409.0,99590550.0,0,Made money,0,"Multicare Covington Medical Center (Covington, WA)",28,84,-0.0028,0.0446
501301,Garfield Memorial Hospital,Pomeroy,WA,Washington,Critical access hospital (small rural),Government,Rural,25.0,2023,0.0144,164467.0,11397901.0,0,Made money,0,"Garfield Memorial Hospital (Pomeroy, WA)",34,84,-0.0028,0.0446
501302,Dayton General Hospital,Dayton,WA,Washington,Critical access hospital (small rural),Government,Rural,25.0,2023,-0.174,-5049743.0,29020699.0,2,2 years,2,"Dayton General Hospital (Dayton, WA)",82,84,-0.0028,0.0446
501303,Willapa Harbor Hospital,South Bend,WA,Washington,Critical access hospital (small rural),Government,Rural,10.0,2023,-0.0279,-789199.0,28260481.0,1,1 year,1,"Willapa Harbor Hospital (South Bend, WA)",57,84,-0.0028,0.0446
501304,Summit Pacific Medical Center,Elma,WA,Washington,Critical access hospital (small rural),Government,Rural,10.0,2023,0.0777,6484799.0,83459648.0,0,Made money,0,"Summit Pacific Medical Center (Elma, WA)",13,84,-0.0028,0.0446
501305,Lincoln Hospital,Davenport,WA,Washington,Critical access hospital (small rural),Government,Rural,25.0,2023,-0.0254,-774270.0,30509930.0,1,1 year,1,"Lincoln Hospital (Davenport, WA)",56,84,-0.0028,0.0446
501307,Odessa Memorial Hospital,Odessa,WA,Washington,Critical access hospital (small rural),Government,Rural,25.0,2023,-0.0978,-1183874.0,12101762.0,2,2 years,2,"Odessa Memorial Hospital (Odessa, WA)",74,84,-0.0028,0.0446
501308,Coulee Medical Center,Grand Coulee,WA,Washington,Critical access hospital (small rural),Government,Rural,25.0,2023,-0.0037,-141645.0,37790212.0,2,2 years,2,"Coulee Medical Center (Grand Coulee, WA)",45,84,-0.0028,0.0446
501309,Providence St Josephs Hospital,Chewelah,WA,Washington,Critical access hospital (small rural),Nonprofit,Urban,23.0,2023,-0.0802,-1740175.0,21700137.0,13,5+ years,4,"Providence St Josephs Hospital (Chewelah, WA)",69,84,-0.0028,0.0446
501310,Newport Community Hospital,Newport,WA,Washington,Critical access hospital (small rural),Government,Rural,20.0,2023,0.0516,2373107.0,46022028.0,0,Made money,0,"Newport Community Hospital (Newport, WA)",20,84,-0.0028,0.0446
501311,East Adams Rural Hospital,Ritzville,WA,Washington,Critical access hospital (small rural),Government,Rural,12.0,2023,-0.0077,-120148.0,15691346.0,1,1 year,1,"East Adams Rural Hospital (Ritzville, WA)",47,84,-0.0028,0.0446
501312,Prosser Memorial Health,Prosser,WA,Washington,Critical access hospital (small rural),Government,Urban,25.0,2023,0.1155,13820715.0,119667532.0,0,Made money,0,"Prosser Memorial Health (Prosser, WA)",6,84,-0.0028,0.0446
501313,Cascade Medical Center,Leavenworth,WA,Washington,Critical access hospital (small rural),Government,Urban,9.0,2023,-0.0026,-75125.0,29455647.0,2,2 years,2,"Cascade Medical Center (Leavenworth, WA)",42,84,-0.0028,0.0446
501314,Ocean Beach Hospital,Ilwaco,WA,Washington,Critical access hospital (small rural),Government,Rural,25.0,2023,-0.0209,-770766.0,36833038.0,1,1 year,1,"Ocean Beach Hospital (Ilwaco, WA)",53,84,-0.0028,0.0446
501315,Skyline Hospital,White Salmon,WA,Washington,Critical access hospital (small rural),Government,Rural,14.0,2023,0.0113,303132.0,26886497.0,0,Made money,0,"Skyline Hospital (White Salmon, WA)",36,84,-0.0028,0.0446
501316,Klickitat Valley Health,Goldendale,WA,Washington,Critical access hospital (small rural),Government,Rural,16.0,2023,0.0199,785894.0,39565830.0,0,Made money,0,"Klickitat Valley Health (Goldendale, WA)",32,84,-0.0028,0.0446
501317,Columbia Basin Hospital,Ephrata,WA,Washington,Critical access hospital (small rural),Government,Rural,25.0,2023,-0.1217,-2615421.0,21497753.0,2,2 years,2,"Columbia Basin Hospital (Ephrata, WA)",78,84,-0.0028,0.0446
501318,Othello Community Hospital,Othello,WA,Washington,Critical access hospital (small rural),Government,Rural,16.0,2023,-0.0081,-188702.0,23378492.0,3,3-4 years,3,"Othello Community Hospital (Othello, WA)",48,84,-0.0028,0.0446
501319,Arbor Health Morton Hospital,Morton,WA,Washington,Critical access hospital (small rural),Government,Rural,25.0,2023,-0.003,-116609.0,39153936.0,1,1 year,1,"Arbor Health Morton Hospital (Morton, WA)",43,84,-0.0028,0.0446
501320,Quincy Valley Medical Center,Quincy,WA,Washington,Critical access hospital (small rural),Government,Rural,10.0,2023,0.2202,4208238.0,19110457.0,0,Made money,0,"Quincy Valley Medical Center (Quincy, WA)",3,84,-0.0028,0.0446
501321,North Valley Hospital,Tonasket,WA,Washington,Critical access hospital (small rural),Government,Rural,18.0,2023,-0.0228,-652451.0,28644403.0,1,1 year,1,"North Valley Hospital (Tonasket, WA)",54,84,-0.0028,0.0446
501322,Ferry County Memorial Hospital,Republic,WA,Washington,Critical access hospital (small rural),Government,Rural,25.0,2023,-0.054,-1014789.0,18780688.0,1,1 year,1,"Ferry County Memorial Hospital (Republic, WA)",65,84,-0.0028,0.0446
501323,Jefferson General Hospital,Port Townsend,WA,Washington,Critical access hospital (small rural),Government,Rural,25.0,2023,0.0041,695586.0,171161771.0,0,Made money,0,"Jefferson General Hospital (Port Townsend, WA)",40,84,-0.0028,0.0446
501324,Three Rivers Hospital,Brewster,WA,Washington,Critical access hospital (small rural),Government,Rural,25.0,2023,0.0102,197552.0,19312533.0,0,Made money,0,"Three Rivers Hospital (Brewster, WA)",37,84,-0.0028,0.0446
501325,Forks Community Hospital,Forks,WA,Washington,Critical access hospital (small rural),Government,Rural,17.0,2023,-0.0862,-3309021.0,38406185.0,2,2 years,2,"Forks Community Hospital (Forks, WA)",71,84,-0.0028,0.0446
501326,Providence Mount Carmel Hospital,Colville,WA,Washington,Critical access hospital (small rural),Nonprofit,Urban,25.0,2023,-0.0126,-780378.0,61913139.0,2,2 years,2,"Providence Mount Carmel Hospital (Colville, WA)",49,84,-0.0028,0.0446
501327,Whitman Hospital & Medical Center,Colfax,WA,Washington,Critical access hospital (small rural),Government,Rural,25.0,2023,0.0205,1167420.0,57071379.0,0,Made money,0,"Whitman Hospital & Medical Center (Colfax, WA)",31,84,-0.0028,0.0446
501328,Mid-Valley Hospital,Omak,WA,Washington,Critical access hospital (small rural),Government,Rural,25.0,2023,-0.0051,-233993.0,46302419.0,2,2 years,2,"Mid-Valley Hospital (Omak, WA)",46,84,-0.0028,0.0446
501329,United General Medical Center,Sedro Woolley,WA,Washington,Critical access hospital (small rural),Nonprofit,Urban,25.0,2023,-0.0357,-3119692.0,87492255.0,2,2 years,2,"United General Medical Center (Sedro Woolley, WA)",60,84,-0.0028,0.0446
501330,Astria Sunnyside Hospital,Sunnyside,WA,Washington,Critical access hospital (small rural),Nonprofit,Urban,25.0,2023,0.0889,10499841.0,118119028.0,0,Made money,0,"Astria Sunnyside Hospital (Sunnyside, WA)",11,84,-0.0028,0.0446
501331,Pullman Regional Hospital,Pullman,WA,Washington,Critical access hospital (small rural),Government,Rural,25.0,2023,0.0083,962834.0,116045697.0,0,Made money,0,"Pullman Regional Hospital (Pullman, WA)",38,84,-0.0028,0.0446
501332,Tri-State Memorial Hospital,Clarkston,WA,Washington,Critical access hospital (small rural),Nonprofit,Urban,25.0,2023,0.0529,6473664.0,122464156.0,0,Made money,0,"Tri-State Memorial Hospital (Clarkston, WA)",19,84,-0.0028,0.0446
501333,Kittitas Valley Community Hospital,Ellensburg,WA,Washington,Critical access hospital (small rural),Government,Rural,25.0,2023,0.0391,5246430.0,134056260.0,0,Made money,0,"Kittitas Valley Community Hospital (Ellensburg, WA)",25,84,-0.0028,0.0446
501334,Lake Chelan Community Hospital,Chelan,WA,Washington,Critical access hospital (small rural),Government,Urban,22.0,2023,0.0478,1868527.0,39072168.0,0,Made money,0,"Lake Chelan Community Hospital (Chelan, WA)",24,84,-0.0028,0.0446
501335,Enumclaw Regional Hospital Dba Seh,Enumclaw,WA,Washington,Critical access hospital (small rural),Nonprofit,Urban,25.0,2023,0.2519,20986558.0,83329484.0,0,Made money,0,"Enumclaw Regional Hospital Dba Seh (Enumclaw, WA)",2,84,-0.0028,0.0446
501336,Mason General Hospital,Shelton,WA,Washington,Critical access hospital (small rural),Government,Rural,25.0,2023,0.075,11381386.0,151694463.0,0,Made money,0,"Mason General Hospital (Shelton, WA)",14,84,-0.0028,0.0446
501337,Lourdes Medical Center,Pasco,WA,Washington,Critical access hospital (small rural),For-profit,Urban,25.0,2023,-0.0514,-6043664.0,117620107.0,3,3-4 years,3,"Lourdes Medical Center (Pasco, WA)",63,84,-0.0028,0.0446
501338,Snoqualmie Valley Hospital,Snoqualmie,WA,Washington,Critical access hospital (small rural),Government,Urban,25.0,2023,0.0485,2739966.0,56451657.0,0,Made money,0,"Snoqualmie Valley Hospital (Snoqualmie, WA)",23,84,-0.0028,0.0446
501339,Whidbey General Hospital,Coupeville,WA,Washington,Critical access hospital (small rural),Government,Rural,25.0,2023,-0.0298,-3998131.0,134350035.0,2,2 years,2,"Whidbey General Hospital (Coupeville, WA)",59,84,-0.0028,0.0446
501340,Peace Island Medical Center,Friday Harbor,WA,Washington,Critical access hospital (small rural),Nonprofit,Rural,10.0,2023,0.0541,1696038.0,31336087.0,0,Made money,0,"Peace Island Medical Center (Friday Harbor, WA)",18,84,-0.0028,0.0446
510001,West Virginia University Hospitals,Morgantown,WV,West Virginia,General hospital,Nonprofit,Urban,716.0,2023,0.0357,74080086.0,2076959627.0,0,Made money,0,"West Virginia University Hospitals (Morgantown, WV)",20,42,0.0304,0.0446
510002,Greenbrier Valley Medical Center,Ronceverte,WV,West Virginia,General hospital,Nonprofit,Rural,66.0,2023,-0.1791,-15755734.0,87950778.0,1,1 year,1,"Greenbrier Valley Medical Center (Ronceverte, WV)",40,42,0.0304,0.0446
510006,United Hospital Center,Bridgeport,WV,West Virginia,General hospital,Nonprofit,Rural,232.0,2023,0.1641,105450000.0,642670006.0,0,Made money,0,"United Hospital Center (Bridgeport, WV)",5,42,0.0304,0.0446
510007,St. Marys Medical Center  Inc.,Huntington,WV,West Virginia,General hospital,Nonprofit,Urban,362.0,2023,-0.0243,-13810427.0,567361570.0,2,2 years,2,"St. Marys Medical Center  Inc. (Huntington, WV)",32,42,0.0304,0.0446
510008,City Hospital Inc.,Martinsburg,WV,West Virginia,General hospital,Nonprofit,Urban,161.0,2023,0.0566,20553181.0,363055509.0,0,Made money,0,"City Hospital Inc. (Martinsburg, WV)",15,42,0.0304,0.0446
510012,Pleasant Valley Hospital,Point Pleasant,WV,West Virginia,General hospital,Nonprofit,Rural,43.0,2023,-0.0734,-4067537.0,55379065.0,2,2 years,2,"Pleasant Valley Hospital (Point Pleasant, WV)",37,42,0.0304,0.0446
510013,Reynolds Memorial Hospital,Glen Dale,WV,West Virginia,General hospital,Nonprofit,Urban,94.0,2023,0.0518,7472006.0,144278614.0,0,Made money,0,"Reynolds Memorial Hospital (Glen Dale, WV)",16,42,0.0304,0.0446
510022,Charleston Area Medical Center  Inc.,Charleston,WV,West Virginia,General hospital,Nonprofit,Urban,826.0,2022,-0.0143,-19666937.0,1375332000.0,1,1 year,1,"Charleston Area Medical Center  Inc. (Charleston, WV)",3,4,0.0304,0.0446
510023,Weirton Medical Center,Weirton,WV,West Virginia,General hospital,Nonprofit,Urban,127.0,2023,0.0984,19167077.0,194846478.0,0,Made money,0,"Weirton Medical Center (Weirton, WV)",9,42,0.0304,0.0446
510024,Monongalia General Hospital,Morgantown,WV,West Virginia,General hospital,Nonprofit,Urban,160.0,2023,0.0927,35085604.0,378479175.0,0,Made money,0,"Monongalia General Hospital (Morgantown, WV)",10,42,0.0304,0.0446
510029,Thomas Memorial Hospital,South Charleston,WV,West Virginia,General hospital,Nonprofit,Urban,168.0,2023,0.3053,83819146.0,274537981.0,0,Made money,0,"Thomas Memorial Hospital (South Charleston, WV)",1,42,0.0304,0.0446
510030,Davis Memorial Hospital,Elkins,WV,West Virginia,General hospital,Nonprofit,Rural,90.0,2023,-0.2565,-26607800.0,103744259.0,2,2 years,2,"Davis Memorial Hospital (Elkins, WV)",41,42,0.0304,0.0446
510031,St Francis Hospital,Charleston,WV,West Virginia,General hospital,Nonprofit,Urban,40.0,2023,0.2976,17071981.0,57363410.0,0,Made money,0,"St Francis Hospital (Charleston, WV)",2,42,0.0304,0.0446
510038,Stonewall Jackson Memorial Hospital,Weston,WV,West Virginia,General hospital,Nonprofit,Rural,49.0,2023,-0.0094,-498443.0,53247967.0,1,1 year,1,"Stonewall Jackson Memorial Hospital (Weston, WV)",30,42,0.0304,0.0446
510046,Princeton Community Hospital,Princeton,WV,West Virginia,General hospital,Nonprofit,Rural,124.0,2023,0.0087,2548146.0,291504900.0,0,Made money,0,"Princeton Community Hospital (Princeton, WV)",26,42,0.0304,0.0446
510048,Logan Regional Medical Center,Logan,WV,West Virginia,General hospital,For-profit,Rural,132.0,2023,-0.0523,-5967642.0,114064846.0,1,1 year,1,"Logan Regional Medical Center (Logan, WV)",34,42,0.0304,0.0446
510050,Wheeling Hospital,Wheeling,WV,West Virginia,General hospital,Nonprofit,Urban,189.0,2023,0.0141,6880912.0,486983163.0,0,Made money,0,"Wheeling Hospital (Wheeling, WV)",25,42,0.0304,0.0446
510055,Cabell Huntington Hospital,Huntington,WV,West Virginia,General hospital,Nonprofit,Urban,335.0,2023,0.0818,69153983.0,845297646.0,0,Made money,0,"Cabell Huntington Hospital (Huntington, WV)",12,42,0.0304,0.0446
510058,Camden-Clark Memorial Hospital,Parkersburg,WV,West Virginia,General hospital,Nonprofit,Urban,251.0,2023,0.0269,12094026.0,449463711.0,0,Made money,0,"Camden-Clark Memorial Hospital (Parkersburg, WV)",22,42,0.0304,0.0446
510062,Beckley Arh,Beckley,WV,West Virginia,General hospital,Nonprofit,Urban,57.0,2023,0.0056,776156.0,137633604.0,0,Made money,0,"Beckley Arh (Beckley, WV)",28,42,0.0304,0.0446
510070,Raleigh General Hospital,Beckley,WV,West Virginia,General hospital,For-profit,Urban,300.0,2023,-0.0398,-7833052.0,196957909.0,3,3-4 years,3,"Raleigh General Hospital (Beckley, WV)",33,42,0.0304,0.0446
510072,Wetzel County Hospital,New Martinsville,WV,West Virginia,General hospital,Government,Rural,25.0,2023,0.0679,2544414.0,37470395.0,0,Made money,0,"Wetzel County Hospital (New Martinsville, WV)",14,42,0.0304,0.0446
510086,Welch Community Hospital,Welch,WV,West Virginia,General hospital,Government,Rural,49.0,2022,-0.3394,-8979972.0,26459138.0,1,1 year,1,"Welch Community Hospital (Welch, WV)",4,4,0.0304,0.0446
510091,Charleston Surgical Hospital,Charleton,WV,West Virginia,General hospital,For-profit,Urban,7.0,2023,0.1997,6840672.0,34258118.0,0,Made money,0,"Charleston Surgical Hospital (Charleton, WV)",3,42,0.0304,0.0446
510093,Mon Health Marion Neighborhood Hospi,White Hall,WV,West Virginia,General hospital,Nonprofit,Rural,10.0,2023,-0.0814,-732473.0,9003681.0,1,1 year,1,"Mon Health Marion Neighborhood Hospi (White Hall, WV)",38,42,0.0304,0.0446
511300,Broaddus Hospital Association,Philippi,WV,West Virginia,Critical access hospital (small rural),Nonprofit,Rural,12.0,2023,-0.0153,-344516.0,22455124.0,2,2 years,2,"Broaddus Hospital Association (Philippi, WV)",31,42,0.0304,0.0446
511301,Webster Memorial Hospital,Webster Springs,WV,West Virginia,Critical access hospital (small rural),Nonprofit,Rural,25.0,2023,-0.5557,-7166671.0,12897018.0,2,2 years,2,"Webster Memorial Hospital (Webster Springs, WV)",42,42,0.0304,0.0446
511303,Minnie Hamilton Health Care Center,Grantsville,WV,West Virginia,Critical access hospital (small rural),Nonprofit,Rural,25.0,2023,0.0382,1212122.0,31744934.0,0,Made money,0,"Minnie Hamilton Health Care Center (Grantsville, WV)",19,42,0.0304,0.0446
511304,Sistersville General Hospital,Sistersville,WV,West Virginia,Critical access hospital (small rural),Nonprofit,Rural,6.0,2023,0.047,935134.0,19912054.0,0,Made money,0,"Sistersville General Hospital (Sistersville, WV)",17,42,0.0304,0.0446
511306,Roane General Hospital,Spencer,WV,West Virginia,Critical access hospital (small rural),Nonprofit,Rural,25.0,2023,0.0065,387471.0,59883181.0,0,Made money,0,"Roane General Hospital (Spencer, WV)",27,42,0.0304,0.0446
511307,Grafton City Hospital,Grafton,WV,West Virginia,Critical access hospital (small rural),Government,Rural,25.0,2023,-0.0967,-1503693.0,15556957.0,5,5+ years,4,"Grafton City Hospital (Grafton, WV)",39,42,0.0304,0.0446
511308,Braxton County Memorial Hospital,Gassaway,WV,West Virginia,Critical access hospital (small rural),Nonprofit,Rural,25.0,2023,0.0447,1227228.0,27450216.0,0,Made money,0,"Braxton County Memorial Hospital (Gassaway, WV)",18,42,0.0304,0.0446
511309,War Memorial Hospital,Berkeley Springs,WV,West Virginia,Critical access hospital (small rural),Nonprofit,Urban,25.0,2023,0.081,2925425.0,36099048.0,0,Made money,0,"War Memorial Hospital (Berkeley Springs, WV)",13,42,0.0304,0.0446
511310,Summers County Arh,Hinton,WV,West Virginia,Critical access hospital (small rural),Nonprofit,Rural,25.0,2023,0.0245,556668.0,22728818.0,0,Made money,0,"Summers County Arh (Hinton, WV)",23,42,0.0304,0.0446
511311,Hampshire Memorial Hospital,Romney,WV,West Virginia,Critical access hospital (small rural),Nonprofit,Urban,14.0,2023,0.0841,3263768.0,38814052.0,0,Made money,0,"Hampshire Memorial Hospital (Romney, WV)",11,42,0.0304,0.0446
511312,Preston Memorial Hospital,Kingwood,WV,West Virginia,Critical access hospital (small rural),Nonprofit,Urban,25.0,2023,0.0211,1140398.0,54076086.0,0,Made money,0,"Preston Memorial Hospital (Kingwood, WV)",24,42,0.0304,0.0446
511313,Boone Memorial Hospital,Madison,WV,West Virginia,Critical access hospital (small rural),Nonprofit,Urban,25.0,2023,0.034,2946226.0,86555994.0,0,Made money,0,"Boone Memorial Hospital (Madison, WV)",21,42,0.0304,0.0446
511314,Pocahontas Memorial Hospital,Buckeye,WV,West Virginia,Critical access hospital (small rural),Government,Rural,25.0,2023,-0.0655,-1450150.0,22155161.0,2,2 years,2,"Pocahontas Memorial Hospital (Buckeye, WV)",35,42,0.0304,0.0446
511315,Potomac Valley Hospital,Keyser,WV,West Virginia,Critical access hospital (small rural),Nonprofit,Urban,25.0,2023,0.0988,8225000.0,83244747.0,0,Made money,0,"Potomac Valley Hospital (Keyser, WV)",8,42,0.0304,0.0446
511316,Grant Memorial Hospital,Petersburg,WV,West Virginia,Critical access hospital (small rural),Nonprofit,Rural,25.0,2022,-0.0056,-273624.0,48900596.0,2,2 years,2,"Grant Memorial Hospital (Petersburg, WV)",2,4,0.0304,0.0446
511317,Plateau Medical Center,Oak Hill,WV,West Virginia,Critical access hospital (small rural),Nonprofit,Urban,25.0,2022,0.4138,19079769.0,46105407.0,0,Made money,0,"Plateau Medical Center (Oak Hill, WV)",1,4,0.0304,0.0446
511318,Montgomery General Hospital,Montgomery,WV,West Virginia,Critical access hospital (small rural),Nonprofit,Urban,25.0,2023,0.0,64.0,33487360.0,0,Made money,0,"Montgomery General Hospital (Montgomery, WV)",29,42,0.0304,0.0446
511319,Jefferson Memorial Hospital,Ranson,WV,West Virginia,Critical access hospital (small rural),Nonprofit,Urban,25.0,2023,0.1362,12733248.0,93465883.0,0,Made money,0,"Jefferson Memorial Hospital (Ranson, WV)",6,42,0.0304,0.0446
511320,Jackson General Hospital,Ripley,WV,West Virginia,Critical access hospital (small rural),Nonprofit,Urban,25.0,2023,0.1154,5816925.0,50395719.0,0,Made money,0,"Jackson General Hospital (Ripley, WV)",7,42,0.0304,0.0446
511321,St. Josephs Hospital Of Buckhannon,Buckhannon,WV,West Virginia,Critical access hospital (small rural),Nonprofit,Rural,25.0,2023,0.1682,20631271.0,122652259.0,0,Made money,0,"St. Josephs Hospital Of Buckhannon (Buckhannon, WV)",4,42,0.0304,0.0446
511322,Summersville Regional Med Center,Summersville,WV,West Virginia,Critical access hospital (small rural),Nonprofit,Rural,25.0,2023,-0.0685,-4403212.0,64248091.0,1,1 year,1,"Summersville Regional Med Center (Summersville, WV)",36,42,0.0304,0.0446
520002,Aspirus Stevens Point Hospital,Stevens Point,WI,Wisconsin,General hospital,Nonprofit,Rural,82.0,2022,0.2944,59793977.0,203096614.0,0,Made money,0,"Aspirus Stevens Point Hospital (Stevens Point, WI)",1,13,0.0882,0.0446
520004,Mchs Franciscan Healthcare  Inc,La Crosse,WI,Wisconsin,General hospital,Nonprofit,Urban,99.0,2023,0.0482,22730986.0,471699494.0,0,Made money,0,"Mchs Franciscan Healthcare  Inc (La Crosse, WI)",71,108,0.0882,0.0446
520008,Waukesha Memorial Hospital,Waukesha,WI,Wisconsin,General hospital,Nonprofit,Urban,265.0,2023,0.0393,22002095.0,559972397.0,0,Made money,0,"Waukesha Memorial Hospital (Waukesha, WI)",72,108,0.0882,0.0446
520009,Ascension Ne Wisconsin-St. Elizabeth,Appleton,WI,Wisconsin,General hospital,Nonprofit,Urban,287.0,2023,-0.0049,-1783586.0,361891729.0,1,1 year,1,"Ascension Ne Wisconsin-St. Elizabeth (Appleton, WI)",86,108,0.0882,0.0446
520011,Lakeview Medical Center Of Rice Lake,Rice Lake,WI,Wisconsin,General hospital,Nonprofit,Rural,40.0,2023,0.0327,5019206.0,153485455.0,0,Made money,0,"Lakeview Medical Center Of Rice Lake (Rice Lake, WI)",77,108,0.0882,0.0446
520013,Sacred Heart Hospital,Eau Claire,WI,Wisconsin,General hospital,Nonprofit,Urban,156.0,2022,0.072,18103188.0,251542319.0,0,Made money,0,"Sacred Heart Hospital (Eau Claire, WI)",7,13,0.0882,0.0446
520017,St. Josephs Hospital,Chippewa Falls,WI,Wisconsin,General hospital,Nonprofit,Urban,102.0,2022,0.141,6535538.0,46343590.0,0,Made money,0,"St. Josephs Hospital (Chippewa Falls, WI)",3,13,0.0882,0.0446
520019,Aspirus Rhinelander Hospital,Rhinelander,WI,Wisconsin,General hospital,Nonprofit,Rural,42.0,2023,0.0107,2988830.0,278130792.0,0,Made money,0,"Aspirus Rhinelander Hospital (Rhinelander, WI)",80,108,0.0882,0.0446
520021,Froedtert South,Kenosha,WI,Wisconsin,General hospital,Nonprofit,Urban,151.0,2023,0.0859,36565754.0,425680474.0,0,Made money,0,"Froedtert South (Kenosha, WI)",57,108,0.0882,0.0446
520028,Monroe Clinic,Monroe,WI,Wisconsin,General hospital,Nonprofit,Urban,58.0,2023,0.0901,20603658.0,228571807.0,0,Made money,0,"Monroe Clinic (Monroe, WI)",53,108,0.0882,0.0446
520030,Aspirus Wausau Hospital,Wausau,WI,Wisconsin,General hospital,Nonprofit,Urban,239.0,2023,0.086,61726852.0,718071262.0,0,Made money,0,"Aspirus Wausau Hospital (Wausau, WI)",56,108,0.0882,0.0446
520033,Aspirus Riverview Hospital & Clinics,Wisconsin Rapids,WI,Wisconsin,General hospital,Nonprofit,Rural,44.0,2022,0.1744,29612648.0,169793872.0,0,Made money,0,"Aspirus Riverview Hospital & Clinics (Wisconsin Rapids, WI)",2,13,0.0882,0.0446
520034,Aurora Med Ctr Of Manitowoc County,Two Rivers,WI,Wisconsin,General hospital,Nonprofit,Rural,63.0,2023,0.248,25244764.0,101802545.0,0,Made money,0,"Aurora Med Ctr Of Manitowoc County (Two Rivers, WI)",6,108,0.0882,0.0446
520035,Aurora Medical Ctr Sheboygan County,Sheboygan,WI,Wisconsin,General hospital,Nonprofit,Urban,125.0,2023,0.1866,49379113.0,264612145.0,0,Made money,0,"Aurora Medical Ctr Sheboygan County (Sheboygan, WI)",22,108,0.0882,0.0446
520037,Marshfield Medical Center,Marshfield,WI,Wisconsin,General hospital,Nonprofit,Rural,215.0,2023,-0.0629,-49370066.0,784706139.0,2,2 years,2,"Marshfield Medical Center (Marshfield, WI)",96,108,0.0882,0.0446
520038,Aurora Medical Center - Hartford,Hartford,WI,Wisconsin,General hospital,Nonprofit,Urban,35.0,2023,0.2329,18995245.0,81564541.0,0,Made money,0,"Aurora Medical Center - Hartford (Hartford, WI)",12,108,0.0882,0.0446
520041,Divine Savior Hospital,Portage,WI,Wisconsin,General hospital,Nonprofit,Urban,43.0,2021,-0.9168,-46648889.0,50880564.0,3,3-4 years,3,"Divine Savior Hospital (Portage, WI)",4,4,0.0882,0.0446
520044,St. Nicholas Hospital,Sheboygan,WI,Wisconsin,General hospital,Nonprofit,Urban,48.0,2023,-0.0624,-7287170.0,116699427.0,3,3-4 years,3,"St. Nicholas Hospital (Sheboygan, WI)",94,108,0.0882,0.0446
520045,Thedacare Regional Medical Center -,Neenah,WI,Wisconsin,General hospital,Nonprofit,Urban,147.0,2023,0.0955,24164086.0,253154566.0,0,Made money,0,"Thedacare Regional Medical Center - (Neenah, WI)",48,108,0.0882,0.0446
520049,Bellin Memorial Hospital,Green Bay,WI,Wisconsin,General hospital,Nonprofit,Urban,194.0,2023,0.0485,35410508.0,730144989.0,0,Made money,0,"Bellin Memorial Hospital (Green Bay, WI)",69,108,0.0882,0.0446
520051,Ascension Columbia St Marys Milwauke,Milwaukee,WI,Wisconsin,General hospital,Nonprofit,Urban,374.0,2023,-0.1271,-70795064.0,557101268.0,11,5+ years,4,"Ascension Columbia St Marys Milwauke (Milwaukee, WI)",103,108,0.0882,0.0446
520057,St. Clare Hospital,Baraboo,WI,Wisconsin,General hospital,Nonprofit,Rural,43.0,2023,0.2361,19836796.0,84003707.0,0,Made money,0,"St. Clare Hospital (Baraboo, WI)",8,108,0.0882,0.0446
520059,Memorial Hospital Of Burlington,Burlington,WI,Wisconsin,General hospital,Nonprofit,Urban,33.0,2023,0.2229,30058422.0,134866567.0,0,Made money,0,"Memorial Hospital Of Burlington (Burlington, WI)",16,108,0.0882,0.0446
520062,Oconomowoc Memorial Hospital,Oconomowoc,WI,Wisconsin,General hospital,Nonprofit,Urban,63.0,2023,0.0193,2477182.0,128367728.0,0,Made money,0,"Oconomowoc Memorial Hospital (Oconomowoc, WI)",78,108,0.0882,0.0446
520063,St. Josephs Comm. Hospt.,West Bend,WI,Wisconsin,General hospital,Nonprofit,Urban,70.0,2023,-0.034,-5083741.0,149409524.0,1,1 year,1,"St. Josephs Comm. Hospt. (West Bend, WI)",90,108,0.0882,0.0446
520066,Mercy Health System Corporation,Janesville,WI,Wisconsin,General hospital,Nonprofit,Urban,182.0,2021,0.0701,43962335.0,627137103.0,0,Made money,0,"Mercy Health System Corporation (Janesville, WI)",2,4,0.0882,0.0446
520070,Mchs Eau Claire Hospital,Eau Claire,WI,Wisconsin,General hospital,Nonprofit,Urban,186.0,2023,0.0662,53851211.0,813024941.0,0,Made money,0,"Mchs Eau Claire Hospital (Eau Claire, WI)",63,108,0.0882,0.0446
520071,Fort Atkinson Memorial Hospital,Fort Atkinson,WI,Wisconsin,General hospital,Nonprofit,Rural,49.0,2023,0.107,16315226.0,152519869.0,0,Made money,0,"Fort Atkinson Memorial Hospital (Fort Atkinson, WI)",44,108,0.0882,0.0446
520075,St. Vincent Hospital,Green Bay,WI,Wisconsin,General hospital,Nonprofit,Urban,213.0,2023,0.0676,49829817.0,736635876.0,0,Made money,0,"St. Vincent Hospital (Green Bay, WI)",62,108,0.0882,0.0446
520076,Beaver Dam Community Hospitals,Beaver Dam,WI,Wisconsin,General hospital,Nonprofit,Rural,43.0,2023,-0.2516,-27255441.0,108310066.0,2,2 years,2,"Beaver Dam Community Hospitals (Beaver Dam, WI)",105,108,0.0882,0.0446
520078,Ascension St. Francis Hospital,Milwaukee,WI,Wisconsin,General hospital,Nonprofit,Urban,88.0,2023,-0.0642,-7953555.0,123801214.0,3,3-4 years,3,"Ascension St. Francis Hospital (Milwaukee, WI)",98,108,0.0882,0.0446
520083,St. Marys Hospital,Madison,WI,Wisconsin,General hospital,Nonprofit,Urban,354.0,2023,0.0905,54185822.0,599016556.0,0,Made money,0,"St. Marys Hospital (Madison, WI)",52,108,0.0882,0.0446
520087,Gundersen Lutheran Medical Center  I,La Crosse,WI,Wisconsin,General hospital,Nonprofit,Urban,277.0,2021,-0.5124,-399232300.0,779176095.0,1,1 year,1,"Gundersen Lutheran Medical Center  I (La Crosse, WI)",3,4,0.0882,0.0446
520088,St. Agnes Hospital,Fond Du Lac,WI,Wisconsin,General hospital,Nonprofit,Urban,79.0,2023,0.2233,81869233.0,366714351.0,0,Made money,0,"St. Agnes Hospital (Fond Du Lac, WI)",15,108,0.0882,0.0446
520089,Meriter Hospital  Inc.,Madison,WI,Wisconsin,General hospital,Nonprofit,Urban,332.0,2023,0.1039,68344081.0,657781769.0,0,Made money,0,"Meriter Hospital  Inc. (Madison, WI)",46,108,0.0882,0.0446
520091,Howard Young Medical Center,Woodruff,WI,Wisconsin,General hospital,Nonprofit,Rural,42.0,2022,0.0114,425186.0,37394400.0,0,Made money,0,"Howard Young Medical Center (Woodruff, WI)",11,13,0.0882,0.0446
520095,Sauk Prairie Memorial Hospital,Prairie Du Sac,WI,Wisconsin,General hospital,Nonprofit,Rural,36.0,2023,0.0576,7210258.0,125120508.0,0,Made money,0,"Sauk Prairie Memorial Hospital (Prairie Du Sac, WI)",67,108,0.0882,0.0446
520096,Wheaton Franciscan Healthcare - All,Racine,WI,Wisconsin,General hospital,Nonprofit,Urban,269.0,2023,-0.0693,-21322236.0,307636972.0,2,2 years,2,"Wheaton Franciscan Healthcare - All (Racine, WI)",99,108,0.0882,0.0446
520097,St. Marys Hospital Medical Center,Green Bay,WI,Wisconsin,General hospital,Nonprofit,Urban,83.0,2023,0.0026,368041.0,139538731.0,0,Made money,0,"St. Marys Hospital Medical Center (Green Bay, WI)",84,108,0.0882,0.0446
520098,University Of Wi Hospitals & Clinics,Madison,WI,Wisconsin,General hospital,Government,Urban,671.0,2023,0.0941,303287650.0,3222448122.0,0,Made money,0,"University Of Wi Hospitals & Clinics (Madison, WI)",49,108,0.0882,0.0446
520100,Beloit Memorial Hospital  Inc.,Beloit,WI,Wisconsin,General hospital,Nonprofit,Urban,97.0,2023,-0.0794,-22644059.0,285353975.0,2,2 years,2,"Beloit Memorial Hospital  Inc. (Beloit, WI)",100,108,0.0882,0.0446
520102,Aurora Lakeland Medical Center,Elkhorn,WI,Wisconsin,General hospital,Nonprofit,Rural,62.0,2023,0.1734,15347679.0,88527266.0,0,Made money,0,"Aurora Lakeland Medical Center (Elkhorn, WI)",26,108,0.0882,0.0446
520103,Community Memorial Hospital,Menomonee Falls,WI,Wisconsin,General hospital,Nonprofit,Urban,127.0,2023,-0.0988,-25290909.0,255935153.0,3,3-4 years,3,"Community Memorial Hospital (Menomonee Falls, WI)",101,108,0.0882,0.0446
520107,Holy Family Memorial Inc,Manitowoc,WI,Wisconsin,General hospital,Nonprofit,Rural,45.0,2023,0.9527,2224170590.0,2334633007.0,0,Made money,0,"Holy Family Memorial Inc (Manitowoc, WI)",1,108,0.0882,0.0446
520109,Mile Bluff Medical Center  Inc.,Mauston,WI,Wisconsin,General hospital,Nonprofit,Rural,40.0,2023,0.0081,996179.0,122798094.0,0,Made money,0,"Mile Bluff Medical Center  Inc. (Mauston, WI)",83,108,0.0882,0.0446
520113,Aurora Medical Center - Bay Area,Marinette,WI,Wisconsin,General hospital,Nonprofit,Rural,55.0,2023,-0.1123,-10380239.0,92411522.0,2,2 years,2,"Aurora Medical Center - Bay Area (Marinette, WI)",102,108,0.0882,0.0446
520116,Watertown Regional Medical Center,Watertown,WI,Wisconsin,General hospital,For-profit,Rural,76.0,2023,0.0333,3695363.0,111099875.0,0,Made money,0,"Watertown Regional Medical Center (Watertown, WI)",76,108,0.0882,0.0446
520136,Ascension Se Wisconsin Hospital  Inc,Milwaukee,WI,Wisconsin,General hospital,Nonprofit,Urban,301.0,2023,-0.0524,-20106366.0,383990277.0,1,1 year,1,"Ascension Se Wisconsin Hospital  Inc (Milwaukee, WI)",92,108,0.0882,0.0446
520138,Aurora Health Care Metro  Inc.,Milwaukee,WI,Wisconsin,General hospital,Nonprofit,Urban,932.0,2023,0.1318,277622500.0,2106140480.0,0,Made money,0,"Aurora Health Care Metro  Inc. (Milwaukee, WI)",37,108,0.0882,0.0446
520139,Aurora West Allis Medical Center,West Allis,WI,Wisconsin,General hospital,Nonprofit,Urban,202.0,2023,0.218,71867438.0,329664087.0,0,Made money,0,"Aurora West Allis Medical Center (West Allis, WI)",18,108,0.0882,0.0446
520160,Thedacare Regional Medical Center Ap,Appleton,WI,Wisconsin,General hospital,Nonprofit,Urban,147.0,2023,0.1371,58834497.0,429132234.0,0,Made money,0,"Thedacare Regional Medical Center Ap (Appleton, WI)",33,108,0.0882,0.0446
520177,Froedtert Mem. Lutheran Hospt.,Milwaukee,WI,Wisconsin,General hospital,Nonprofit,Urban,729.0,2023,-0.7318,-1014341731.0,1386033924.0,1,1 year,1,"Froedtert Mem. Lutheran Hospt. (Milwaukee, WI)",108,108,0.0882,0.0446
520189,Aurora Medical Center Kenosha,Kenosha,WI,Wisconsin,General hospital,Nonprofit,Urban,133.0,2023,0.2185,76426583.0,349823347.0,0,Made money,0,"Aurora Medical Center Kenosha (Kenosha, WI)",17,108,0.0882,0.0446
520193,Aurora Baycare Medical Center,Green Bay,WI,Wisconsin,General hospital,For-profit,Urban,185.0,2023,0.2291,135997146.0,593683067.0,0,Made money,0,"Aurora Baycare Medical Center (Green Bay, WI)",13,108,0.0882,0.0446
520194,Orthopaedic Hospital Of Wisconsin,Glendale,WI,Wisconsin,General hospital,Nonprofit,Urban,30.0,2023,0.3493,30688316.0,87858549.0,0,Made money,0,"Orthopaedic Hospital Of Wisconsin (Glendale, WI)",3,108,0.0882,0.0446
520196,Oak Leaf Surgical Hospital Llc,Altoona,WI,Wisconsin,General hospital,For-profit,Urban,13.0,2023,0.3272,37467059.0,114493847.0,0,Made money,0,"Oak Leaf Surgical Hospital Llc (Altoona, WI)",4,108,0.0882,0.0446
520198,Aurora Medical Center Oshkosh,Oshkosh,WI,Wisconsin,General hospital,Nonprofit,Urban,83.0,2023,0.1783,42568756.0,238682254.0,0,Made money,0,"Aurora Medical Center Oshkosh (Oshkosh, WI)",24,108,0.0882,0.0446
520202,Marshfield Medical Center Weston,Weston,WI,Wisconsin,General hospital,Nonprofit,Urban,99.0,2022,-0.1802,-34820968.0,193241540.0,1,1 year,1,"Marshfield Medical Center Weston (Weston, WI)",13,13,0.0882,0.0446
520205,Mosh,Franklin,WI,Wisconsin,General hospital,For-profit,Urban,16.0,2023,0.3726,32855550.0,88174245.0,0,Made money,0,"Mosh (Franklin, WI)",2,108,0.0882,0.0446
520206,Aurora Medical Center - Summit,Summit,WI,Wisconsin,General hospital,Nonprofit,Urban,109.0,2023,0.2037,43600881.0,214094197.0,0,Made money,0,"Aurora Medical Center - Summit (Summit, WI)",19,108,0.0882,0.0446
520207,Aurora Medical Center Grafton,Grafton,WI,Wisconsin,General hospital,Nonprofit,Urban,133.0,2023,0.2272,76017700.0,334526880.0,0,Made money,0,"Aurora Medical Center Grafton (Grafton, WI)",14,108,0.0882,0.0446
520208,St. Marys Janesville Hospital,Janesville,WI,Wisconsin,General hospital,Nonprofit,Urban,50.0,2023,0.2361,20139988.0,85313726.0,0,Made money,0,"St. Marys Janesville Hospital (Janesville, WI)",8,108,0.0882,0.0446
520210,Marshfield Medical Center-Eau Claire,Eau Claire,WI,Wisconsin,General hospital,Nonprofit,Urban,56.0,2023,-0.2764,-55179491.0,199666294.0,4,3-4 years,3,"Marshfield Medical Center-Eau Claire (Eau Claire, WI)",106,108,0.0882,0.0446
520212,Marshfield Medical Center-Minocqua,Minocqua,WI,Wisconsin,General hospital,Nonprofit,Rural,31.0,2023,-0.1791,-22223932.0,124120371.0,2,2 years,2,"Marshfield Medical Center-Minocqua (Minocqua, WI)",104,108,0.0882,0.0446
520213,Froedtert Hlth Neighorhood Hosp Llc,New Berlin,WI,Wisconsin,General hospital,Nonprofit,Urban,16.0,2023,0.2361,9191237.0,38933183.0,0,Made money,0,"Froedtert Hlth Neighorhood Hosp Llc (New Berlin, WI)",8,108,0.0882,0.0446
520214,Ascension Wisconsin Emerus Menomonee,Menomonee Falls,WI,Wisconsin,General hospital,For-profit,Urban,24.0,2023,-0.314,-6052980.0,19278863.0,2,2 years,2,"Ascension Wisconsin Emerus Menomonee (Menomonee Falls, WI)",107,108,0.0882,0.0446
520215,Marshfield Medical Center - River Re,Stevens Point,WI,Wisconsin,General hospital,Nonprofit,Rural,5.0,2023,-0.0143,-736496.0,51390731.0,1,1 year,1,"Marshfield Medical Center - River Re (Stevens Point, WI)",87,108,0.0882,0.0446
521300,Aspirus Eagle River Hospital,Eagle River,WI,Wisconsin,Critical access hospital (small rural),Nonprofit,Rural,14.0,2021,0.1198,2162550.0,18046055.0,0,Made money,0,"Aspirus Eagle River Hospital (Eagle River, WI)",1,4,0.0882,0.0446
521302,Mchs Oakridge,Osseo,WI,Wisconsin,Critical access hospital (small rural),Nonprofit,Rural,18.0,2023,0.0626,2274398.0,36328150.0,0,Made money,0,"Mchs Oakridge (Osseo, WI)",65,108,0.0882,0.0446
521303,Thedacare Med Ctr - Wild Rose,Wild Rose,WI,Wisconsin,Critical access hospital (small rural),Nonprofit,Rural,25.0,2023,0.0637,889578.0,13969959.0,0,Made money,0,"Thedacare Med Ctr - Wild Rose (Wild Rose, WI)",64,108,0.0882,0.0446
521304,St. Josephs Health Services,Hillsboro,WI,Wisconsin,Critical access hospital (small rural),Nonprofit,Rural,25.0,2022,0.1389,5095335.0,36688066.0,0,Made money,0,"St. Josephs Health Services (Hillsboro, WI)",4,13,0.0882,0.0446
521305,Mchs-Franciscan Sparta,Sparta,WI,Wisconsin,Critical access hospital (small rural),Nonprofit,Rural,25.0,2023,0.069,2943467.0,42680949.0,0,Made money,0,"Mchs-Franciscan Sparta (Sparta, WI)",61,108,0.0882,0.0446
521307,Adventhealth Durand,Durand,WI,Wisconsin,Critical access hospital (small rural),Nonprofit,Rural,25.0,2023,0.1188,2351741.0,19795421.0,0,Made money,0,"Adventhealth Durand (Durand, WI)",40,108,0.0882,0.0446
521308,Amery Regional Medical Center,Amery,WI,Wisconsin,Critical access hospital (small rural),Nonprofit,Rural,25.0,2023,0.0561,4492231.0,80139260.0,0,Made money,0,"Amery Regional Medical Center (Amery, WI)",68,108,0.0882,0.0446
521309,Moundview Memorial Hospital,Friendship,WI,Wisconsin,Critical access hospital (small rural),Nonprofit,Rural,25.0,2022,0.03,870728.0,29053600.0,0,Made money,0,"Moundview Memorial Hospital (Friendship, WI)",10,13,0.0882,0.0446
521310,St Clare Memorial Hospital  Inc,Oconto Falls,WI,Wisconsin,Critical access hospital (small rural),Nonprofit,Urban,23.0,2023,0.0361,1480890.0,40992745.0,0,Made money,0,"St Clare Memorial Hospital  Inc (Oconto Falls, WI)",74,108,0.0882,0.0446
521311,Aspirus Stanley Hospital,Stanley,WI,Wisconsin,Critical access hospital (small rural),Nonprofit,Rural,24.0,2023,0.0367,855898.0,23318870.0,0,Made money,0,"Aspirus Stanley Hospital (Stanley, WI)",73,108,0.0882,0.0446
521312,Memorial Hospital Of Lafayette Cty,Darlington,WI,Wisconsin,Critical access hospital (small rural),Government,Rural,25.0,2023,0.1614,6504879.0,40312652.0,0,Made money,0,"Memorial Hospital Of Lafayette Cty (Darlington, WI)",28,108,0.0882,0.0446
521313,Aspirus Tomahawk Hospital,Tomahawk,WI,Wisconsin,Critical access hospital (small rural),Nonprofit,Urban,15.0,2023,-0.0612,-849461.0,13872683.0,2,2 years,2,"Aspirus Tomahawk Hospital (Tomahawk, WI)",93,108,0.0882,0.0446
521314,Mchs-Chippewa Valley,Bloomer,WI,Wisconsin,Critical access hospital (small rural),Nonprofit,Urban,25.0,2023,0.1112,4850094.0,43601232.0,0,Made money,0,"Mchs-Chippewa Valley (Bloomer, WI)",43,108,0.0882,0.0446
521315,Mchs Northland,Barron,WI,Wisconsin,Critical access hospital (small rural),Nonprofit,Rural,25.0,2023,0.1907,18094532.0,94873053.0,0,Made money,0,"Mchs Northland (Barron, WI)",21,108,0.0882,0.0446
521316,Tri-County Memorial Hospital  Inc.,Whitehall,WI,Wisconsin,Critical access hospital (small rural),Nonprofit,Rural,25.0,2022,0.0878,2541750.0,28935481.0,0,Made money,0,"Tri-County Memorial Hospital  Inc. (Whitehall, WI)",6,13,0.0882,0.0446
521317,Ascension Calumet Hospital,Chilton,WI,Wisconsin,Critical access hospital (small rural),Nonprofit,Urban,25.0,2023,0.1633,5470663.0,33497415.0,0,Made money,0,"Ascension Calumet Hospital (Chilton, WI)",27,108,0.0882,0.0446
521318,Ladd Memorial Hosptial,Osceola,WI,Wisconsin,Critical access hospital (small rural),Nonprofit,Rural,25.0,2023,0.1594,9559860.0,59956827.0,0,Made money,0,"Ladd Memorial Hosptial (Osceola, WI)",29,108,0.0882,0.0446
521319,Edgerton Hospital & Health Services,Edgerton,WI,Wisconsin,Critical access hospital (small rural),Nonprofit,Urban,16.0,2023,0.0128,409998.0,32071692.0,0,Made money,0,"Edgerton Hospital & Health Services (Edgerton, WI)",79,108,0.0882,0.0446
521320,Tomah Memorial Hospital,Tomah,WI,Wisconsin,Critical access hospital (small rural),Nonprofit,Rural,25.0,2023,0.0591,4962650.0,83962775.0,0,Made money,0,"Tomah Memorial Hospital (Tomah, WI)",66,108,0.0882,0.0446
521321,Ripon Medical Center,Ripon,WI,Wisconsin,Critical access hospital (small rural),Nonprofit,Urban,15.0,2023,-0.0172,-562791.0,32698775.0,1,1 year,1,"Ripon Medical Center (Ripon, WI)",89,108,0.0882,0.0446
521322,Grant Regional Health Center  Inc.,Lancaster,WI,Wisconsin,Critical access hospital (small rural),Nonprofit,Rural,25.0,2023,0.0348,1776285.0,51078870.0,0,Made money,0,"Grant Regional Health Center  Inc. (Lancaster, WI)",75,108,0.0882,0.0446
521323,Marshfield Medical Center Neillsvill,Neillsville,WI,Wisconsin,Critical access hospital (small rural),Nonprofit,Rural,16.0,2023,0.009,353769.0,39417797.0,0,Made money,0,"Marshfield Medical Center Neillsvill (Neillsville, WI)",81,108,0.0882,0.0446
521324,Aspirus Medford Hospital And Clinics,Medford,WI,Wisconsin,Critical access hospital (small rural),Nonprofit,Rural,25.0,2023,0.1392,13733116.0,98634224.0,0,Made money,0,"Aspirus Medford Hospital And Clinics (Medford, WI)",32,108,0.0882,0.0446
521325,Flambeau Hospital Mchs,Park Falls,WI,Wisconsin,Critical access hospital (small rural),Nonprofit,Rural,24.0,2023,0.093,3871009.0,41617135.0,0,Made money,0,"Flambeau Hospital Mchs (Park Falls, WI)",50,108,0.0882,0.0446
521326,Thedacare Medical Center-New London,New London,WI,Wisconsin,Critical access hospital (small rural),Nonprofit,Urban,25.0,2023,0.1352,5221222.0,38605892.0,0,Made money,0,"Thedacare Medical Center-New London (New London, WI)",34,108,0.0882,0.0446
521327,Waupun Memorial Hospital,Waupun,WI,Wisconsin,Critical access hospital (small rural),Nonprofit,Rural,25.0,2023,0.1763,10582529.0,60020025.0,0,Made money,0,"Waupun Memorial Hospital (Waupun, WI)",25,108,0.0882,0.0446
521328,Marshfield Medical Center-Ladysmith,Ladysmith,WI,Wisconsin,Critical access hospital (small rural),Nonprofit,Rural,25.0,2023,-0.064,-2183608.0,34138081.0,1,1 year,1,"Marshfield Medical Center-Ladysmith (Ladysmith, WI)",97,108,0.0882,0.0446
521329,St Marys Hospital Superior,Superior,WI,Wisconsin,Critical access hospital (small rural),Nonprofit,Urban,16.0,2023,0.2372,26062927.0,109880890.0,0,Made money,0,"St Marys Hospital Superior (Superior, WI)",7,108,0.0882,0.0446
521330,Prairie Du Chien Memorial Hospital,Prairie Du Chien,WI,Wisconsin,Critical access hospital (small rural),Nonprofit,Rural,24.0,2023,0.0797,5718792.0,71772682.0,0,Made money,0,"Prairie Du Chien Memorial Hospital (Prairie Du Chien, WI)",59,108,0.0882,0.0446
521331,Burnett Medical Center  Inc,Grantsburg,WI,Wisconsin,Critical access hospital (small rural),Nonprofit,Rural,25.0,2023,0.0083,219788.0,26356427.0,0,Made money,0,"Burnett Medical Center  Inc (Grantsburg, WI)",82,108,0.0882,0.0446
521332,Spooner Health System,Spooner,WI,Wisconsin,Critical access hospital (small rural),Nonprofit,Rural,20.0,2023,0.1154,3985022.0,34530213.0,0,Made money,0,"Spooner Health System (Spooner, WI)",41,108,0.0882,0.0446
521333,Black River Memorial Hospital,Black River Falls,WI,Wisconsin,Critical access hospital (small rural),Nonprofit,Rural,25.0,2023,0.1562,11948849.0,76507566.0,0,Made money,0,"Black River Memorial Hospital (Black River Falls, WI)",30,108,0.0882,0.0446
521334,Thedacare Medical Center - Waupaca,Waupaca,WI,Wisconsin,Critical access hospital (small rural),Nonprofit,Rural,25.0,2023,0.1933,11222713.0,58056247.0,0,Made money,0,"Thedacare Medical Center - Waupaca (Waupaca, WI)",20,108,0.0882,0.0446
521335,Hudson Hospital,Hudson,WI,Wisconsin,Critical access hospital (small rural),Nonprofit,Urban,25.0,2023,0.1297,10853090.0,83684365.0,0,Made money,0,"Hudson Hospital (Hudson, WI)",38,108,0.0882,0.0446
521336,Tamarack Health Hayward Med Ctr,Hayward,WI,Wisconsin,Critical access hospital (small rural),Nonprofit,Rural,25.0,2023,0.0925,8021706.0,86688126.0,0,Made money,0,"Tamarack Health Hayward Med Ctr (Hayward, WI)",51,108,0.0882,0.0446
521337,St Croix Regional Medical Center,St Croix Falls,WI,Wisconsin,Critical access hospital (small rural),Nonprofit,Rural,25.0,2022,-0.055,-7756524.0,141047295.0,1,1 year,1,"St Croix Regional Medical Center (St Croix Falls, WI)",12,13,0.0882,0.0446
521338,Prairie Ridge Health  Inc.,Columbus,WI,Wisconsin,Critical access hospital (small rural),Nonprofit,Urban,25.0,2023,0.1115,8384490.0,75214623.0,0,Made money,0,"Prairie Ridge Health  Inc. (Columbus, WI)",42,108,0.0882,0.0446
521339,Aspirus Merrill Hospital,Merrill,WI,Wisconsin,Critical access hospital (small rural),Nonprofit,Urban,12.0,2022,0.1365,3674454.0,26919944.0,0,Made money,0,"Aspirus Merrill Hospital (Merrill, WI)",5,13,0.0882,0.0446
521340,Mchs-Red Cedar,Menomonie,WI,Wisconsin,Critical access hospital (small rural),Nonprofit,Rural,25.0,2023,0.2355,31361176.0,133183791.0,0,Made money,0,"Mchs-Red Cedar (Menomonie, WI)",11,108,0.0882,0.0446
521341,The Richland Hospital  Inc,Richland Center,WI,Wisconsin,Critical access hospital (small rural),Nonprofit,Rural,25.0,2023,-0.004,-301434.0,75310097.0,1,1 year,1,"The Richland Hospital  Inc (Richland Center, WI)",85,108,0.0882,0.0446
521342,Indianhead Medical Center,Shell Lake,WI,Wisconsin,Critical access hospital (small rural),Nonprofit,Rural,25.0,2023,-0.0627,-815396.0,13000615.0,1,1 year,1,"Indianhead Medical Center (Shell Lake, WI)",95,108,0.0882,0.0446
521343,Stoughton Hospital Association,Stoughton,WI,Wisconsin,Critical access hospital (small rural),Nonprofit,Urban,20.0,2023,0.1841,12999701.0,70619456.0,0,Made money,0,"Stoughton Hospital Association (Stoughton, WI)",23,108,0.0882,0.0446
521344,Memorial Hospital Of Boscobel,Boscobel,WI,Wisconsin,Critical access hospital (small rural),Nonprofit,Rural,25.0,2022,0.0498,1401277.0,28134885.0,0,Made money,0,"Memorial Hospital Of Boscobel (Boscobel, WI)",9,13,0.0882,0.0446
521345,Westfields Hospital,New Richmond,WI,Wisconsin,Critical access hospital (small rural),Nonprofit,Urban,25.0,2023,0.0777,7530711.0,96907880.0,0,Made money,0,"Westfields Hospital (New Richmond, WI)",60,108,0.0882,0.0446
521346,Thedacare Medical Center - Shawano,Shawano,WI,Wisconsin,Critical access hospital (small rural),Nonprofit,Rural,23.0,2023,0.1266,11678916.0,92224931.0,0,Made money,0,"Thedacare Medical Center - Shawano (Shawano, WI)",39,108,0.0882,0.0446
521347,Western Wisconsin Health,Baldwin,WI,Wisconsin,Critical access hospital (small rural),Nonprofit,Urban,25.0,2023,0.0886,6316415.0,71275164.0,0,Made money,0,"Western Wisconsin Health (Baldwin, WI)",54,108,0.0882,0.0446
521348,Vernon Memorial Hospital,Viroqua,WI,Wisconsin,Critical access hospital (small rural),Nonprofit,Rural,18.0,2023,0.1048,9372987.0,89430795.0,0,Made money,0,"Vernon Memorial Hospital (Viroqua, WI)",45,108,0.0882,0.0446
521349,River Falls Area Hospital,River Falls,WI,Wisconsin,Critical access hospital (small rural),Nonprofit,Urban,25.0,2023,0.0877,3936232.0,44859625.0,0,Made money,0,"River Falls Area Hospital (River Falls, WI)",55,108,0.0882,0.0446
521350,Aspirus Langlade Hospital,Antigo,WI,Wisconsin,Critical access hospital (small rural),Nonprofit,Rural,25.0,2023,0.278,38335843.0,137918279.0,0,Made money,0,"Aspirus Langlade Hospital (Antigo, WI)",5,108,0.0882,0.0446
521351,Reedsburg Area Medical Center,Reedsburg,WI,Wisconsin,Critical access hospital (small rural),Nonprofit,Rural,25.0,2023,0.0484,5022457.0,103752318.0,0,Made money,0,"Reedsburg Area Medical Center (Reedsburg, WI)",70,108,0.0882,0.0446
521352,Upland Hills Health,Dodgeville,WI,Wisconsin,Critical access hospital (small rural),Nonprofit,Urban,25.0,2023,0.1503,15033318.0,99997377.0,0,Made money,0,"Upland Hills Health (Dodgeville, WI)",31,108,0.0882,0.0446
521353,Cumberland Memorial Hospital,Cumberland,WI,Wisconsin,Critical access hospital (small rural),Nonprofit,Rural,14.0,2023,-0.0167,-586179.0,35041946.0,2,2 years,2,"Cumberland Memorial Hospital (Cumberland, WI)",88,108,0.0882,0.0446
521354,Southwest Health Center,Platteville,WI,Wisconsin,Critical access hospital (small rural),Nonprofit,Rural,25.0,2023,0.1333,15672460.0,117605044.0,0,Made money,0,"Southwest Health Center (Platteville, WI)",35,108,0.0882,0.0446
521355,Thedacare-Berlin,Berlin,WI,Wisconsin,Critical access hospital (small rural),Nonprofit,Rural,25.0,2023,-0.0408,-2287724.0,56123856.0,1,1 year,1,"Thedacare-Berlin (Berlin, WI)",91,108,0.0882,0.0446
521356,Oconto Hospital & Medical Center,Oconto,WI,Wisconsin,Critical access hospital (small rural),Nonprofit,Urban,10.0,2023,0.1001,9090447.0,90789268.0,0,Made money,0,"Oconto Hospital & Medical Center (Oconto, WI)",47,108,0.0882,0.0446
521357,Mercy Walworth Hospital,Lake Geneva,WI,Wisconsin,Critical access hospital (small rural),Nonprofit,Rural,25.0,2022,0.0526,33541768.0,637327870.0,0,Made money,0,"Mercy Walworth Hospital (Lake Geneva, WI)",8,13,0.0882,0.0446
521358,Door County Memorial Hospital,Sturgeon Bay,WI,Wisconsin,Critical access hospital (small rural),Nonprofit,Rural,25.0,2023,0.0829,10267849.0,123825487.0,0,Made money,0,"Door County Memorial Hospital (Sturgeon Bay, WI)",58,108,0.0882,0.0446
521359,Memorial Medical Center  Inc.,Ashland,WI,Wisconsin,Critical access hospital (small rural),Nonprofit,Rural,25.0,2023,0.1324,21401118.0,161603615.0,0,Made money,0,"Memorial Medical Center  Inc. (Ashland, WI)",36,108,0.0882,0.0446
530002,Campbell County Memorial Hospital,Gillette,WY,Wyoming,General hospital,Government,Rural,66.0,2023,-0.0468,-10348819.0,221229402.0,3,3-4 years,3,"Campbell County Memorial Hospital (Gillette, WY)",20,26,0.0166,0.0446
530006,Mem. Hospital Of Sheridan Cty.,Sheridan,WY,Wyoming,General hospital,Government,Rural,88.0,2023,0.0578,9347667.0,161643282.0,0,Made money,0,"Mem. Hospital Of Sheridan Cty. (Sheridan, WY)",10,26,0.0166,0.0446
530008,Sage West Health Care,Riverton,WY,Wyoming,General hospital,For-profit,Rural,133.0,2023,-0.2087,-15424709.0,73909108.0,2,2 years,2,"Sage West Health Care (Riverton, WY)",26,26,0.0166,0.0446
530011,Mem. Hospt. Of Sweetwater County,Rock Springs,WY,Wyoming,General hospital,Government,Rural,58.0,2023,0.0582,7774034.0,133480473.0,0,Made money,0,"Mem. Hospt. Of Sweetwater County (Rock Springs, WY)",9,26,0.0166,0.0446
530012,Wyoming Medical Center,Casper,WY,Wyoming,General hospital,Nonprofit,Urban,249.0,2023,0.0041,1027376.0,250076291.0,0,Made money,0,"Wyoming Medical Center (Casper, WY)",14,26,0.0166,0.0446
530014,Cheyenne Regional Medical Center,Cheyenne,WY,Wyoming,General hospital,Government,Urban,159.0,2023,0.1217,53210119.0,437195721.0,0,Made money,0,"Cheyenne Regional Medical Center (Cheyenne, WY)",3,26,0.0166,0.0446
530015,St. Johns Hospital,Jackson,WY,Wyoming,General hospital,Government,Rural,48.0,2023,0.064,13356997.0,208547874.0,0,Made money,0,"St. Johns Hospital (Jackson, WY)",8,26,0.0166,0.0446
530025,Ivinson Memorial Hospital,Laramie,WY,Wyoming,General hospital,Government,Rural,76.0,2023,0.2654,44242332.0,166687026.0,0,Made money,0,"Ivinson Memorial Hospital (Laramie, WY)",1,26,0.0166,0.0446
530032,Evanston Regional,Evanston,WY,Wyoming,General hospital,For-profit,Rural,32.0,2023,0.0658,2325160.0,35354140.0,0,Made money,0,"Evanston Regional (Evanston, WY)",7,26,0.0166,0.0446
530034,Summit Medical Center  Llc,Casper,WY,Wyoming,General hospital,For-profit,Urban,16.0,2023,0.0392,1271516.0,32446258.0,0,Made money,0,"Summit Medical Center  Llc (Casper, WY)",11,26,0.0166,0.0446
531301,South Big Horn Hospital,Basin,WY,Wyoming,Critical access hospital (small rural),Nonprofit,Rural,10.0,2023,-0.0947,-975764.0,10304241.0,3,3-4 years,3,"South Big Horn Hospital (Basin, WY)",22,26,0.0166,0.0446
531302,Memorial Hospital Of Converse County,Douglas,WY,Wyoming,Critical access hospital (small rural),Government,Rural,25.0,2023,0.0779,6817185.0,87504568.0,0,Made money,0,"Memorial Hospital Of Converse County (Douglas, WY)",6,26,0.0166,0.0446
531303,Weston County Health Services,Newcastle,WY,Wyoming,Critical access hospital (small rural),Government,Rural,12.0,2023,-0.1141,-2784662.0,24397101.0,2,2 years,2,"Weston County Health Services (Newcastle, WY)",23,26,0.0166,0.0446
531304,Hot Springs County Memorial,Thermopolis,WY,Wyoming,Critical access hospital (small rural),Nonprofit,Rural,15.0,2023,-0.0039,-151642.0,38452615.0,2,2 years,2,"Hot Springs County Memorial (Thermopolis, WY)",16,26,0.0166,0.0446
531305,Platte County Memorial Hospital,Wheatland,WY,Wyoming,Critical access hospital (small rural),Nonprofit,Rural,25.0,2023,-0.0872,-2272143.0,26052320.0,8,5+ years,4,"Platte County Memorial Hospital (Wheatland, WY)",21,26,0.0166,0.0446
531306,Washakie Medical Center,Worland,WY,Wyoming,Critical access hospital (small rural),Nonprofit,Rural,18.0,2023,0.1096,3685009.0,33622905.0,0,Made money,0,"Washakie Medical Center (Worland, WY)",4,26,0.0166,0.0446
531307,Community Hospital,Torrington,WY,Wyoming,Critical access hospital (small rural),Nonprofit,Rural,25.0,2023,-0.0026,-110936.0,42059295.0,3,3-4 years,3,"Community Hospital (Torrington, WY)",15,26,0.0166,0.0446
531308,Johnson County Healthcare,Buffalo,WY,Wyoming,Critical access hospital (small rural),Government,Rural,20.0,2023,-0.0425,-1344264.0,31636742.0,2,2 years,2,"Johnson County Healthcare (Buffalo, WY)",19,26,0.0166,0.0446
531309,North Big Horn Hospital,Lovell,WY,Wyoming,Critical access hospital (small rural),Government,Rural,14.0,2023,0.029,804424.0,27730071.0,0,Made money,0,"North Big Horn Hospital (Lovell, WY)",13,26,0.0166,0.0446
531310,Powell Valley Health Care,Powell,WY,Wyoming,Critical access hospital (small rural),Nonprofit,Rural,25.0,2023,-0.0361,-2769765.0,76636569.0,1,1 year,1,"Powell Valley Health Care (Powell, WY)",18,26,0.0166,0.0446
531311,Crook County Medical Services,Sundance,WY,Wyoming,Critical access hospital (small rural),Government,Rural,16.0,2023,-0.0256,-363558.0,14207971.0,1,1 year,1,"Crook County Medical Services (Sundance, WY)",17,26,0.0166,0.0446
531312,Cody Regional Health,Cody,WY,Wyoming,Critical access hospital (small rural),Nonprofit,Rural,25.0,2023,0.0945,13493783.0,142804300.0,0,Made money,0,"Cody Regional Health (Cody, WY)",5,26,0.0166,0.0446
531313,Star Valley Hospital,Afton,WY,Wyoming,Critical access hospital (small rural),Government,Rural,22.0,2023,0.0342,3407350.0,99599618.0,0,Made money,0,"Star Valley Hospital (Afton, WY)",12,26,0.0166,0.0446
531314,Niobrara Health And Life Center,Lusk,WY,Wyoming,Critical access hospital (small rural),Government,Rural,24.0,2023,0.2243,2895665.0,12909740.0,0,Made money,0,"Niobrara Health And Life Center (Lusk, WY)",2,26,0.0166,0.0446
531315,South Lincoln Hospital District,Kemmerer,WY,Wyoming,Critical access hospital (small rural),Government,Rural,14.0,2023,-0.115,-2536710.0,22049978.0,2,2 years,2,"South Lincoln Hospital District (Kemmerer, WY)",24,26,0.0166,0.0446
531316,Memorial Hospital Of Carbon County,Rawlins,WY,Wyoming,Critical access hospital (small rural),Government,Rural,25.0,2023,-0.1951,-6416484.0,32893894.0,3,3-4 years,3,"Memorial Hospital Of Carbon County (Rawlins, WY)",25,26,0.0166,0.0446
670004,St. Marks Medical Center,La Grange,TX,Texas,General hospital,Nonprofit,Rural,38.0,2021,0.0392,1284335.0,32803108.0,0,Made money,0,"St. Marks Medical Center (La Grange, TX)",2,5,0.0877,0.0446
670005,Memorial Hermann Kingwood,Kingwood,TX,Texas,General hospital,For-profit,Urban,10.0,2023,0.1858,6615267.0,35612027.0,0,Made money,0,"Memorial Hermann Kingwood (Kingwood, TX)",76,361,0.0877,0.0446
670006,The Hospital At Westlake Medical Ctr,Austin,TX,Texas,General hospital,For-profit,Urban,23.0,2023,-0.1482,-5428737.0,36626013.0,1,1 year,1,"The Hospital At Westlake Medical Ctr (Austin, TX)",334,361,0.0877,0.0446
670008,Webster Surgical Specialty Hospital,Webster,TX,Texas,General hospital,For-profit,Urban,20.0,2023,0.0277,2708928.0,97712714.0,0,Made money,0,"Webster Surgical Specialty Hospital (Webster, TX)",243,361,0.0877,0.0446
670010,Mayhill Hospital,Denton,TX,Texas,General hospital,For-profit,Urban,4.0,2023,-0.5407,-5542918.0,10251630.0,8,5+ years,4,"Mayhill Hospital (Denton, TX)",360,361,0.0877,0.0446
670023,Methodist Mansfield Medical Center,Mansfield,TX,Texas,General hospital,Nonprofit,Urban,294.0,2023,0.1537,56746848.0,369196745.0,0,Made money,0,"Methodist Mansfield Medical Center (Mansfield, TX)",96,361,0.0877,0.0446
670025,The Heart Hospital Baylor Plano,Plano,TX,Texas,General hospital,For-profit,Urban,109.0,2023,0.3283,188974038.0,575573012.0,0,Made money,0,"The Heart Hospital Baylor Plano (Plano, TX)",21,361,0.0877,0.0446
670031,St. Lukes Patients Medical Center,Pasadena,TX,Texas,General hospital,For-profit,Urban,46.0,2023,-0.0876,-6349647.0,72498120.0,2,2 years,2,"St. Lukes Patients Medical Center (Pasadena, TX)",315,361,0.0877,0.0446
670034,Round Rock Hospital,Round Rock,TX,Texas,General hospital,Nonprofit,Urban,164.0,2023,0.0559,40754937.0,729584717.0,0,Made money,0,"Round Rock Hospital (Round Rock, TX)",212,361,0.0877,0.0446
670041,Ascension Seton Williamson,Round Rock,TX,Texas,General hospital,Nonprofit,Urban,181.0,2023,0.1074,29222233.0,272176092.0,0,Made money,0,"Ascension Seton Williamson (Round Rock, TX)",153,361,0.0877,0.0446
670043,Cedar Park Regional Medical Center,Cedar Park,TX,Texas,General hospital,For-profit,Urban,112.0,2023,0.1358,24821795.0,182747486.0,0,Made money,0,"Cedar Park Regional Medical Center (Cedar Park, TX)",113,361,0.0877,0.0446
670044,Presbyterian Hospital Of Rockwall,Rockwall,TX,Texas,General hospital,For-profit,Urban,53.0,2023,0.1139,15213789.0,133547305.0,0,Made money,0,"Presbyterian Hospital Of Rockwall (Rockwall, TX)",144,361,0.0877,0.0446
670047,Hospitals Of Providence East Campus,El Paso,TX,Texas,General hospital,For-profit,Urban,218.0,2023,0.2806,104967529.0,374060589.0,0,Made money,0,"Hospitals Of Providence East Campus (El Paso, TX)",33,361,0.0877,0.0446
670049,North Central Surgical Hospital,Dallas,TX,Texas,General hospital,For-profit,Urban,24.0,2023,0.3214,47008760.0,146266908.0,0,Made money,0,"North Central Surgical Hospital (Dallas, TX)",23,361,0.0877,0.0446
670053,St. Lukes Sugar Land Hospital,Sugar Land,TX,Texas,General hospital,Nonprofit,Urban,100.0,2023,-0.0956,-9301386.0,97343720.0,3,3-4 years,3,"St. Lukes Sugar Land Hospital (Sugar Land, TX)",321,361,0.0877,0.0446
670054,Foundation Surgical Of San Antonio,San Antonio,TX,Texas,General hospital,For-profit,Urban,20.0,2023,-0.028,-988669.0,35287494.0,1,1 year,1,"Foundation Surgical Of San Antonio (San Antonio, TX)",283,361,0.0877,0.0446
670055,Methodist Stone Oak Hospital,San Antonio,TX,Texas,General hospital,For-profit,Urban,253.0,2023,0.2321,92191371.0,397210179.0,0,Made money,0,"Methodist Stone Oak Hospital (San Antonio, TX)",49,361,0.0877,0.0446
670056,Ascension Seton Hays,Kyle,TX,Texas,General hospital,Nonprofit,Urban,173.0,2023,0.1306,34920464.0,267470962.0,0,Made money,0,"Ascension Seton Hays (Kyle, TX)",120,361,0.0877,0.0446
670059,St. Lukes Lakeside Hospital,The Woodlands,TX,Texas,General hospital,For-profit,Urban,30.0,2023,0.1748,8625053.0,49343266.0,0,Made money,0,"St. Lukes Lakeside Hospital (The Woodlands, TX)",82,361,0.0877,0.0446
670060,Baylor Scott And White Mc At Sunnyva,Sunnyvale,TX,Texas,General hospital,For-profit,Urban,70.0,2023,0.0917,8766380.0,95593678.0,0,Made money,0,"Baylor Scott And White Mc At Sunnyva (Sunnyvale, TX)",176,361,0.0877,0.0446
670061,South Texas Surgical Hospital,Corpus Christi,TX,Texas,General hospital,For-profit,Urban,33.0,2022,-0.0926,-5382613.0,58131079.0,1,1 year,1,"South Texas Surgical Hospital (Corpus Christi, TX)",7,16,0.0877,0.0446
670062,Baylor Emergency Medical Center,Aubrey,TX,Texas,General hospital,For-profit,Urban,40.0,2023,0.1893,10538249.0,55658581.0,0,Made money,0,"Baylor Emergency Medical Center (Aubrey, TX)",75,361,0.0877,0.0446
670067,Baylor Orthopedic And Spine Hospital,Arlington,TX,Texas,General hospital,For-profit,Urban,24.0,2023,0.4253,59608837.0,140167121.0,0,Made money,0,"Baylor Orthopedic And Spine Hospital (Arlington, TX)",10,361,0.0877,0.0446
670068,Presbyterian Hosp Flower Mound,Flower Mound,TX,Texas,General hospital,For-profit,Urban,99.0,2023,0.257,60491147.0,235394565.0,0,Made money,0,"Presbyterian Hosp Flower Mound (Flower Mound, TX)",44,361,0.0877,0.0446
670069,Methodist Mckinney Hospital,Mckinney,TX,Texas,General hospital,For-profit,Urban,23.0,2023,0.071,5626484.0,79279306.0,0,Made money,0,"Methodist Mckinney Hospital (Mckinney, TX)",195,361,0.0877,0.0446
670071,Texas Health Heart & Vascular Hosp,Arlington,TX,Texas,General hospital,For-profit,Urban,47.0,2023,0.0847,5567177.0,65761324.0,0,Made money,0,"Texas Health Heart & Vascular Hosp (Arlington, TX)",183,361,0.0877,0.0446
670073,Methodist Hospital For Surgery,Addison,TX,Texas,General hospital,For-profit,Urban,32.0,2023,0.2007,35678877.0,177751059.0,0,Made money,0,"Methodist Hospital For Surgery (Addison, TX)",67,361,0.0877,0.0446
670075,St Lukes Hospital At The Vintage,Houston,TX,Texas,General hospital,Nonprofit,Urban,90.0,2023,-0.0378,-3998545.0,105785987.0,3,3-4 years,3,"St Lukes Hospital At The Vintage (Houston, TX)",295,361,0.0877,0.0446
670076,Heritage Park Surgical Hospital,Sherman,TX,Texas,General hospital,For-profit,Urban,12.0,2023,0.1285,6997661.0,54436853.0,0,Made money,0,"Heritage Park Surgical Hospital (Sherman, TX)",124,361,0.0877,0.0446
670077,Methodist West Houston Hospital,Houston,TX,Texas,General hospital,Nonprofit,Urban,270.0,2023,0.1359,79555775.0,585409223.0,0,Made money,0,"Methodist West Houston Hospital (Houston, TX)",112,361,0.0877,0.0446
670078,Baptist Emergency Hospital,San Antonio,TX,Texas,General hospital,For-profit,Urban,58.0,2023,0.3276,46061054.0,140589411.0,0,Made money,0,"Baptist Emergency Hospital (San Antonio, TX)",22,361,0.0877,0.0446
670080,Seton Medical Center Harker Heights,Harker Heights,TX,Texas,General hospital,For-profit,Urban,65.0,2023,-0.144,-14543578.0,101001768.0,2,2 years,2,"Seton Medical Center Harker Heights (Harker Heights, TX)",333,361,0.0877,0.0446
670082,Baylor S&W Medical Center - Mckinney,Mckinney,TX,Texas,General hospital,Nonprofit,Urban,192.0,2023,0.204,72376227.0,354744688.0,0,Made money,0,"Baylor S&W Medical Center - Mckinney (Mckinney, TX)",64,361,0.0877,0.0446
670085,Texas Health Alliance,Fort Worth,TX,Texas,General hospital,Nonprofit,Urban,151.0,2023,0.1946,40701059.0,209132658.0,0,Made money,0,"Texas Health Alliance (Fort Worth, TX)",72,361,0.0877,0.0446
670088,College Station Hospital,College Station,TX,Texas,General hospital,Nonprofit,Urban,142.0,2023,0.0594,28039463.0,471752598.0,0,Made money,0,"College Station Hospital (College Station, TX)",206,361,0.0877,0.0446
670090,Crescent Medical Center Lancaster,Lancaster,TX,Texas,General hospital,For-profit,Urban,84.0,2023,0.0908,4218511.0,46440733.0,0,Made money,0,"Crescent Medical Center Lancaster (Lancaster, TX)",177,361,0.0877,0.0446
670093,Aspire Hospital  Llc,Conroe,TX,Texas,General hospital,For-profit,Urban,,2023,-0.0036,-51382.0,14286026.0,1,1 year,1,"Aspire Hospital  Llc (Conroe, TX)",268,361,0.0877,0.0446
670098,Resolute Health,New Braunfels,TX,Texas,General hospital,For-profit,Urban,121.0,2023,0.1981,27176271.0,137150057.0,0,Made money,0,"Resolute Health (New Braunfels, TX)",69,361,0.0877,0.0446
670102,Ad Hospital East Llc,Houston,TX,Texas,General hospital,For-profit,Urban,160.0,2023,-0.055,-39183363.0,712921880.0,1,1 year,1,"Ad Hospital East Llc (Houston, TX)",306,361,0.0877,0.0446
670103,Medical City Alliance,Fort Worth,TX,Texas,General hospital,For-profit,Urban,113.0,2023,0.3324,64736640.0,194750020.0,0,Made money,0,"Medical City Alliance (Fort Worth, TX)",20,361,0.0877,0.0446
670106,Hca Houston Healthcare Pearland,Pearland,TX,Texas,General hospital,For-profit,Urban,48.0,2023,-0.0551,-5956456.0,108032473.0,9,5+ years,4,"Hca Houston Healthcare Pearland (Pearland, TX)",307,361,0.0877,0.0446
670107,Bemc Burleson,Burleson,TX,Texas,General hospital,For-profit,Urban,24.0,2023,0.1651,6237763.0,37778365.0,0,Made money,0,"Bemc Burleson (Burleson, TX)",91,361,0.0877,0.0446
670108,Baylor Scott & White - Marble Falls,Marble Falls,TX,Texas,General hospital,Nonprofit,Rural,46.0,2023,-0.0026,-444742.0,172919312.0,6,5+ years,4,"Baylor Scott & White - Marble Falls (Marble Falls, TX)",266,361,0.0877,0.0446
670109,Baytown Medical Center Op,Baytown,TX,Texas,General hospital,For-profit,Urban,14.0,2022,-0.285,-14575607.0,51136458.0,5,5+ years,4,"Baytown Medical Center Op (Baytown, TX)",10,16,0.0877,0.0446
670112,Cumberland Surgical Hospital,San Antonio,TX,Texas,General hospital,For-profit,Urban,25.0,2023,-0.2326,-14979379.0,64412301.0,2,2 years,2,"Cumberland Surgical Hospital (San Antonio, TX)",347,361,0.0877,0.0446
670115,Cleveland Emergency Hospital,Cleveland,TX,Texas,General hospital,For-profit,Urban,16.0,2023,0.0336,1980994.0,58944134.0,0,Made money,0,"Cleveland Emergency Hospital (Cleveland, TX)",233,361,0.0877,0.0446
670116,Wise Health System - Parkway,Fort Worth,TX,Texas,General hospital,Government,Urban,36.0,2023,-0.2529,-72010642.0,284704451.0,3,3-4 years,3,"Wise Health System - Parkway (Fort Worth, TX)",349,361,0.0877,0.0446
670120,Hospitals Of Prov Transmountain Camp,El Paso,TX,Texas,General hospital,For-profit,Urban,108.0,2023,0.0816,12726384.0,155897012.0,0,Made money,0,"Hospitals Of Prov Transmountain Camp (El Paso, TX)",186,361,0.0877,0.0446
670122,Houston Methodist The Woodlands,The Woodlands,TX,Texas,General hospital,Nonprofit,Urban,292.0,2023,0.159,99895282.0,628227241.0,0,Made money,0,"Houston Methodist The Woodlands (The Woodlands, TX)",94,361,0.0877,0.0446
670124,The Hospitals Of Prov Horizon City,Horizon City,TX,Texas,General hospital,For-profit,Urban,16.0,2023,0.3069,18307803.0,59659277.0,0,Made money,0,"The Hospitals Of Prov Horizon City (Horizon City, TX)",29,361,0.0877,0.0446
670125,Texas Center For Infectious Disease,San Antonio,TX,Texas,General hospital,Government,Urban,50.0,2022,-0.5485,-7856109.0,14322465.0,1,1 year,1,"Texas Center For Infectious Disease (San Antonio, TX)",15,16,0.0877,0.0446
670128,Baylor Scott & White Pflugerville,Pflugerville,TX,Texas,General hospital,Nonprofit,Urban,25.0,2023,0.14,6807171.0,48615738.0,0,Made money,0,"Baylor Scott & White Pflugerville (Pflugerville, TX)",110,361,0.0877,0.0446
670131,Baylor Scott & White - Buda,Buda,TX,Texas,General hospital,Nonprofit,Urban,15.0,2023,-0.0286,-897677.0,31351667.0,4,3-4 years,3,"Baylor Scott & White - Buda (Buda, TX)",284,361,0.0877,0.0446
670132,Methodist Southlake Medical Center,Southlake,TX,Texas,General hospital,For-profit,Urban,22.0,2023,-0.4501,-19606367.0,43555259.0,2,2 years,2,"Methodist Southlake Medical Center (Southlake, TX)",356,361,0.0877,0.0446
670134,Lumberton Hospital Llc,Lumberton,TX,Texas,General hospital,For-profit,Urban,4.0,2023,0.1455,3077696.0,21156962.0,0,Made money,0,"Lumberton Hospital Llc (Lumberton, TX)",103,361,0.0877,0.0446
670135,Altus Houston Hospital Lp,Houston,TX,Texas,General hospital,For-profit,Urban,10.0,2023,-0.3309,-3974899.0,12011839.0,3,3-4 years,3,"Altus Houston Hospital Lp (Houston, TX)",354,361,0.0877,0.0446
670136,Bsw Medical Center - Austin,Austin,TX,Texas,General hospital,Nonprofit,Urban,25.0,2023,-0.1093,-4047102.0,37017805.0,3,3-4 years,3,"Bsw Medical Center - Austin (Austin, TX)",326,361,0.0877,0.0446
670143,Ascension Seton Bastrop,Bastrop,TX,Texas,General hospital,Nonprofit,Urban,7.0,2023,0.2554,6745149.0,26413162.0,0,Made money,0,"Ascension Seton Bastrop (Bastrop, TX)",45,361,0.0877,0.0446
670259,Caprock Hospital,Bryan,TX,Texas,General hospital,For-profit,Urban,10.0,2023,-0.2614,-3129482.0,11971511.0,1,1 year,1,"Caprock Hospital (Bryan, TX)",351,361,0.0877,0.0446
670260,Texas Health Hospital Frisco,Frisco,TX,Texas,General hospital,For-profit,Urban,90.0,2023,0.122,21031826.0,172375286.0,0,Made money,0,"Texas Health Hospital Frisco (Frisco, TX)",136,361,0.0877,0.0446
670265,Legent Orthopedic Hospital Carrollto,Carrollton,TX,Texas,General hospital,For-profit,Urban,22.0,2023,-0.117,-4756798.0,40658493.0,2,2 years,2,"Legent Orthopedic Hospital Carrollto (Carrollton, TX)",327,361,0.0877,0.0446
670266,Townsen Memorial Hospital,Humble,TX,Texas,General hospital,For-profit,Urban,5.0,2023,0.1082,11222394.0,103739147.0,0,Made money,0,"Townsen Memorial Hospital (Humble, TX)",152,361,0.0877,0.0446
670267,The Woodlands Specialty Hospital,The Woodlands,TX,Texas,General hospital,For-profit,Urban,6.0,2023,0.1472,5084198.0,34544137.0,0,Made money,0,"The Woodlands Specialty Hospital (The Woodlands, TX)",100,361,0.0877,0.0446
670280,North Houston Surgical Hospital,Spring,TX,Texas,General hospital,For-profit,Urban,56.0,2022,0.0887,5651486.0,63681319.0,0,Made money,0,"North Houston Surgical Hospital (Spring, TX)",3,16,0.0877,0.0446
670285,Kingwood Emergency Hospital,Kingwood,TX,Texas,General hospital,Nonprofit,Urban,6.0,2023,0.241,4660531.0,19334945.0,0,Made money,0,"Kingwood Emergency Hospital (Kingwood, TX)",46,361,0.0877,0.0446
670300,Methodist Midlothian Medical Center,Midlothian,TX,Texas,General hospital,Nonprofit,Urban,46.0,2023,0.0183,1497052.0,81895041.0,0,Made money,0,"Methodist Midlothian Medical Center (Midlothian, TX)",251,361,0.0877,0.0446
670309,Texas Health Hospital Mansfield,Mansfield,TX,Texas,General hospital,Nonprofit,Urban,59.0,2023,-0.0453,-3381483.0,74582060.0,2,2 years,2,"Texas Health Hospital Mansfield (Mansfield, TX)",299,361,0.0877,0.0446
670310,Se Texas Er & Hospital,Humble,TX,Texas,General hospital,For-profit,,54.0,2021,0.011,125773.0,11413536.0,0,Made money,0,"Se Texas Er & Hospital (Humble, TX)",3,5,0.0877,0.0446
670314,St Michaels Medical Hospital Llc,Sugarland,TX,Texas,General hospital,For-profit,Urban,5.0,2023,0.1063,937081.0,8812263.0,0,Made money,0,"St Michaels Medical Hospital Llc (Sugarland, TX)",156,361,0.0877,0.0446
670319,Trinity Regional Hospital Sachse,Sachse,TX,Texas,General hospital,Nonprofit,Urban,32.0,2023,-0.5175,-33946974.0,65595452.0,1,1 year,1,"Trinity Regional Hospital Sachse (Sachse, TX)",359,361,0.0877,0.0446
670320,Excellence Emergency Hospital Llc,Houston,TX,Texas,General hospital,For-profit,Urban,4.0,2023,0.4801,18322360.0,38160924.0,0,Made money,0,"Excellence Emergency Hospital Llc (Houston, TX)",6,361,0.0877,0.0446
670322,Legent Surgical Hospital Plano,Plano,TX,Texas,General hospital,For-profit,Urban,7.0,2023,-0.0197,-491437.0,24991208.0,1,1 year,1,"Legent Surgical Hospital Plano (Plano, TX)",277,361,0.0877,0.0446
670779,Crosbyton Clinic Hospital,Crosbyton,TX,Texas,General hospital,Nonprofit,Urban,,2023,0.2124,1304444.0,6140674.0,0,Made money,0,"Crosbyton Clinic Hospital (Crosbyton, TX) #670779",57,361,0.0877,0.0446
670780,Falls Community Hospital And Clinic,Marlin,TX,Texas,General hospital,Nonprofit,Urban,,2023,-0.0944,-1030338.0,10917615.0,1,1 year,1,"Falls Community Hospital And Clinic (Marlin, TX) #670780",320,361,0.0877,0.0446
670781,Anson General Hospital,Anson,TX,Texas,General hospital,Government,Urban,,2023,-0.1067,-741172.0,6945180.0,1,1 year,1,"Anson General Hospital (Anson, TX) #670781",324,361,0.0877,0.0446
670783,St Lukes Health Memorial San August,San Augustine,TX,Texas,General hospital,Nonprofit,Rural,,2023,0.2241,2558537.0,11419241.0,0,Made money,0,"St Lukes Health Memorial San August (San Augustine, TX) #670783",52,361,0.0877,0.0446
671301,Hemphill County Hospital,Canadian,TX,Texas,Critical access hospital (small rural),Government,Rural,15.0,2023,0.1262,3059230.0,24240932.0,0,Made money,0,"Hemphill County Hospital (Canadian, TX) #671301",128,361,0.0877,0.0446
